,gender,seniorcitizen,partner,dependents,tenure,phoneservice,multiplelines,internetservice,onlinesecurity,onlinebackup,deviceprotection,techsupport,streamingtv,streamingmovies,contract,paperlessbilling,paymentmethod,monthlycharges,totalcharges,churn
0,female,0,no,no,1,yes,no,no,no_internet_service,no_internet_service,no_internet_service,no_internet_service,no_internet_service,no_internet_service,month_to_month,yes,mailed_check,19.5,19.5,0
1,male,0,no,yes,66,yes,no,no,no_internet_service,no_internet_service,no_internet_service,no_internet_service,no_internet_service,no_internet_service,two_year,no,mailed_check,20.55,1357.1,0
2,male,0,yes,yes,71,yes,yes,dsl,yes,yes,yes,yes,yes,yes,two_year,no,electronic_check,90.4,6668.05,0
3,female,0,yes,no,72,yes,yes,fiber_optic,yes,yes,yes,no,yes,no,two_year,no,bank_transfer_(automatic),100.65,7334.05,0
4,male,0,no,no,1,yes,no,dsl,no,no,no,no,no,no,month_to_month,yes,mailed_check,45.85,45.85,1
5,female,1,no,yes,1,yes,no,fiber_optic,no,no,no,no,no,no,month_to_month,yes,electronic_check,71.0,71.0,1
6,female,0,yes,yes,59,yes,yes,fiber_optic,no,yes,no,yes,no,yes,month_to_month,yes,bank_transfer_(automatic),96.65,5580.8,0
7,female,0,no,no,28,no,no_phone_service,dsl,no,no,yes,yes,no,no,month_to_month,yes,mailed_check,35.75,961.4,0
8,female,0,no,no,41,yes,no,dsl,no,no,no,yes,no,no,one_year,no,bank_transfer_(automatic),50.05,2029.05,0
9,female,0,no,no,7,yes,no,fiber_optic,no,no,yes,no,yes,yes,month_to_month,yes,electronic_check,95.35,660.9,1
10,male,0,yes,yes,23,yes,no,dsl,yes,no,no,yes,no,no,one_year,no,credit_card_(automatic),57.2,1423.35,0
11,male,0,yes,no,58,no,no_phone_service,dsl,no,no,no,no,yes,yes,one_year,yes,credit_card_(automatic),45.0,2689.35,0
12,female,0,no,no,51,yes,no,fiber_optic,no,no,no,no,yes,yes,one_year,no,credit_card_(automatic),87.55,4475.9,0
13,male,0,yes,yes,20,no,no_phone_service,dsl,yes,no,yes,yes,no,no,two_year,yes,credit_card_(automatic),39.4,825.4,0
14,female,1,yes,no,68,yes,yes,fiber_optic,yes,yes,no,no,no,yes,one_year,yes,credit_card_(automatic),96.55,6581.9,1
15,male,0,no,yes,27,yes,no,no,no_internet_service,no_internet_service,no_internet_service,no_internet_service,no_internet_service,no_internet_service,month_to_month,no,mailed_check,19.15,537.35,0
16,female,0,no,yes,26,yes,yes,dsl,no,no,no,no,no,no,month_to_month,yes,mailed_check,49.5,1265.65,0
17,female,0,yes,no,59,yes,no,fiber_optic,no,yes,no,yes,yes,yes,two_year,yes,mailed_check,100.05,6034.85,0
18,female,0,no,no,65,yes,no,dsl,yes,yes,no,yes,no,no,two_year,yes,mailed_check,59.6,3739.8,0
19,female,0,no,no,1,yes,no,fiber_optic,yes,yes,no,yes,no,no,month_to_month,yes,mailed_check,83.4,83.4,0
20,male,0,no,no,5,yes,no,dsl,no,no,no,yes,no,no,month_to_month,yes,electronic_check,49.2,216.9,1
21,female,0,yes,yes,14,yes,no,no,no_internet_service,no_internet_service,no_internet_service,no_internet_service,no_internet_service,no_internet_service,two_year,yes,mailed_check,19.7,263.65,0
22,male,0,no,no,14,yes,yes,fiber_optic,no,no,no,yes,yes,no,month_to_month,yes,electronic_check,89.95,1178.4,1
23,female,0,yes,no,60,yes,yes,fiber_optic,no,yes,yes,yes,yes,yes,two_year,yes,credit_card_(automatic),110.8,6640.7,0
24,male,0,yes,yes,21,yes,yes,dsl,yes,yes,no,yes,yes,no,one_year,no,mailed_check,77.5,1625.0,1
25,female,1,yes,no,70,yes,yes,fiber_optic,no,yes,no,yes,yes,yes,one_year,yes,bank_transfer_(automatic),105.55,7195.35,0
26,male,0,yes,no,66,no,no_phone_service,dsl,yes,yes,yes,yes,yes,no,two_year,yes,bank_transfer_(automatic),56.6,3789.2,0
27,female,0,no,no,8,yes,no,dsl,no,no,yes,yes,no,yes,month_to_month,no,mailed_check,64.1,504.05,0
28,female,1,no,no,30,yes,yes,fiber_optic,yes,yes,yes,no,no,no,month_to_month,no,credit_card_(automatic),91.7,2758.15,1
29,female,0,no,no,70,no,no_phone_service,dsl,yes,yes,yes,yes,no,no,two_year,yes,bank_transfer_(automatic),44.6,3058.15,0
30,female,0,yes,no,3,yes,yes,fiber_optic,no,no,no,no,no,no,month_to_month,yes,credit_card_(automatic),74.75,229.5,1
31,male,1,yes,no,72,no,no_phone_service,dsl,yes,yes,yes,yes,yes,yes,two_year,yes,bank_transfer_(automatic),63.1,4685.55,0
32,male,0,no,no,24,yes,yes,no,no_internet_service,no_internet_service,no_internet_service,no_internet_service,no_internet_service,no_internet_service,one_year,no,electronic_check,24.6,592.65,0
33,male,0,yes,no,1,yes,no,fiber_optic,no,no,no,no,no,no,month_to_month,no,electronic_check,70.0,70.0,1
34,male,0,yes,no,53,no,no_phone_service,dsl,no,yes,yes,yes,yes,yes,one_year,yes,electronic_check,60.45,3184.25,1
35,female,0,no,no,6,yes,yes,fiber_optic,no,yes,no,no,yes,no,month_to_month,yes,electronic_check,90.1,521.3,1
36,female,0,yes,yes,45,yes,yes,no,no_internet_service,no_internet_service,no_internet_service,no_internet_service,no_internet_service,no_internet_service,two_year,yes,credit_card_(automatic),24.65,1171.3,0
37,male,1,no,no,2,yes,no,dsl,yes,no,no,no,no,no,month_to_month,yes,electronic_check,49.25,91.1,1
38,female,0,no,no,2,yes,no,fiber_optic,no,no,no,no,yes,no,month_to_month,yes,mailed_check,79.65,152.7,1
39,female,0,yes,yes,61,no,no_phone_service,dsl,no,yes,yes,yes,yes,no,two_year,no,credit_card_(automatic),51.35,3244.4,0
40,female,0,yes,no,71,yes,yes,no,no_internet_service,no_internet_service,no_internet_service,no_internet_service,no_internet_service,no_internet_service,two_year,no,bank_transfer_(automatic),25.0,1753.0,0
41,male,0,yes,no,48,yes,yes,dsl,no,yes,yes,no,no,yes,one_year,yes,credit_card_(automatic),70.55,3420.5,0
42,female,0,yes,yes,72,yes,yes,no,no_internet_service,no_internet_service,no_internet_service,no_internet_service,no_internet_service,no_internet_service,two_year,no,mailed_check,24.9,1859.2,0
43,male,0,no,no,1,yes,no,fiber_optic,no,no,no,no,no,no,month_to_month,yes,electronic_check,69.9,69.9,1
44,female,0,no,no,70,yes,yes,no,no_internet_service,no_internet_service,no_internet_service,no_internet_service,no_internet_service,no_internet_service,one_year,no,credit_card_(automatic),26.05,1856.4,0
45,male,0,yes,no,72,yes,yes,no,no_internet_service,no_internet_service,no_internet_service,no_internet_service,no_internet_service,no_internet_service,two_year,no,credit_card_(automatic),24.8,1874.3,0
46,female,0,yes,yes,35,yes,no,no,no_internet_service,no_internet_service,no_internet_service,no_internet_service,no_internet_service,no_internet_service,two_year,no,credit_card_(automatic),19.7,730.4,0
47,male,0,yes,yes,20,yes,yes,fiber_optic,no,yes,no,yes,yes,no,month_to_month,no,mailed_check,96.8,1826.7,0
48,female,0,no,no,1,yes,no,no,no_internet_service,no_internet_service,no_internet_service,no_internet_service,no_internet_service,no_internet_service,month_to_month,no,electronic_check,18.85,18.85,0
49,female,0,yes,yes,49,yes,yes,fiber_optic,no,yes,no,no,yes,yes,one_year,no,mailed_check,100.45,4941.8,1
50,male,1,yes,no,61,yes,yes,dsl,no,yes,no,no,no,yes,one_year,no,bank_transfer_(automatic),64.05,3902.6,0
51,female,1,no,no,6,yes,yes,fiber_optic,no,yes,no,no,yes,yes,month_to_month,yes,electronic_check,98.25,560.6,1
52,female,0,yes,yes,45,yes,yes,dsl,yes,yes,yes,yes,yes,no,month_to_month,no,mailed_check,81.3,3541.1,0
53,female,0,yes,yes,48,yes,yes,fiber_optic,yes,yes,no,no,yes,yes,month_to_month,yes,credit_card_(automatic),105.25,4997.5,0
54,female,0,yes,no,68,yes,yes,dsl,yes,yes,yes,yes,no,no,two_year,no,credit_card_(automatic),70.9,4911.35,0
55,male,0,no,no,13,yes,no,fiber_optic,no,no,no,no,yes,yes,month_to_month,yes,electronic_check,91.1,1135.7,1
56,female,0,yes,yes,11,no,no_phone_service,dsl,yes,no,no,no,yes,yes,month_to_month,no,electronic_check,50.55,565.35,0
57,female,0,yes,no,11,yes,yes,fiber_optic,no,no,no,no,yes,yes,month_to_month,yes,electronic_check,94.0,1078.9,1
58,female,1,no,no,51,yes,no,no,no_internet_service,no_internet_service,no_internet_service,no_internet_service,no_internet_service,no_internet_service,two_year,no,credit_card_(automatic),19.6,967.9,0
59,female,0,no,no,18,yes,no,no,no_internet_service,no_internet_service,no_internet_service,no_internet_service,no_internet_service,no_internet_service,month_to_month,no,mailed_check,19.65,391.7,0
60,female,0,yes,yes,67,yes,no,fiber_optic,yes,yes,yes,no,no,no,one_year,no,bank_transfer_(automatic),84.8,5598.3,0
61,female,0,no,no,37,yes,no,fiber_optic,no,yes,yes,no,no,no,one_year,no,electronic_check,80.05,3019.1,0
62,female,0,no,no,50,yes,yes,fiber_optic,yes,yes,no,yes,yes,yes,two_year,yes,electronic_check,109.65,5551.15,1
63,male,1,yes,yes,64,yes,yes,fiber_optic,yes,no,yes,yes,yes,yes,two_year,yes,bank_transfer_(automatic),111.6,7099.0,0
64,female,0,no,no,14,yes,no,fiber_optic,no,yes,no,no,no,yes,month_to_month,yes,electronic_check,86.3,1180.95,1
65,male,0,yes,yes,67,yes,no,fiber_optic,no,yes,yes,yes,yes,yes,two_year,no,bank_transfer_(automatic),103.15,6895.5,0
66,female,0,yes,yes,13,yes,no,no,no_internet_service,no_internet_service,no_internet_service,no_internet_service,no_internet_service,no_internet_service,two_year,no,mailed_check,20.85,272.35,0
67,female,0,no,no,1,yes,no,fiber_optic,no,yes,no,no,no,no,month_to_month,no,electronic_check,75.8,75.8,1
68,male,0,yes,yes,46,yes,no,no,no_internet_service,no_internet_service,no_internet_service,no_internet_service,no_internet_service,no_internet_service,two_year,no,credit_card_(automatic),19.95,862.4,0
69,female,0,yes,yes,48,yes,no,dsl,yes,no,yes,yes,yes,no,one_year,no,bank_transfer_(automatic),69.7,3023.65,0
70,male,1,yes,yes,24,yes,yes,fiber_optic,yes,no,no,no,no,no,month_to_month,yes,electronic_check,79.85,1857.75,0
71,male,1,yes,no,59,no,no_phone_service,dsl,no,yes,no,no,yes,yes,month_to_month,yes,electronic_check,50.25,2997.45,0
72,female,0,no,no,23,yes,yes,dsl,yes,no,yes,no,yes,yes,one_year,yes,electronic_check,78.55,1843.05,0
73,male,0,yes,no,1,yes,no,fiber_optic,yes,no,no,no,yes,yes,month_to_month,yes,electronic_check,95.0,95.0,1
74,male,1,yes,no,46,yes,yes,fiber_optic,no,no,yes,no,yes,yes,month_to_month,yes,electronic_check,98.85,4564.9,0
75,female,0,yes,yes,59,yes,yes,dsl,yes,yes,yes,yes,yes,yes,two_year,no,credit_card_(automatic),90.3,5194.05,0
76,female,1,yes,no,34,yes,yes,fiber_optic,no,yes,yes,no,no,yes,month_to_month,yes,electronic_check,94.25,3217.55,1
77,female,0,no,no,2,yes,no,fiber_optic,yes,yes,no,yes,no,no,month_to_month,yes,electronic_check,86.25,181.65,1
78,female,1,no,no,27,yes,yes,fiber_optic,no,no,no,no,no,yes,month_to_month,yes,electronic_check,85.25,2287.25,1
79,female,0,no,yes,15,yes,no,fiber_optic,no,yes,no,no,no,yes,month_to_month,yes,bank_transfer_(automatic),85.9,1269.55,1
80,male,0,no,no,21,yes,no,no,no_internet_service,no_internet_service,no_internet_service,no_internet_service,no_internet_service,no_internet_service,month_to_month,yes,mailed_check,19.95,416.4,0
81,male,0,no,no,10,no,no_phone_service,dsl,no,no,no,no,no,yes,month_to_month,yes,mailed_check,33.9,298.45,1
82,male,0,no,no,3,yes,no,no,no_internet_service,no_internet_service,no_internet_service,no_internet_service,no_internet_service,no_internet_service,month_to_month,yes,credit_card_(automatic),20.75,67.1,0
83,male,0,yes,yes,72,yes,no,no,no_internet_service,no_internet_service,no_internet_service,no_internet_service,no_internet_service,no_internet_service,two_year,yes,credit_card_(automatic),19.8,1414.65,0
84,female,1,yes,no,17,yes,yes,fiber_optic,yes,no,yes,no,no,no,month_to_month,yes,bank_transfer_(automatic),85.35,1463.45,1
85,male,1,no,no,72,yes,yes,fiber_optic,yes,yes,yes,yes,yes,yes,two_year,no,bank_transfer_(automatic),113.8,7845.8,0
86,male,0,no,no,1,yes,no,no,no_internet_service,no_internet_service,no_internet_service,no_internet_service,no_internet_service,no_internet_service,month_to_month,no,bank_transfer_(automatic),19.65,19.65,0
87,male,1,no,no,8,yes,yes,fiber_optic,no,no,yes,no,yes,yes,month_to_month,yes,electronic_check,100.6,819.4,1
88,male,0,yes,yes,72,yes,no,dsl,no,yes,yes,no,yes,yes,two_year,yes,bank_transfer_(automatic),75.4,5480.25,0
89,female,1,no,no,49,yes,no,dsl,no,no,no,no,no,no,month_to_month,no,mailed_check,43.8,2106.05,0
90,female,0,no,no,10,yes,yes,fiber_optic,no,no,no,no,no,yes,month_to_month,no,electronic_check,86.45,830.85,1
91,female,0,yes,no,26,yes,no,no,no_internet_service,no_internet_service,no_internet_service,no_internet_service,no_internet_service,no_internet_service,one_year,no,mailed_check,19.2,459.6,0
92,male,1,no,no,68,yes,no,no,no_internet_service,no_internet_service,no_internet_service,no_internet_service,no_internet_service,no_internet_service,two_year,yes,credit_card_(automatic),20.0,1396.0,0
93,female,0,no,no,12,yes,no,dsl,no,yes,no,yes,no,no,month_to_month,yes,electronic_check,54.3,654.5,0
94,male,0,yes,yes,13,yes,no,no,no_internet_service,no_internet_service,no_internet_service,no_internet_service,no_internet_service,no_internet_service,month_to_month,yes,mailed_check,19.85,252.0,0
95,male,0,no,no,51,yes,no,fiber_optic,no,yes,yes,no,yes,yes,month_to_month,yes,electronic_check,99.0,5038.15,0
96,male,0,no,no,4,yes,no,no,no_internet_service,no_internet_service,no_internet_service,no_internet_service,no_internet_service,no_internet_service,one_year,no,mailed_check,19.95,68.2,0
97,male,0,no,no,9,yes,no,dsl,yes,no,yes,yes,no,yes,month_to_month,yes,bank_transfer_(automatic),68.25,576.95,0
98,female,0,no,no,1,yes,no,dsl,no,no,no,yes,no,no,month_to_month,yes,electronic_check,49.9,49.9,0
99,male,0,yes,yes,56,yes,yes,no,no_internet_service,no_internet_service,no_internet_service,no_internet_service,no_internet_service,no_internet_service,two_year,no,bank_transfer_(automatic),24.15,1402.25,0
100,male,0,no,yes,1,yes,no,dsl,no,no,no,no,no,no,month_to_month,no,electronic_check,44.0,44.0,0
101,male,0,no,no,1,yes,no,no,no_internet_service,no_internet_service,no_internet_service,no_internet_service,no_internet_service,no_internet_service,month_to_month,no,mailed_check,20.0,20.0,1
102,male,0,no,no,18,yes,yes,fiber_optic,no,no,no,no,no,no,month_to_month,no,mailed_check,74.15,1387.0,0
103,male,0,no,no,1,yes,no,dsl,yes,no,no,no,no,no,month_to_month,yes,credit_card_(automatic),49.8,49.8,0
104,male,0,no,no,22,yes,yes,fiber_optic,no,no,no,no,no,yes,month_to_month,no,electronic_check,83.05,1799.3,0
105,female,0,yes,no,1,no,no_phone_service,dsl,no,no,no,no,no,yes,month_to_month,no,electronic_check,35.0,35.0,0
106,male,0,no,no,2,yes,no,dsl,yes,no,no,no,no,no,month_to_month,yes,electronic_check,47.8,92.45,1
107,female,0,yes,yes,53,yes,no,no,no_internet_service,no_internet_service,no_internet_service,no_internet_service,no_internet_service,no_internet_service,two_year,no,mailed_check,20.9,1146.05,0
108,male,0,yes,yes,32,yes,yes,fiber_optic,yes,no,no,no,yes,yes,month_to_month,yes,credit_card_(automatic),99.55,3204.65,1
109,male,0,no,no,1,yes,no,dsl,yes,no,no,no,no,no,month_to_month,no,mailed_check,51.25,51.25,0
110,female,1,yes,no,70,yes,no,no,no_internet_service,no_internet_service,no_internet_service,no_internet_service,no_internet_service,no_internet_service,two_year,yes,credit_card_(automatic),19.55,1462.05,0
111,male,1,no,no,16,yes,no,fiber_optic,no,no,no,no,no,no,month_to_month,no,electronic_check,69.65,1043.3,0
112,male,0,no,no,1,yes,no,no,no_internet_service,no_internet_service,no_internet_service,no_internet_service,no_internet_service,no_internet_service,month_to_month,no,mailed_check,20.15,20.15,1
113,female,0,yes,no,20,yes,no,no,no_internet_service,no_internet_service,no_internet_service,no_internet_service,no_internet_service,no_internet_service,month_to_month,no,bank_transfer_(automatic),19.25,375.25,0
114,male,0,no,no,71,yes,yes,dsl,yes,yes,yes,yes,no,yes,two_year,no,bank_transfer_(automatic),80.6,5708.2,0
115,male,0,no,no,1,yes,yes,dsl,no,yes,no,no,no,no,month_to_month,no,electronic_check,54.3,54.3,0
116,male,0,yes,yes,72,yes,yes,fiber_optic,no,yes,yes,yes,no,no,two_year,no,bank_transfer_(automatic),90.45,6565.85,0
117,male,0,no,no,1,yes,yes,fiber_optic,no,no,no,no,yes,yes,month_to_month,yes,electronic_check,95.45,95.45,1
118,female,0,no,no,8,yes,no,dsl,yes,yes,no,yes,no,no,one_year,no,bank_transfer_(automatic),58.2,469.25,0
119,female,0,no,no,14,yes,no,fiber_optic,no,no,no,no,no,no,month_to_month,yes,credit_card_(automatic),71.0,914.0,1
120,female,0,no,no,1,yes,no,dsl,no,no,no,no,no,no,month_to_month,yes,mailed_check,45.4,45.4,0
121,male,0,yes,no,50,yes,yes,fiber_optic,no,no,no,yes,yes,yes,one_year,no,electronic_check,99.4,5059.75,0
122,female,1,no,no,30,no,no_phone_service,dsl,no,no,yes,no,yes,no,month_to_month,yes,electronic_check,40.3,1172.95,1
123,female,0,yes,yes,6,yes,no,dsl,no,no,no,yes,no,no,month_to_month,yes,mailed_check,48.8,297.35,0
124,female,1,yes,yes,23,yes,no,fiber_optic,no,yes,yes,no,no,yes,month_to_month,yes,bank_transfer_(automatic),88.45,2130.55,0
125,male,0,no,no,16,yes,yes,fiber_optic,no,no,no,yes,no,yes,month_to_month,yes,credit_card_(automatic),89.05,1448.6,1
126,male,0,no,no,1,yes,no,no,no_internet_service,no_internet_service,no_internet_service,no_internet_service,no_internet_service,no_internet_service,month_to_month,yes,mailed_check,20.45,20.45,0
127,male,0,yes,yes,69,yes,no,dsl,yes,yes,no,yes,yes,yes,two_year,no,bank_transfer_(automatic),80.65,5542.55,0
128,male,1,yes,no,18,yes,no,dsl,yes,no,no,no,no,yes,month_to_month,yes,credit_card_(automatic),59.1,1011.05,0
129,female,0,no,no,60,yes,yes,fiber_optic,no,yes,yes,no,yes,yes,month_to_month,yes,electronic_check,105.9,6396.45,1
130,male,1,no,no,52,no,no_phone_service,dsl,yes,no,no,no,yes,yes,month_to_month,yes,credit_card_(automatic),48.8,2555.05,0
131,male,0,no,yes,6,yes,no,fiber_optic,no,no,yes,no,yes,yes,month_to_month,no,mailed_check,94.5,575.45,1
132,male,0,no,yes,9,yes,no,no,no_internet_service,no_internet_service,no_internet_service,no_internet_service,no_internet_service,no_internet_service,one_year,no,mailed_check,20.1,190.25,0
133,female,0,no,no,35,yes,yes,no,no_internet_service,no_internet_service,no_internet_service,no_internet_service,no_internet_service,no_internet_service,two_year,no,bank_transfer_(automatic),23.3,797.1,0
134,female,0,no,no,40,yes,no,no,no_internet_service,no_internet_service,no_internet_service,no_internet_service,no_internet_service,no_internet_service,two_year,no,mailed_check,20.15,804.85,0
135,female,0,yes,no,72,yes,yes,dsl,yes,no,yes,yes,yes,yes,two_year,yes,bank_transfer_(automatic),84.9,6065.3,0
136,male,1,yes,no,20,yes,yes,fiber_optic,no,yes,no,yes,yes,yes,month_to_month,no,electronic_check,107.05,2172.05,0
137,female,0,no,no,11,yes,no,dsl,yes,no,no,no,no,no,month_to_month,no,credit_card_(automatic),48.55,501.0,1
138,male,0,no,no,13,yes,no,no,no_internet_service,no_internet_service,no_internet_service,no_internet_service,no_internet_service,no_internet_service,two_year,no,mailed_check,19.75,265.75,0
139,male,1,yes,no,32,yes,no,fiber_optic,no,no,no,no,no,yes,month_to_month,yes,credit_card_(automatic),80.3,2483.05,1
140,female,0,yes,no,21,yes,yes,fiber_optic,yes,no,yes,no,yes,yes,month_to_month,yes,electronic_check,103.9,2254.2,1
141,female,0,yes,no,12,no,no_phone_service,dsl,no,no,yes,no,yes,yes,month_to_month,yes,bank_transfer_(automatic),49.85,617.15,0
142,male,0,yes,yes,38,yes,no,dsl,yes,no,yes,yes,yes,yes,two_year,no,credit_card_(automatic),81.0,3084.9,0
143,female,0,yes,yes,12,yes,yes,fiber_optic,no,yes,yes,no,no,no,month_to_month,yes,electronic_check,84.5,916.9,1
144,male,0,no,yes,30,yes,yes,no,no_internet_service,no_internet_service,no_internet_service,no_internet_service,no_internet_service,no_internet_service,one_year,no,bank_transfer_(automatic),25.35,723.3,0
145,female,0,yes,yes,72,yes,yes,dsl,no,yes,no,yes,yes,yes,two_year,yes,electronic_check,78.95,5730.15,0
146,female,0,yes,no,2,yes,no,fiber_optic,no,no,no,no,no,no,month_to_month,yes,electronic_check,70.7,141.45,1
147,male,0,no,no,43,yes,no,dsl,no,yes,no,no,no,yes,two_year,yes,electronic_check,60.0,2548.55,0
148,male,0,yes,yes,50,yes,yes,fiber_optic,yes,no,yes,no,yes,yes,month_to_month,no,credit_card_(automatic),105.95,5341.8,1
149,male,0,no,no,44,yes,no,fiber_optic,no,yes,no,yes,yes,yes,month_to_month,no,electronic_check,100.55,4398.15,1
150,male,0,yes,yes,42,yes,yes,fiber_optic,yes,no,no,no,yes,yes,one_year,no,electronic_check,97.1,4016.75,0
151,female,0,no,no,32,yes,yes,dsl,yes,no,no,no,yes,yes,one_year,no,mailed_check,74.75,2282.95,0
152,female,0,no,yes,28,yes,no,no,no_internet_service,no_internet_service,no_internet_service,no_internet_service,no_internet_service,no_internet_service,month_to_month,no,mailed_check,20.25,535.35,0
153,female,0,no,no,72,yes,no,fiber_optic,yes,yes,yes,yes,yes,yes,two_year,yes,electronic_check,109.9,7624.2,0
154,female,0,no,no,15,yes,yes,fiber_optic,no,yes,no,no,yes,yes,month_to_month,yes,electronic_check,100.15,1415.0,0
155,female,0,no,no,24,yes,no,dsl,yes,no,no,yes,no,no,month_to_month,no,credit_card_(automatic),56.35,1381.2,0
156,male,0,yes,yes,60,yes,yes,fiber_optic,yes,no,yes,yes,yes,yes,two_year,yes,electronic_check,110.6,6586.85,0
157,female,0,no,no,1,yes,no,dsl,no,no,no,no,no,no,month_to_month,yes,mailed_check,45.4,45.4,1
158,male,0,yes,no,61,yes,no,dsl,yes,yes,no,yes,yes,yes,two_year,yes,mailed_check,81.05,4747.65,0
159,female,0,no,no,8,yes,no,no,no_internet_service,no_internet_service,no_internet_service,no_internet_service,no_internet_service,no_internet_service,month_to_month,yes,mailed_check,20.7,137.6,0
160,male,1,yes,no,18,yes,no,fiber_optic,no,no,no,no,no,yes,month_to_month,no,electronic_check,78.55,1422.65,1
161,male,0,yes,yes,71,yes,yes,fiber_optic,yes,yes,yes,yes,yes,yes,two_year,yes,bank_transfer_(automatic),114.0,8175.9,0
162,female,0,yes,yes,70,yes,yes,dsl,yes,no,no,no,no,yes,one_year,no,bank_transfer_(automatic),65.2,4543.15,0
163,female,0,yes,no,70,yes,yes,dsl,yes,no,yes,yes,no,no,two_year,no,credit_card_(automatic),65.3,4759.75,1
164,male,0,yes,yes,72,yes,yes,fiber_optic,yes,yes,yes,yes,no,yes,two_year,yes,credit_card_(automatic),104.9,7732.65,0
165,male,0,no,no,31,yes,yes,fiber_optic,no,yes,no,no,no,no,month_to_month,yes,electronic_check,81.15,2640.55,0
166,female,0,no,no,12,yes,no,fiber_optic,yes,no,no,no,yes,no,one_year,yes,credit_card_(automatic),85.15,979.05,0
167,male,0,no,no,35,yes,yes,no,no_internet_service,no_internet_service,no_internet_service,no_internet_service,no_internet_service,no_internet_service,one_year,no,bank_transfer_(automatic),26.2,954.9,0
168,female,0,no,no,1,yes,yes,fiber_optic,no,no,no,no,no,no,month_to_month,yes,electronic_check,77.15,77.15,1
169,female,0,no,no,36,yes,yes,fiber_optic,no,yes,yes,no,yes,yes,one_year,yes,bank_transfer_(automatic),104.8,3886.45,0
170,female,0,yes,yes,30,yes,yes,fiber_optic,no,no,yes,no,yes,yes,month_to_month,yes,electronic_check,100.05,3046.15,1
171,male,0,no,no,63,yes,yes,fiber_optic,no,yes,no,yes,yes,yes,month_to_month,no,electronic_check,105.4,6713.2,0
172,female,0,yes,no,71,yes,yes,fiber_optic,yes,yes,no,no,yes,no,one_year,no,mailed_check,95.65,6856.95,0
173,female,0,yes,no,7,yes,no,fiber_optic,no,no,yes,no,no,no,month_to_month,yes,bank_transfer_(automatic),75.15,496.9,1
174,male,0,yes,yes,60,yes,no,no,no_internet_service,no_internet_service,no_internet_service,no_internet_service,no_internet_service,no_internet_service,two_year,yes,bank_transfer_(automatic),20.95,1270.55,0
175,male,0,yes,no,4,no,no_phone_service,dsl,no,yes,no,no,yes,yes,month_to_month,yes,electronic_check,48.55,201.0,1
176,female,0,yes,yes,65,yes,yes,no,no_internet_service,no_internet_service,no_internet_service,no_internet_service,no_internet_service,no_internet_service,two_year,no,credit_card_(automatic),26.0,1654.85,0
177,male,0,no,no,54,yes,no,no,no_internet_service,no_internet_service,no_internet_service,no_internet_service,no_internet_service,no_internet_service,two_year,no,credit_card_(automatic),19.65,1008.7,0
178,male,0,yes,yes,24,yes,yes,no,no_internet_service,no_internet_service,no_internet_service,no_internet_service,no_internet_service,no_internet_service,two_year,yes,bank_transfer_(automatic),24.1,587.4,0
179,male,0,yes,yes,35,yes,no,fiber_optic,no,yes,no,yes,yes,no,one_year,yes,electronic_check,89.7,3165.6,0
180,male,1,no,no,12,no,no_phone_service,dsl,no,yes,no,no,no,no,month_to_month,yes,credit_card_(automatic),29.35,381.2,0
181,male,0,yes,yes,71,yes,no,dsl,yes,yes,yes,yes,yes,yes,two_year,no,bank_transfer_(automatic),85.45,6029.9,0
182,male,0,no,no,19,yes,yes,fiber_optic,no,yes,no,no,yes,yes,month_to_month,yes,electronic_check,99.95,1931.75,1
183,female,0,no,no,2,yes,no,fiber_optic,no,no,yes,no,no,no,month_to_month,yes,electronic_check,75.8,160.75,1
184,female,0,yes,yes,19,yes,no,no,no_internet_service,no_internet_service,no_internet_service,no_internet_service,no_internet_service,no_internet_service,two_year,no,mailed_check,20.15,387.7,0
185,male,1,no,no,16,yes,yes,fiber_optic,no,no,no,no,yes,no,month_to_month,yes,electronic_check,86.6,1281.0,1
186,female,0,no,no,12,yes,yes,fiber_optic,no,no,no,no,no,yes,month_to_month,yes,electronic_check,86.55,1066.9,0
187,female,0,yes,yes,36,yes,yes,fiber_optic,yes,no,yes,no,yes,yes,month_to_month,yes,credit_card_(automatic),104.5,3684.95,0
188,male,1,yes,no,10,yes,yes,fiber_optic,no,no,no,no,no,yes,month_to_month,yes,electronic_check,86.65,856.65,1
189,male,0,no,no,4,yes,no,no,no_internet_service,no_internet_service,no_internet_service,no_internet_service,no_internet_service,no_internet_service,month_to_month,no,mailed_check,19.75,78.3,0
190,female,0,yes,no,57,yes,yes,fiber_optic,no,yes,yes,yes,yes,yes,one_year,yes,bank_transfer_(automatic),109.4,6252.7,0
191,male,0,no,no,35,yes,yes,dsl,yes,no,no,no,no,no,two_year,no,mailed_check,55.25,1924.1,0
192,female,0,no,no,9,yes,no,no,no_internet_service,no_internet_service,no_internet_service,no_internet_service,no_internet_service,no_internet_service,month_to_month,no,bank_transfer_(automatic),19.5,150.35,0
193,male,0,no,no,19,yes,no,dsl,no,no,no,yes,yes,no,month_to_month,yes,credit_card_(automatic),61.55,1093.2,0
194,male,0,yes,no,72,yes,no,dsl,yes,yes,no,yes,yes,yes,two_year,yes,bank_transfer_(automatic),79.35,5753.25,0
195,male,0,no,no,18,yes,yes,fiber_optic,no,no,no,no,no,no,month_to_month,yes,bank_transfer_(automatic),75.6,1395.05,0
196,male,0,no,no,16,yes,no,no,no_internet_service,no_internet_service,no_internet_service,no_internet_service,no_internet_service,no_internet_service,two_year,no,mailed_check,19.75,284.35,0
197,male,1,no,no,8,no,no_phone_service,dsl,no,no,yes,no,no,no,month_to_month,yes,electronic_check,29.4,221.9,1
198,male,0,yes,yes,4,yes,no,no,no_internet_service,no_internet_service,no_internet_service,no_internet_service,no_internet_service,no_internet_service,month_to_month,yes,mailed_check,20.5,77.6,0
199,female,0,yes,no,72,no,no_phone_service,dsl,yes,yes,yes,yes,yes,yes,two_year,no,bank_transfer_(automatic),65.5,4919.7,0
200,male,0,yes,yes,16,yes,no,no,no_internet_service,no_internet_service,no_internet_service,no_internet_service,no_internet_service,no_internet_service,month_to_month,no,electronic_check,20.15,341.35,0
201,female,0,no,yes,1,yes,no,dsl,no,no,yes,no,no,yes,month_to_month,no,electronic_check,59.2,59.2,1
202,female,0,no,no,30,yes,no,fiber_optic,no,no,no,yes,yes,yes,one_year,yes,bank_transfer_(automatic),94.4,2638.1,0
203,male,0,no,no,10,yes,no,dsl,yes,no,no,yes,yes,no,month_to_month,no,bank_transfer_(automatic),62.25,612.95,0
204,male,0,no,yes,66,yes,no,no,no_internet_service,no_internet_service,no_internet_service,no_internet_service,no_internet_service,no_internet_service,two_year,no,credit_card_(automatic),19.95,1269.1,0
205,male,0,yes,no,22,yes,no,fiber_optic,no,no,yes,no,yes,yes,month_to_month,yes,credit_card_(automatic),94.7,1914.9,1
206,female,0,yes,yes,1,yes,no,no,no_internet_service,no_internet_service,no_internet_service,no_internet_service,no_internet_service,no_internet_service,month_to_month,yes,mailed_check,19.0,19.0,0
207,male,0,no,no,52,no,no_phone_service,dsl,yes,yes,yes,yes,yes,yes,two_year,no,credit_card_(automatic),63.9,3334.95,0
208,female,0,yes,yes,64,yes,no,dsl,yes,no,no,yes,yes,no,one_year,no,mailed_check,65.8,4068.0,0
209,female,0,yes,no,72,yes,yes,fiber_optic,yes,yes,yes,yes,yes,yes,two_year,yes,credit_card_(automatic),113.65,8124.2,0
210,male,1,yes,no,72,yes,yes,dsl,no,yes,yes,yes,yes,no,two_year,no,credit_card_(automatic),77.35,5396.25,0
211,female,0,yes,no,71,yes,yes,no,no_internet_service,no_internet_service,no_internet_service,no_internet_service,no_internet_service,no_internet_service,two_year,no,bank_transfer_(automatic),24.75,1836.9,0
212,male,0,yes,yes,70,yes,yes,fiber_optic,yes,yes,no,no,yes,no,month_to_month,yes,credit_card_(automatic),97.55,6669.05,0
213,female,0,yes,no,26,no,no_phone_service,dsl,yes,no,yes,no,no,no,one_year,no,credit_card_(automatic),35.4,978.6,0
214,female,0,yes,no,68,yes,yes,dsl,yes,yes,yes,yes,yes,yes,two_year,yes,electronic_check,91.7,6424.7,0
215,female,0,yes,yes,66,yes,yes,dsl,yes,yes,yes,no,no,no,month_to_month,yes,bank_transfer_(automatic),67.45,4508.65,0
216,female,0,no,no,3,yes,yes,fiber_optic,no,no,no,no,no,no,month_to_month,yes,electronic_check,74.95,212.4,0
217,female,0,no,no,10,yes,no,dsl,no,no,no,yes,no,yes,month_to_month,yes,mailed_check,60.95,629.55,0
218,male,0,no,no,10,yes,no,no,no_internet_service,no_internet_service,no_internet_service,no_internet_service,no_internet_service,no_internet_service,month_to_month,no,credit_card_(automatic),19.75,208.25,0
219,female,0,yes,yes,45,yes,no,dsl,yes,no,yes,yes,yes,yes,two_year,yes,mailed_check,81.0,3533.6,0
220,male,0,yes,yes,6,yes,no,fiber_optic,no,no,no,no,no,no,month_to_month,yes,electronic_check,69.8,377.85,0
221,female,1,no,no,11,yes,yes,fiber_optic,no,no,no,no,yes,yes,month_to_month,yes,bank_transfer_(automatic),95.15,997.65,1
222,female,0,no,no,1,yes,no,fiber_optic,no,yes,no,no,no,no,month_to_month,yes,electronic_check,74.7,74.7,1
223,male,0,no,no,26,yes,no,dsl,no,no,no,yes,no,no,month_to_month,no,bank_transfer_(automatic),49.15,1237.3,0
224,male,0,no,yes,36,yes,no,fiber_optic,no,yes,no,no,yes,yes,month_to_month,yes,electronic_check,94.7,3512.5,0
225,female,0,no,no,11,yes,no,no,no_internet_service,no_internet_service,no_internet_service,no_internet_service,no_internet_service,no_internet_service,one_year,no,mailed_check,20.0,211.95,0
226,male,0,yes,yes,36,yes,no,dsl,yes,no,yes,no,no,yes,one_year,yes,credit_card_(automatic),63.7,2188.5,0
227,female,0,no,no,7,yes,no,dsl,no,no,no,yes,yes,no,month_to_month,yes,mailed_check,59.5,415.95,1
228,female,0,no,no,6,no,no_phone_service,dsl,no,no,no,no,yes,yes,month_to_month,no,credit_card_(automatic),45.0,298.7,0
229,female,0,no,no,61,yes,yes,dsl,yes,no,yes,yes,yes,yes,two_year,no,credit_card_(automatic),86.45,5175.3,0
230,female,0,yes,no,30,yes,no,dsl,no,yes,yes,yes,no,yes,one_year,no,bank_transfer_(automatic),70.25,2198.9,0
231,male,0,no,no,54,yes,no,dsl,yes,yes,no,yes,yes,no,month_to_month,yes,mailed_check,69.9,3883.3,0
232,male,0,no,no,5,yes,no,dsl,no,no,yes,no,yes,yes,month_to_month,yes,electronic_check,70.05,346.4,1
233,male,0,yes,no,66,yes,yes,fiber_optic,yes,no,yes,no,yes,yes,two_year,yes,credit_card_(automatic),106.05,6981.35,1
234,female,0,no,yes,14,yes,no,dsl,no,no,yes,no,yes,no,month_to_month,yes,credit_card_(automatic),59.8,824.85,0
235,male,0,no,no,3,yes,yes,dsl,no,no,no,no,no,no,month_to_month,no,bank_transfer_(automatic),50.4,137.25,0
236,male,0,no,no,17,yes,yes,fiber_optic,no,no,yes,yes,no,yes,month_to_month,yes,bank_transfer_(automatic),95.65,1640.0,0
237,male,0,no,no,4,yes,no,dsl,no,no,yes,yes,yes,yes,month_to_month,yes,electronic_check,74.4,299.7,1
238,female,0,yes,no,38,yes,no,no,no_internet_service,no_internet_service,no_internet_service,no_internet_service,no_internet_service,no_internet_service,one_year,yes,credit_card_(automatic),20.25,814.75,0
239,male,0,yes,no,5,yes,no,fiber_optic,no,no,yes,no,yes,yes,month_to_month,yes,electronic_check,94.45,498.1,1
240,female,0,yes,no,26,yes,yes,fiber_optic,no,yes,no,no,no,no,month_to_month,no,bank_transfer_(automatic),79.3,2015.8,0
241,female,0,yes,yes,1,yes,no,no,no_internet_service,no_internet_service,no_internet_service,no_internet_service,no_internet_service,no_internet_service,month_to_month,yes,credit_card_(automatic),20.15,20.15,1
242,male,0,no,no,56,yes,no,dsl,no,yes,yes,yes,yes,yes,two_year,yes,credit_card_(automatic),81.8,4534.45,0
243,male,0,no,no,17,yes,no,dsl,yes,yes,no,no,no,no,month_to_month,yes,credit_card_(automatic),55.5,934.15,0
244,male,0,no,no,4,yes,yes,fiber_optic,no,no,no,no,no,no,month_to_month,yes,bank_transfer_(automatic),72.2,305.55,1
245,female,0,no,no,3,yes,no,fiber_optic,yes,yes,no,no,no,no,month_to_month,yes,electronic_check,79.1,246.5,1
246,male,0,no,no,1,yes,yes,fiber_optic,no,no,no,no,no,no,month_to_month,yes,electronic_check,74.95,74.95,1
247,male,0,no,no,52,yes,no,dsl,yes,no,yes,no,no,no,one_year,no,electronic_check,53.75,2790.65,0
248,female,0,yes,yes,28,yes,no,fiber_optic,no,no,no,no,no,yes,month_to_month,yes,electronic_check,81.05,2227.1,1
249,female,0,no,no,1,yes,no,no,no_internet_service,no_internet_service,no_internet_service,no_internet_service,no_internet_service,no_internet_service,month_to_month,no,mailed_check,20.9,20.9,1
250,female,0,yes,no,1,yes,no,no,no_internet_service,no_internet_service,no_internet_service,no_internet_service,no_internet_service,no_internet_service,month_to_month,yes,mailed_check,20.65,20.65,0
251,female,0,no,no,1,yes,yes,fiber_optic,no,yes,no,no,no,no,month_to_month,yes,mailed_check,79.15,79.15,0
252,male,0,no,no,9,yes,no,fiber_optic,no,no,no,no,no,yes,month_to_month,yes,electronic_check,80.8,713.1,1
253,female,0,no,no,2,yes,no,no,no_internet_service,no_internet_service,no_internet_service,no_internet_service,no_internet_service,no_internet_service,month_to_month,yes,mailed_check,20.05,39.25,0
254,female,0,yes,no,40,yes,yes,fiber_optic,yes,no,yes,no,yes,yes,one_year,no,bank_transfer_(automatic),105.75,4228.55,0
255,male,0,yes,no,72,yes,yes,fiber_optic,yes,yes,yes,no,no,yes,two_year,yes,electronic_check,99.15,7422.1,0
256,male,1,no,no,13,yes,no,fiber_optic,no,no,no,no,yes,yes,month_to_month,yes,electronic_check,90.5,1201.15,1
257,female,0,no,no,10,yes,no,dsl,no,yes,no,yes,no,yes,one_year,no,mailed_check,64.9,685.55,0
258,male,0,yes,no,56,yes,yes,fiber_optic,no,yes,no,yes,yes,yes,one_year,yes,electronic_check,107.25,6033.3,0
259,male,0,yes,no,17,no,no_phone_service,dsl,no,no,yes,yes,yes,yes,one_year,no,electronic_check,54.6,934.8,0
260,male,0,no,yes,22,yes,no,no,no_internet_service,no_internet_service,no_internet_service,no_internet_service,no_internet_service,no_internet_service,month_to_month,no,credit_card_(automatic),20.15,432.5,0
261,female,1,no,no,10,no,no_phone_service,dsl,no,no,no,no,no,yes,month_to_month,yes,electronic_check,34.7,329.8,1
262,female,0,no,no,1,yes,no,dsl,no,no,no,no,no,no,month_to_month,no,electronic_check,43.8,43.8,0
263,female,0,no,no,13,yes,no,fiber_optic,no,no,no,no,no,yes,month_to_month,yes,electronic_check,80.5,1011.8,0
264,male,0,yes,yes,63,yes,yes,no,no_internet_service,no_internet_service,no_internet_service,no_internet_service,no_internet_service,no_internet_service,two_year,no,credit_card_(automatic),24.65,1574.5,0
265,male,0,no,no,1,no,no_phone_service,dsl,no,no,no,yes,no,no,month_to_month,no,mailed_check,29.15,29.15,0
266,male,0,yes,yes,35,yes,no,no,no_internet_service,no_internet_service,no_internet_service,no_internet_service,no_internet_service,no_internet_service,two_year,no,bank_transfer_(automatic),20.5,759.35,0
267,female,0,no,no,39,no,no_phone_service,dsl,yes,yes,no,yes,no,no,one_year,no,bank_transfer_(automatic),41.15,1700.9,0
268,male,0,yes,no,62,no,no_phone_service,dsl,yes,yes,no,yes,no,no,two_year,yes,credit_card_(automatic),38.6,2345.55,0
269,female,0,no,no,6,yes,no,fiber_optic,no,no,yes,yes,yes,yes,month_to_month,yes,mailed_check,99.95,547.65,1
270,male,0,yes,yes,1,yes,no,no,no_internet_service,no_internet_service,no_internet_service,no_internet_service,no_internet_service,no_internet_service,month_to_month,no,bank_transfer_(automatic),19.95,19.95,1
271,female,1,no,no,62,yes,yes,fiber_optic,no,no,no,no,yes,no,one_year,no,electronic_check,84.45,4959.15,0
272,female,0,yes,no,54,yes,yes,fiber_optic,no,yes,yes,yes,yes,yes,one_year,no,electronic_check,110.35,5893.15,1
273,male,0,yes,no,30,yes,no,no,no_internet_service,no_internet_service,no_internet_service,no_internet_service,no_internet_service,no_internet_service,two_year,no,mailed_check,19.05,637.55,0
274,female,0,yes,yes,8,yes,no,no,no_internet_service,no_internet_service,no_internet_service,no_internet_service,no_internet_service,no_internet_service,two_year,no,bank_transfer_(automatic),19.5,159.35,0
275,male,0,no,no,63,yes,yes,dsl,yes,no,yes,yes,no,yes,two_year,yes,bank_transfer_(automatic),71.9,4479.2,0
276,female,0,yes,no,37,yes,yes,dsl,yes,no,yes,yes,no,no,one_year,no,credit_card_(automatic),68.1,2479.25,0
277,female,0,yes,no,45,yes,no,fiber_optic,no,no,no,yes,yes,yes,two_year,yes,credit_card_(automatic),95.2,4285.8,0
278,female,0,no,no,5,yes,yes,fiber_optic,no,no,no,no,yes,no,month_to_month,yes,electronic_check,84.0,424.75,0
279,male,0,no,no,47,yes,yes,fiber_optic,yes,yes,no,no,yes,no,one_year,no,bank_transfer_(automatic),94.8,4535.85,0
280,female,0,yes,no,67,yes,yes,fiber_optic,yes,no,yes,yes,yes,yes,one_year,yes,electronic_check,111.25,7511.65,0
281,male,0,yes,yes,60,yes,yes,fiber_optic,no,yes,no,yes,yes,yes,month_to_month,yes,bank_transfer_(automatic),103.75,5969.95,0
282,male,1,yes,no,57,no,no_phone_service,dsl,no,no,no,no,yes,yes,month_to_month,yes,electronic_check,44.85,2572.95,1
283,male,0,no,no,53,yes,yes,no,no_internet_service,no_internet_service,no_internet_service,no_internet_service,no_internet_service,no_internet_service,one_year,no,bank_transfer_(automatic),24.05,1301.9,0
284,female,0,no,no,58,yes,yes,no,no_internet_service,no_internet_service,no_internet_service,no_internet_service,no_internet_service,no_internet_service,two_year,no,credit_card_(automatic),24.35,1423.85,0
285,male,0,no,no,4,yes,no,fiber_optic,no,no,yes,no,no,yes,month_to_month,no,electronic_check,86.05,308.1,0
286,female,0,yes,no,33,yes,no,dsl,no,yes,no,yes,no,no,one_year,yes,credit_card_(automatic),53.75,1857.3,0
287,male,0,no,no,15,yes,no,no,no_internet_service,no_internet_service,no_internet_service,no_internet_service,no_internet_service,no_internet_service,month_to_month,no,mailed_check,19.75,311.6,0
288,male,0,no,no,32,yes,no,dsl,no,no,no,no,yes,yes,one_year,yes,bank_transfer_(automatic),64.85,2010.95,0
289,female,0,no,no,40,yes,no,fiber_optic,no,yes,no,no,no,no,month_to_month,no,credit_card_(automatic),74.8,2971.7,0
290,female,0,yes,no,8,yes,yes,fiber_optic,no,no,no,yes,no,yes,month_to_month,yes,electronic_check,90.25,743.75,0
291,female,0,yes,yes,72,yes,yes,no,no_internet_service,no_internet_service,no_internet_service,no_internet_service,no_internet_service,no_internet_service,one_year,yes,bank_transfer_(automatic),23.3,1623.15,0
292,female,0,yes,no,72,yes,yes,fiber_optic,yes,yes,no,no,no,no,two_year,yes,bank_transfer_(automatic),84.05,6052.25,0
293,male,1,no,no,1,yes,yes,fiber_optic,no,no,no,no,no,no,month_to_month,yes,electronic_check,75.35,75.35,1
294,female,0,yes,yes,20,yes,yes,no,no_internet_service,no_internet_service,no_internet_service,no_internet_service,no_internet_service,no_internet_service,month_to_month,yes,bank_transfer_(automatic),25.55,507.4,0
295,male,0,yes,yes,37,yes,no,no,no_internet_service,no_internet_service,no_internet_service,no_internet_service,no_internet_service,no_internet_service,one_year,no,credit_card_(automatic),19.8,677.05,0
296,female,0,yes,no,62,yes,no,dsl,yes,no,yes,yes,yes,yes,two_year,no,mailed_check,81.0,4985.9,0
297,male,0,no,no,8,yes,no,dsl,no,no,no,no,no,yes,month_to_month,yes,credit_card_(automatic),54.75,438.05,0
298,male,0,no,yes,1,yes,no,no,no_internet_service,no_internet_service,no_internet_service,no_internet_service,no_internet_service,no_internet_service,month_to_month,no,mailed_check,19.75,19.75,1
299,female,0,yes,no,72,yes,yes,fiber_optic,no,yes,yes,yes,yes,yes,one_year,yes,electronic_check,109.25,8109.8,1
300,male,0,yes,no,44,yes,no,fiber_optic,no,no,no,no,yes,yes,one_year,yes,bank_transfer_(automatic),90.65,3974.15,0
301,female,0,yes,yes,57,yes,yes,dsl,yes,yes,no,yes,no,no,month_to_month,no,bank_transfer_(automatic),65.2,3687.85,0
302,male,0,no,no,28,yes,yes,fiber_optic,no,yes,no,no,yes,yes,one_year,no,electronic_check,100.2,2688.45,0
303,female,0,no,no,62,yes,yes,dsl,no,yes,yes,yes,yes,yes,two_year,no,bank_transfer_(automatic),84.5,5193.2,0
304,male,0,no,no,19,no,no_phone_service,dsl,no,no,no,no,no,no,month_to_month,yes,bank_transfer_(automatic),25.15,468.35,0
305,female,0,no,no,11,no,no_phone_service,dsl,no,no,no,no,yes,no,month_to_month,yes,mailed_check,35.8,363.15,0
306,male,0,no,no,14,yes,yes,no,no_internet_service,no_internet_service,no_internet_service,no_internet_service,no_internet_service,no_internet_service,one_year,yes,credit_card_(automatic),24.8,321.7,0
307,male,0,no,no,21,yes,no,dsl,no,no,yes,no,no,yes,month_to_month,no,mailed_check,61.65,1393.6,0
308,female,0,yes,no,16,yes,no,no,no_internet_service,no_internet_service,no_internet_service,no_internet_service,no_internet_service,no_internet_service,month_to_month,no,mailed_check,19.6,314.45,0
309,male,0,yes,yes,68,yes,no,no,no_internet_service,no_internet_service,no_internet_service,no_internet_service,no_internet_service,no_internet_service,two_year,yes,bank_transfer_(automatic),19.95,1303.25,0
310,male,0,yes,yes,42,yes,no,dsl,yes,yes,no,no,no,no,month_to_month,no,mailed_check,54.5,2301.15,0
311,female,0,yes,yes,39,yes,no,dsl,yes,no,no,no,no,no,month_to_month,no,credit_card_(automatic),51.05,2066.0,0
312,female,0,no,no,61,yes,yes,fiber_optic,no,no,yes,yes,yes,yes,two_year,yes,electronic_check,106.6,6428.4,1
313,female,0,no,no,68,yes,yes,dsl,yes,yes,yes,yes,yes,yes,two_year,yes,electronic_check,88.15,6148.45,0
314,male,0,no,no,30,yes,no,fiber_optic,yes,yes,yes,no,no,no,month_to_month,yes,credit_card_(automatic),84.3,2438.6,0
315,male,0,no,no,58,yes,yes,no,no_internet_service,no_internet_service,no_internet_service,no_internet_service,no_internet_service,no_internet_service,two_year,yes,credit_card_(automatic),25.3,1474.35,0
316,female,1,no,no,66,yes,yes,fiber_optic,no,yes,no,no,no,no,month_to_month,yes,credit_card_(automatic),80.45,5224.35,1
317,female,0,yes,no,3,yes,no,dsl,no,no,no,no,no,no,month_to_month,yes,mailed_check,46.1,130.15,0
318,male,0,no,no,20,yes,no,fiber_optic,no,no,no,no,yes,no,month_to_month,no,electronic_check,78.8,1641.3,0
319,male,0,yes,no,22,yes,no,dsl,yes,no,no,yes,no,no,month_to_month,yes,electronic_check,54.2,1152.7,1
320,male,0,yes,yes,72,no,no_phone_service,dsl,yes,yes,yes,yes,no,yes,two_year,yes,credit_card_(automatic),55.45,4179.2,0
321,male,0,yes,yes,45,yes,yes,no,no_internet_service,no_internet_service,no_internet_service,no_internet_service,no_internet_service,no_internet_service,two_year,no,mailed_check,24.45,1088.25,0
322,male,0,no,no,44,yes,no,no,no_internet_service,no_internet_service,no_internet_service,no_internet_service,no_internet_service,no_internet_service,two_year,no,mailed_check,20.05,845.25,0
323,male,0,yes,no,1,yes,yes,fiber_optic,no,no,no,no,no,no,month_to_month,yes,bank_transfer_(automatic),74.6,74.6,1
324,female,0,no,no,57,yes,no,fiber_optic,no,no,yes,no,yes,yes,two_year,yes,electronic_check,95.25,5464.65,1
325,female,0,yes,no,72,yes,yes,fiber_optic,yes,yes,no,no,no,yes,two_year,yes,credit_card_(automatic),94.45,6921.7,0
326,female,1,yes,no,56,yes,yes,fiber_optic,yes,yes,yes,yes,no,no,one_year,no,electronic_check,95.65,5471.75,0
327,male,0,no,no,12,no,no_phone_service,dsl,no,yes,no,yes,no,no,month_to_month,no,mailed_check,34.0,442.45,0
328,male,1,no,no,67,yes,yes,fiber_optic,no,no,yes,no,yes,yes,month_to_month,yes,credit_card_(automatic),101.4,6841.05,0
329,female,0,no,no,9,yes,no,fiber_optic,no,no,no,no,no,no,month_to_month,no,electronic_check,71.0,672.55,1
330,male,0,no,yes,35,yes,no,dsl,no,no,no,yes,yes,yes,one_year,yes,mailed_check,72.1,2495.15,0
331,male,0,yes,yes,22,yes,yes,fiber_optic,no,no,yes,no,yes,no,month_to_month,yes,electronic_check,88.75,1885.15,0
332,female,0,no,no,39,yes,no,no,no_internet_service,no_internet_service,no_internet_service,no_internet_service,no_internet_service,no_internet_service,two_year,no,mailed_check,20.15,826.0,0
333,male,1,yes,no,43,yes,yes,fiber_optic,no,yes,yes,no,yes,yes,month_to_month,yes,electronic_check,103.0,4414.3,1
334,male,0,no,no,38,yes,yes,fiber_optic,no,no,yes,yes,yes,no,one_year,no,bank_transfer_(automatic),95.0,3605.6,0
335,female,0,no,no,18,yes,yes,fiber_optic,no,yes,no,no,yes,no,month_to_month,yes,credit_card_(automatic),90.0,1527.35,1
336,female,0,no,no,2,yes,no,fiber_optic,no,no,no,no,yes,no,month_to_month,yes,electronic_check,79.75,164.5,1
337,male,0,no,no,4,yes,no,fiber_optic,no,no,no,no,no,no,month_to_month,yes,electronic_check,70.2,237.95,1
338,female,0,no,no,25,yes,no,fiber_optic,no,yes,yes,no,yes,yes,month_to_month,yes,electronic_check,99.5,2369.05,1
339,male,0,yes,no,72,yes,yes,fiber_optic,yes,no,yes,yes,yes,yes,two_year,yes,credit_card_(automatic),111.9,8071.05,0
340,female,0,no,no,72,yes,yes,dsl,yes,yes,yes,yes,yes,yes,two_year,yes,bank_transfer_(automatic),91.35,6697.2,0
341,male,0,yes,yes,37,yes,yes,fiber_optic,no,yes,yes,no,yes,no,month_to_month,yes,electronic_check,92.95,3415.25,0
342,male,0,yes,yes,21,yes,yes,dsl,yes,no,no,no,yes,yes,one_year,yes,bank_transfer_(automatic),75.9,1549.75,0
343,female,0,yes,yes,49,yes,yes,fiber_optic,no,yes,no,no,yes,yes,month_to_month,yes,electronic_check,98.35,4889.2,0
344,male,0,yes,yes,34,yes,no,fiber_optic,no,no,no,no,yes,no,month_to_month,no,electronic_check,78.3,2564.3,1
345,male,0,yes,no,49,yes,no,fiber_optic,no,yes,no,no,yes,no,month_to_month,yes,credit_card_(automatic),85.3,4297.95,0
346,male,0,no,no,10,yes,no,dsl,no,no,no,no,no,no,month_to_month,yes,credit_card_(automatic),44.85,435.4,1
347,male,0,yes,yes,13,yes,no,dsl,no,no,no,no,yes,yes,one_year,yes,electronic_check,64.75,877.35,0
348,female,0,no,no,62,yes,yes,fiber_optic,no,no,no,no,yes,yes,one_year,yes,bank_transfer_(automatic),94.0,5757.2,0
349,female,0,yes,yes,29,yes,yes,no,no_internet_service,no_internet_service,no_internet_service,no_internet_service,no_internet_service,no_internet_service,two_year,no,mailed_check,26.1,692.55,0
350,female,0,yes,yes,53,yes,yes,fiber_optic,yes,yes,yes,yes,no,yes,two_year,yes,bank_transfer_(automatic),104.05,5566.4,0
351,female,0,yes,no,71,yes,yes,fiber_optic,no,yes,yes,no,yes,yes,two_year,yes,bank_transfer_(automatic),105.15,7555.0,0
352,female,0,no,yes,49,yes,no,no,no_internet_service,no_internet_service,no_internet_service,no_internet_service,no_internet_service,no_internet_service,one_year,no,credit_card_(automatic),19.45,921.3,0
353,male,0,no,no,72,yes,no,no,no_internet_service,no_internet_service,no_internet_service,no_internet_service,no_internet_service,no_internet_service,two_year,no,bank_transfer_(automatic),19.3,1414.8,0
354,male,0,no,no,4,yes,no,no,no_internet_service,no_internet_service,no_internet_service,no_internet_service,no_internet_service,no_internet_service,month_to_month,yes,mailed_check,19.65,67.55,0
355,female,0,no,no,9,yes,no,no,no_internet_service,no_internet_service,no_internet_service,no_internet_service,no_internet_service,no_internet_service,month_to_month,yes,credit_card_(automatic),20.45,147.55,0
356,male,0,yes,yes,19,yes,no,dsl,yes,no,no,no,no,no,one_year,yes,bank_transfer_(automatic),48.95,955.6,0
357,female,1,no,no,28,yes,yes,dsl,no,yes,yes,yes,no,no,month_to_month,no,bank_transfer_(automatic),64.45,1867.6,0
358,male,0,yes,yes,42,no,no_phone_service,dsl,yes,no,yes,yes,yes,no,two_year,no,credit_card_(automatic),48.15,2032.3,0
359,female,0,yes,no,6,yes,yes,fiber_optic,no,yes,no,no,no,yes,month_to_month,yes,electronic_check,90.75,512.25,0
360,male,1,no,no,8,yes,yes,fiber_optic,no,no,yes,no,no,no,month_to_month,yes,electronic_check,81.25,585.95,1
361,female,0,no,no,7,yes,no,dsl,no,no,no,yes,yes,yes,month_to_month,yes,credit_card_(automatic),70.75,450.8,1
362,male,0,no,no,14,yes,yes,dsl,no,yes,no,no,no,no,month_to_month,yes,credit_card_(automatic),55.5,767.55,0
363,female,0,no,no,41,yes,yes,fiber_optic,yes,no,no,no,no,no,month_to_month,yes,credit_card_(automatic),81.3,3190.65,0
364,female,0,yes,yes,32,yes,no,dsl,yes,yes,yes,yes,no,yes,two_year,no,mailed_check,73.6,2316.85,0
365,male,0,no,no,1,yes,yes,dsl,no,no,no,no,no,no,month_to_month,yes,credit_card_(automatic),49.8,49.8,0
366,male,0,no,no,17,yes,no,no,no_internet_service,no_internet_service,no_internet_service,no_internet_service,no_internet_service,no_internet_service,one_year,yes,mailed_check,20.5,365.8,0
367,female,1,no,no,8,yes,yes,fiber_optic,no,no,no,yes,yes,yes,month_to_month,yes,credit_card_(automatic),100.15,908.55,0
368,female,0,yes,yes,14,yes,no,no,no_internet_service,no_internet_service,no_internet_service,no_internet_service,no_internet_service,no_internet_service,one_year,no,mailed_check,19.55,294.5,0
369,male,0,yes,no,72,yes,yes,fiber_optic,yes,yes,yes,no,yes,yes,two_year,yes,electronic_check,109.65,7880.25,0
370,female,0,no,no,2,yes,no,fiber_optic,no,no,no,no,no,no,month_to_month,no,bank_transfer_(automatic),70.0,153.05,1
371,male,1,yes,no,57,yes,no,fiber_optic,no,yes,yes,no,yes,no,one_year,yes,electronic_check,90.65,5199.8,0
372,male,1,yes,yes,51,yes,yes,fiber_optic,no,yes,yes,no,no,no,month_to_month,yes,electronic_check,84.2,4146.05,1
373,female,0,no,yes,37,yes,no,no,no_internet_service,no_internet_service,no_internet_service,no_internet_service,no_internet_service,no_internet_service,one_year,no,bank_transfer_(automatic),20.3,755.4,0
374,male,0,yes,yes,35,yes,no,no,no_internet_service,no_internet_service,no_internet_service,no_internet_service,no_internet_service,no_internet_service,one_year,no,bank_transfer_(automatic),20.05,746.75,0
375,male,0,no,no,1,yes,no,fiber_optic,no,no,no,no,yes,no,month_to_month,yes,electronic_check,80.55,80.55,0
376,male,0,yes,yes,17,yes,yes,dsl,no,yes,yes,yes,no,no,month_to_month,yes,mailed_check,66.7,1077.05,0
377,female,1,yes,no,27,yes,yes,dsl,no,yes,yes,yes,yes,yes,month_to_month,no,electronic_check,83.85,2310.2,0
378,female,1,no,no,21,yes,yes,fiber_optic,no,no,no,no,yes,yes,month_to_month,yes,bank_transfer_(automatic),95.4,2025.1,0
379,female,0,yes,yes,69,yes,no,no,no_internet_service,no_internet_service,no_internet_service,no_internet_service,no_internet_service,no_internet_service,two_year,no,bank_transfer_(automatic),19.75,1375.4,0
380,male,1,yes,yes,41,yes,yes,fiber_optic,no,yes,yes,yes,yes,yes,one_year,yes,electronic_check,111.95,4534.9,1
381,female,0,no,no,3,yes,no,dsl,no,no,no,no,no,no,month_to_month,no,electronic_check,44.6,122.7,0
382,female,0,no,no,1,yes,no,dsl,no,no,no,no,no,no,month_to_month,no,mailed_check,45.35,45.35,0
383,female,0,yes,yes,1,yes,yes,fiber_optic,yes,no,yes,no,yes,yes,month_to_month,yes,electronic_check,102.45,102.45,1
384,male,0,no,no,19,yes,no,fiber_optic,no,no,no,no,yes,no,month_to_month,yes,bank_transfer_(automatic),78.7,1495.1,0
385,female,0,no,no,12,yes,no,fiber_optic,no,no,yes,no,yes,yes,one_year,no,mailed_check,95.5,1115.15,1
386,male,0,yes,yes,16,yes,yes,fiber_optic,no,no,yes,no,yes,no,month_to_month,yes,bank_transfer_(automatic),90.8,1442.2,0
387,female,0,no,no,58,yes,no,fiber_optic,yes,yes,yes,no,yes,yes,one_year,yes,electronic_check,106.45,6145.85,1
388,female,0,yes,yes,39,yes,yes,fiber_optic,no,yes,yes,yes,no,no,one_year,yes,electronic_check,89.55,3474.45,1
389,male,0,no,no,2,yes,no,no,no_internet_service,no_internet_service,no_internet_service,no_internet_service,no_internet_service,no_internet_service,month_to_month,no,mailed_check,20.0,32.7,0
390,female,0,no,no,48,yes,no,dsl,yes,no,yes,yes,no,no,one_year,yes,credit_card_(automatic),60.35,2896.4,1
391,male,0,yes,yes,69,yes,yes,fiber_optic,no,no,yes,no,no,no,two_year,yes,credit_card_(automatic),79.2,5420.65,0
392,male,0,no,no,5,yes,no,dsl,no,no,yes,yes,no,no,month_to_month,no,electronic_check,56.15,291.45,0
393,female,0,yes,no,3,yes,yes,fiber_optic,no,no,no,no,yes,yes,month_to_month,no,electronic_check,94.9,273.2,0
394,female,0,yes,no,72,yes,yes,fiber_optic,no,yes,yes,no,yes,yes,one_year,yes,electronic_check,101.35,7323.15,0
395,female,1,no,no,11,yes,no,fiber_optic,no,yes,no,no,yes,yes,month_to_month,yes,electronic_check,95.0,1120.3,1
396,male,0,no,yes,38,yes,yes,fiber_optic,no,yes,no,no,no,no,month_to_month,yes,mailed_check,81.85,3141.7,0
397,female,0,no,no,70,yes,yes,fiber_optic,yes,yes,yes,no,yes,yes,two_year,yes,mailed_check,111.15,7737.55,0
398,male,0,yes,no,71,yes,yes,fiber_optic,no,yes,yes,yes,yes,yes,two_year,yes,credit_card_(automatic),108.6,7690.9,1
399,female,0,yes,no,72,yes,yes,no,no_internet_service,no_internet_service,no_internet_service,no_internet_service,no_internet_service,no_internet_service,two_year,no,credit_card_(automatic),25.0,1849.2,0
400,female,0,yes,yes,60,yes,yes,fiber_optic,yes,yes,yes,yes,yes,yes,two_year,no,credit_card_(automatic),115.25,6758.45,0
401,female,0,yes,yes,9,yes,yes,fiber_optic,no,no,no,no,yes,no,month_to_month,yes,bank_transfer_(automatic),85.35,754.65,1
402,female,0,yes,yes,12,yes,no,no,no_internet_service,no_internet_service,no_internet_service,no_internet_service,no_internet_service,no_internet_service,month_to_month,no,bank_transfer_(automatic),19.4,198.1,0
403,male,0,no,no,10,yes,no,no,no_internet_service,no_internet_service,no_internet_service,no_internet_service,no_internet_service,no_internet_service,month_to_month,yes,credit_card_(automatic),20.0,198.6,0
404,male,0,yes,yes,61,yes,no,dsl,yes,yes,yes,yes,yes,yes,one_year,no,bank_transfer_(automatic),84.9,5264.5,0
405,female,0,yes,no,32,yes,no,no,no_internet_service,no_internet_service,no_internet_service,no_internet_service,no_internet_service,no_internet_service,one_year,no,mailed_check,19.3,593.2,0
406,male,0,no,no,65,yes,yes,fiber_optic,yes,no,yes,yes,yes,yes,one_year,yes,credit_card_(automatic),110.0,7138.65,0
407,male,0,no,no,32,yes,no,no,no_internet_service,no_internet_service,no_internet_service,no_internet_service,no_internet_service,no_internet_service,one_year,no,mailed_check,19.8,607.7,0
408,female,0,yes,no,24,yes,no,fiber_optic,no,yes,yes,no,yes,yes,month_to_month,yes,credit_card_(automatic),99.3,2431.35,1
409,female,0,no,no,29,yes,yes,dsl,yes,no,no,no,no,yes,month_to_month,yes,electronic_check,66.1,1912.15,0
410,female,1,yes,no,19,yes,yes,fiber_optic,no,no,no,no,yes,yes,month_to_month,yes,electronic_check,94.95,1760.25,0
411,male,1,no,no,19,yes,no,fiber_optic,yes,no,no,no,no,yes,month_to_month,yes,electronic_check,87.3,1637.3,0
412,male,0,yes,yes,9,yes,no,fiber_optic,no,yes,no,yes,yes,yes,month_to_month,yes,electronic_check,101.5,906.85,0
413,male,1,yes,yes,22,no,no_phone_service,dsl,yes,no,no,no,no,yes,month_to_month,no,mailed_check,40.05,880.2,1
414,female,0,no,no,18,yes,no,no,no_internet_service,no_internet_service,no_internet_service,no_internet_service,no_internet_service,no_internet_service,one_year,no,mailed_check,20.1,407.05,0
415,male,0,yes,no,31,yes,yes,dsl,no,no,no,no,yes,no,month_to_month,yes,credit_card_(automatic),59.05,1882.8,0
416,female,1,no,no,46,yes,yes,fiber_optic,yes,yes,yes,no,yes,yes,one_year,yes,electronic_check,110.0,4874.8,1
417,male,0,yes,yes,51,yes,yes,fiber_optic,no,yes,no,yes,no,no,one_year,no,bank_transfer_(automatic),84.2,4299.75,0
418,female,1,no,no,2,yes,no,dsl,no,no,no,no,no,no,month_to_month,yes,electronic_check,44.3,89.3,0
419,male,0,no,no,26,yes,no,no,no_internet_service,no_internet_service,no_internet_service,no_internet_service,no_internet_service,no_internet_service,month_to_month,yes,electronic_check,20.3,511.25,0
420,female,0,yes,yes,62,yes,yes,fiber_optic,no,yes,no,yes,yes,yes,one_year,yes,credit_card_(automatic),106.05,6703.5,0
421,male,0,no,no,1,yes,yes,dsl,no,no,no,no,no,no,month_to_month,yes,electronic_check,50.15,50.15,0
422,male,0,yes,yes,17,yes,no,fiber_optic,yes,no,yes,no,yes,no,month_to_month,yes,electronic_check,89.4,1539.45,1
423,female,1,yes,yes,72,yes,yes,dsl,yes,yes,yes,yes,yes,yes,two_year,yes,bank_transfer_(automatic),90.15,6716.45,0
424,female,0,yes,yes,17,yes,no,dsl,yes,yes,no,no,yes,yes,month_to_month,no,mailed_check,74.55,1215.8,0
425,female,0,no,yes,23,yes,no,dsl,no,no,no,yes,no,no,one_year,yes,electronic_check,49.45,1119.35,0
426,male,1,no,no,55,no,no_phone_service,dsl,no,no,yes,no,yes,yes,one_year,yes,bank_transfer_(automatic),50.05,2743.45,0
427,female,0,no,no,6,yes,no,dsl,yes,yes,no,no,no,no,month_to_month,no,mailed_check,55.15,322.9,0
428,female,1,yes,yes,3,yes,no,fiber_optic,yes,no,no,yes,yes,no,month_to_month,yes,mailed_check,88.3,273.75,1
429,male,0,no,no,11,yes,no,fiber_optic,no,no,no,no,no,no,month_to_month,no,electronic_check,70.2,760.05,0
430,male,0,no,no,62,yes,yes,fiber_optic,yes,yes,no,no,no,yes,one_year,yes,bank_transfer_(automatic),92.3,5731.45,0
431,female,0,yes,yes,23,yes,yes,no,no_internet_service,no_internet_service,no_internet_service,no_internet_service,no_internet_service,no_internet_service,two_year,no,mailed_check,25.1,611.45,0
432,male,0,no,no,43,yes,yes,fiber_optic,no,no,no,no,yes,yes,one_year,no,mailed_check,94.35,3921.3,0
433,female,1,no,no,46,yes,no,fiber_optic,no,yes,no,no,yes,yes,one_year,no,credit_card_(automatic),95.25,4424.2,1
434,female,1,yes,no,50,yes,no,fiber_optic,no,no,no,no,no,no,month_to_month,yes,electronic_check,71.05,3444.85,1
435,female,0,yes,yes,45,yes,no,no,no_internet_service,no_internet_service,no_internet_service,no_internet_service,no_internet_service,no_internet_service,two_year,no,mailed_check,20.85,892.15,0
436,male,1,no,no,3,yes,yes,fiber_optic,no,yes,yes,no,yes,yes,month_to_month,yes,electronic_check,105.0,294.45,1
437,female,0,no,no,23,yes,no,no,no_internet_service,no_internet_service,no_internet_service,no_internet_service,no_internet_service,no_internet_service,month_to_month,yes,mailed_check,19.5,470.2,0
438,female,0,yes,yes,36,yes,yes,dsl,yes,yes,yes,yes,yes,yes,two_year,yes,credit_card_(automatic),92.9,3379.25,0
439,female,1,no,no,30,yes,yes,fiber_optic,no,yes,yes,no,yes,yes,month_to_month,yes,electronic_check,104.1,3121.1,0
440,male,1,no,no,11,yes,no,fiber_optic,no,no,no,no,no,yes,month_to_month,yes,electronic_check,78.5,874.2,0
441,female,0,no,no,72,yes,yes,fiber_optic,yes,no,no,yes,no,no,two_year,yes,bank_transfer_(automatic),84.7,6185.15,0
442,male,0,yes,no,61,yes,yes,fiber_optic,no,yes,yes,yes,yes,yes,month_to_month,yes,electronic_check,114.1,7132.15,0
443,male,0,no,no,9,yes,no,no,no_internet_service,no_internet_service,no_internet_service,no_internet_service,no_internet_service,no_internet_service,one_year,yes,mailed_check,20.15,163.7,0
444,male,0,no,no,12,yes,yes,no,no_internet_service,no_internet_service,no_internet_service,no_internet_service,no_internet_service,no_internet_service,one_year,no,credit_card_(automatic),24.95,280.4,0
445,male,1,yes,no,24,no,no_phone_service,dsl,yes,no,no,no,no,yes,month_to_month,no,bank_transfer_(automatic),39.1,971.3,1
446,female,0,no,no,46,yes,no,dsl,no,no,no,no,no,no,month_to_month,no,bank_transfer_(automatic),44.95,2168.9,0
447,male,0,no,no,8,no,no_phone_service,dsl,yes,no,no,no,no,no,month_to_month,no,mailed_check,29.35,216.45,0
448,female,0,yes,yes,68,yes,no,no,no_internet_service,no_internet_service,no_internet_service,no_internet_service,no_internet_service,no_internet_service,two_year,yes,bank_transfer_(automatic),19.35,1292.65,0
449,female,0,yes,no,71,yes,yes,fiber_optic,yes,no,yes,no,yes,yes,one_year,yes,credit_card_(automatic),104.1,7412.25,0
450,female,0,no,no,6,yes,no,dsl,yes,yes,no,no,no,no,month_to_month,no,electronic_check,56.25,389.1,1
451,female,0,no,no,4,yes,no,dsl,no,no,no,no,no,no,month_to_month,yes,mailed_check,46.0,193.6,1
452,male,0,yes,yes,32,no,no_phone_service,dsl,no,no,yes,yes,no,no,one_year,yes,mailed_check,36.25,1151.05,0
453,male,0,yes,no,72,yes,yes,dsl,yes,yes,yes,yes,yes,yes,two_year,yes,credit_card_(automatic),92.0,6782.15,0
454,male,0,no,no,25,yes,yes,fiber_optic,no,no,no,no,yes,yes,month_to_month,yes,bank_transfer_(automatic),94.7,2362.1,1
455,female,0,yes,yes,5,yes,no,dsl,no,no,no,no,no,no,month_to_month,no,mailed_check,44.8,220.45,0
456,male,0,yes,no,18,yes,no,dsl,no,no,yes,no,no,no,month_to_month,yes,mailed_check,49.55,878.35,1
457,male,0,no,no,1,yes,no,no,no_internet_service,no_internet_service,no_internet_service,no_internet_service,no_internet_service,no_internet_service,month_to_month,no,mailed_check,20.3,20.3,0
458,male,0,no,no,32,yes,no,fiber_optic,yes,yes,yes,no,no,yes,month_to_month,yes,credit_card_(automatic),93.4,2979.3,0
459,female,1,no,no,4,yes,no,fiber_optic,no,yes,yes,no,yes,yes,month_to_month,yes,credit_card_(automatic),99.8,442.85,1
460,female,0,yes,yes,55,yes,no,fiber_optic,no,no,no,no,no,no,two_year,yes,credit_card_(automatic),69.05,3842.6,0
461,female,1,no,no,4,yes,yes,fiber_optic,no,no,no,no,no,yes,month_to_month,yes,electronic_check,84.6,360.1,1
462,female,0,yes,yes,40,yes,no,no,no_internet_service,no_internet_service,no_internet_service,no_internet_service,no_internet_service,no_internet_service,two_year,no,bank_transfer_(automatic),20.15,777.35,0
463,male,0,yes,yes,62,yes,yes,fiber_optic,no,no,yes,no,yes,no,two_year,yes,credit_card_(automatic),89.1,5411.65,0
464,female,0,yes,no,21,no,no_phone_service,dsl,yes,no,no,no,no,no,month_to_month,no,electronic_check,28.5,629.35,0
465,female,0,no,yes,4,yes,no,fiber_optic,no,no,yes,yes,yes,yes,month_to_month,yes,bank_transfer_(automatic),98.1,396.3,1
466,male,0,yes,yes,18,yes,no,dsl,no,no,yes,no,no,yes,month_to_month,no,electronic_check,57.45,990.85,1
467,male,1,no,no,4,yes,no,fiber_optic,no,no,no,no,no,no,month_to_month,yes,electronic_check,70.65,293.85,0
468,female,0,yes,no,47,yes,no,dsl,no,yes,no,no,yes,no,month_to_month,yes,bank_transfer_(automatic),58.6,2723.4,0
469,male,0,yes,yes,11,yes,no,fiber_optic,no,no,no,no,yes,no,month_to_month,yes,bank_transfer_(automatic),79.5,868.5,1
470,female,0,yes,yes,55,yes,yes,fiber_optic,yes,yes,no,no,no,no,month_to_month,yes,electronic_check,85.1,4600.95,0
471,female,0,yes,no,23,yes,no,dsl,no,no,no,yes,yes,no,one_year,no,bank_transfer_(automatic),60.0,1347.15,0
472,male,0,yes,no,29,yes,yes,fiber_optic,no,yes,yes,no,no,no,month_to_month,yes,electronic_check,85.8,2440.25,0
473,male,1,yes,no,70,yes,no,fiber_optic,yes,yes,yes,no,yes,yes,two_year,no,credit_card_(automatic),105.35,7511.9,0
474,male,0,yes,no,31,yes,yes,dsl,no,no,yes,yes,yes,yes,one_year,yes,mailed_check,79.3,2484.0,0
475,male,0,yes,yes,35,yes,yes,fiber_optic,no,yes,yes,yes,yes,yes,month_to_month,yes,electronic_check,109.95,3782.4,0
476,female,0,yes,no,13,yes,no,dsl,no,no,no,no,no,no,one_year,no,electronic_check,43.8,592.65,0
477,male,0,yes,yes,1,yes,no,fiber_optic,no,no,no,no,no,no,month_to_month,yes,electronic_check,68.5,68.5,1
478,female,1,yes,no,44,yes,yes,fiber_optic,no,no,yes,yes,yes,yes,month_to_month,no,electronic_check,104.15,4495.65,0
479,female,0,no,no,68,yes,yes,fiber_optic,yes,yes,no,yes,yes,yes,two_year,no,credit_card_(automatic),110.25,7279.35,0
480,male,0,yes,no,61,yes,yes,dsl,yes,no,yes,no,no,yes,two_year,yes,mailed_check,69.9,4226.7,0
481,male,1,no,no,15,yes,yes,fiber_optic,no,yes,no,no,no,no,month_to_month,yes,electronic_check,80.2,1217.25,1
482,female,1,yes,no,72,yes,yes,no,no_internet_service,no_internet_service,no_internet_service,no_internet_service,no_internet_service,no_internet_service,two_year,no,bank_transfer_(automatic),24.3,1778.7,0
483,female,0,yes,no,68,yes,yes,fiber_optic,yes,yes,no,no,no,no,two_year,yes,bank_transfer_(automatic),84.7,5711.05,0
484,female,0,no,no,3,yes,no,no,no_internet_service,no_internet_service,no_internet_service,no_internet_service,no_internet_service,no_internet_service,month_to_month,no,mailed_check,19.85,63.75,1
485,male,0,no,no,72,yes,yes,dsl,yes,yes,no,yes,yes,yes,two_year,no,credit_card_(automatic),86.05,6309.65,0
486,female,0,no,no,57,no,no_phone_service,dsl,yes,no,yes,yes,no,no,one_year,yes,credit_card_(automatic),41.1,2258.25,0
487,male,1,yes,no,48,yes,yes,fiber_optic,no,no,yes,no,no,yes,month_to_month,yes,credit_card_(automatic),91.05,4370.75,0
488,male,0,no,no,1,yes,no,no,no_internet_service,no_internet_service,no_internet_service,no_internet_service,no_internet_service,no_internet_service,month_to_month,no,electronic_check,20.55,20.55,1
489,female,0,yes,no,69,yes,no,fiber_optic,no,yes,no,no,yes,yes,one_year,yes,credit_card_(automatic),95.65,6744.2,0
490,female,0,yes,yes,46,yes,no,no,no_internet_service,no_internet_service,no_internet_service,no_internet_service,no_internet_service,no_internet_service,two_year,no,mailed_check,19.4,967.85,0
491,female,0,yes,no,21,yes,yes,fiber_optic,yes,no,yes,no,yes,yes,month_to_month,yes,bank_transfer_(automatic),104.4,2200.25,1
492,female,0,no,no,1,yes,no,dsl,no,no,no,no,no,yes,month_to_month,yes,electronic_check,55.4,55.4,1
493,male,0,no,no,27,yes,no,fiber_optic,no,no,no,no,no,no,month_to_month,yes,mailed_check,69.05,1793.25,0
494,male,0,yes,yes,13,yes,no,no,no_internet_service,no_internet_service,no_internet_service,no_internet_service,no_internet_service,no_internet_service,one_year,no,mailed_check,20.0,218.55,0
495,male,0,no,no,24,yes,no,fiber_optic,no,no,no,no,yes,yes,month_to_month,yes,electronic_check,90.35,2238.5,1
496,female,0,no,no,67,no,no_phone_service,dsl,no,no,yes,yes,yes,yes,month_to_month,yes,credit_card_(automatic),53.4,3579.15,0
497,male,0,yes,no,70,yes,yes,no,no_internet_service,no_internet_service,no_internet_service,no_internet_service,no_internet_service,no_internet_service,two_year,no,bank_transfer_(automatic),24.25,1724.15,0
498,male,0,yes,no,51,no,no_phone_service,dsl,no,yes,no,no,no,no,month_to_month,yes,credit_card_(automatic),30.05,1529.45,0
499,male,0,yes,no,1,yes,no,fiber_optic,no,no,yes,no,no,no,month_to_month,no,credit_card_(automatic),75.35,75.35,0
500,male,1,no,no,3,yes,yes,fiber_optic,no,no,no,no,no,no,month_to_month,yes,electronic_check,76.05,231.8,1
501,male,0,no,no,5,no,no_phone_service,dsl,yes,yes,yes,yes,no,no,month_to_month,yes,mailed_check,43.25,219.0,1
502,female,0,yes,yes,8,yes,no,no,no_internet_service,no_internet_service,no_internet_service,no_internet_service,no_internet_service,no_internet_service,month_to_month,no,credit_card_(automatic),21.05,139.75,0
503,female,0,yes,yes,13,yes,no,no,no_internet_service,no_internet_service,no_internet_service,no_internet_service,no_internet_service,no_internet_service,month_to_month,no,mailed_check,18.8,251.25,0
504,male,0,no,no,38,yes,no,dsl,no,no,yes,yes,no,yes,one_year,yes,mailed_check,62.3,2354.8,1
505,female,0,no,no,5,yes,yes,no,no_internet_service,no_internet_service,no_internet_service,no_internet_service,no_internet_service,no_internet_service,month_to_month,no,mailed_check,25.45,134.75,0
506,male,0,no,no,1,yes,no,no,no_internet_service,no_internet_service,no_internet_service,no_internet_service,no_internet_service,no_internet_service,month_to_month,no,mailed_check,20.05,20.05,0
507,female,0,no,no,6,yes,no,no,no_internet_service,no_internet_service,no_internet_service,no_internet_service,no_internet_service,no_internet_service,two_year,no,credit_card_(automatic),19.65,116.85,0
508,male,0,yes,no,42,yes,yes,fiber_optic,no,yes,yes,no,yes,no,month_to_month,yes,bank_transfer_(automatic),95.25,3959.35,1
509,female,0,no,no,3,no,no_phone_service,dsl,yes,no,no,yes,no,no,month_to_month,no,mailed_check,34.25,139.35,1
510,female,0,no,no,1,yes,no,no,no_internet_service,no_internet_service,no_internet_service,no_internet_service,no_internet_service,no_internet_service,month_to_month,no,mailed_check,19.15,19.15,0
511,male,0,no,no,18,yes,no,dsl,no,no,yes,yes,no,no,month_to_month,no,credit_card_(automatic),55.2,1058.1,0
512,female,0,yes,yes,22,yes,no,no,no_internet_service,no_internet_service,no_internet_service,no_internet_service,no_internet_service,no_internet_service,month_to_month,no,mailed_check,19.9,400.3,0
513,female,0,no,no,1,yes,no,fiber_optic,no,no,no,no,yes,yes,month_to_month,no,electronic_check,90.6,90.6,1
514,female,0,yes,no,56,yes,yes,fiber_optic,no,yes,yes,yes,no,no,month_to_month,no,electronic_check,90.55,5116.6,0
515,male,0,yes,yes,71,yes,no,fiber_optic,yes,yes,yes,yes,yes,yes,two_year,no,credit_card_(automatic),109.3,7782.85,0
516,male,0,yes,no,71,yes,yes,dsl,yes,yes,no,yes,yes,no,two_year,no,credit_card_(automatic),73.5,5357.75,0
517,female,0,no,no,5,yes,no,no,no_internet_service,no_internet_service,no_internet_service,no_internet_service,no_internet_service,no_internet_service,one_year,no,electronic_check,19.55,99.6,0
518,female,0,no,no,1,yes,yes,dsl,no,no,no,no,no,no,month_to_month,yes,mailed_check,50.1,50.1,1
519,male,0,no,no,55,yes,yes,dsl,no,no,yes,no,yes,yes,two_year,yes,bank_transfer_(automatic),77.8,4323.35,0
520,male,0,no,no,3,yes,no,no,no_internet_service,no_internet_service,no_internet_service,no_internet_service,no_internet_service,no_internet_service,one_year,no,mailed_check,21.2,52.05,0
521,female,0,yes,yes,56,yes,yes,dsl,yes,no,no,no,yes,no,one_year,no,bank_transfer_(automatic),65.2,3512.15,0
522,male,0,yes,yes,61,no,no_phone_service,dsl,yes,no,yes,no,no,no,month_to_month,no,bank_transfer_(automatic),33.6,2117.2,0
523,female,0,yes,yes,6,yes,yes,fiber_optic,no,no,no,yes,no,no,month_to_month,yes,electronic_check,80.5,502.85,1
524,female,0,yes,yes,2,yes,no,fiber_optic,no,yes,no,no,no,no,month_to_month,yes,bank_transfer_(automatic),73.55,145.4,1
525,male,0,no,no,64,yes,yes,fiber_optic,yes,no,yes,yes,no,yes,two_year,no,credit_card_(automatic),99.25,6549.45,0
526,male,0,no,no,10,yes,yes,no,no_internet_service,no_internet_service,no_internet_service,no_internet_service,no_internet_service,no_internet_service,two_year,no,bank_transfer_(automatic),25.7,251.6,0
527,male,0,no,no,52,yes,no,no,no_internet_service,no_internet_service,no_internet_service,no_internet_service,no_internet_service,no_internet_service,two_year,no,bank_transfer_(automatic),21.0,1107.2,0
528,male,1,no,no,23,no,no_phone_service,dsl,no,no,no,no,no,yes,month_to_month,yes,bank_transfer_(automatic),34.65,768.45,0
529,male,0,no,yes,1,yes,no,dsl,no,no,no,yes,no,yes,month_to_month,yes,mailed_check,59.55,59.55,0
530,male,0,yes,no,53,yes,no,fiber_optic,no,yes,no,no,yes,yes,one_year,yes,bank_transfer_(automatic),94.25,4867.95,1
531,female,0,no,no,4,yes,no,dsl,no,no,no,no,no,no,month_to_month,no,mailed_check,45.65,191.05,1
532,male,0,no,no,26,yes,no,no,no_internet_service,no_internet_service,no_internet_service,no_internet_service,no_internet_service,no_internet_service,one_year,no,credit_card_(automatic),19.8,457.3,0
533,male,0,no,no,41,yes,yes,dsl,no,no,yes,no,no,yes,one_year,no,mailed_check,65.0,2531.8,0
534,female,1,yes,no,63,yes,yes,fiber_optic,no,yes,yes,no,yes,yes,month_to_month,yes,electronic_check,103.5,6479.4,0
535,male,1,no,no,4,no,no_phone_service,dsl,no,no,no,no,no,no,month_to_month,yes,bank_transfer_(automatic),25.2,102.5,1
536,male,0,no,no,26,yes,no,no,no_internet_service,no_internet_service,no_internet_service,no_internet_service,no_internet_service,no_internet_service,month_to_month,no,mailed_check,20.9,518.3,0
537,male,0,no,no,2,yes,no,dsl,no,no,no,yes,yes,yes,month_to_month,no,electronic_check,70.3,132.4,0
538,female,0,yes,yes,17,yes,yes,dsl,no,no,yes,yes,no,no,one_year,yes,mailed_check,61.95,1070.7,0
539,female,0,no,no,12,yes,yes,fiber_optic,no,no,no,no,yes,yes,month_to_month,yes,electronic_check,94.2,1046.1,1
540,female,0,no,no,54,yes,no,dsl,yes,no,yes,yes,yes,yes,two_year,no,electronic_check,80.6,4299.95,0
541,female,1,yes,no,65,yes,yes,fiber_optic,no,yes,yes,no,yes,yes,one_year,yes,electronic_check,106.25,6979.8,1
542,male,0,no,no,60,yes,yes,fiber_optic,no,no,yes,no,yes,no,two_year,yes,electronic_check,89.55,5231.2,0
543,female,0,yes,yes,64,yes,yes,dsl,no,yes,no,no,no,no,one_year,yes,bank_transfer_(automatic),53.85,3399.85,0
544,male,0,no,no,36,yes,no,dsl,no,yes,no,yes,no,yes,one_year,yes,mailed_check,65.4,2498.4,1
545,female,0,no,no,2,yes,no,no,no_internet_service,no_internet_service,no_internet_service,no_internet_service,no_internet_service,no_internet_service,month_to_month,no,electronic_check,19.9,57.4,0
546,male,0,no,yes,9,yes,no,no,no_internet_service,no_internet_service,no_internet_service,no_internet_service,no_internet_service,no_internet_service,month_to_month,no,mailed_check,20.4,184.1,0
547,male,0,no,no,64,yes,yes,dsl,no,yes,yes,yes,yes,yes,two_year,no,credit_card_(automatic),86.55,5632.55,0
548,female,0,no,no,13,yes,no,no,no_internet_service,no_internet_service,no_internet_service,no_internet_service,no_internet_service,no_internet_service,month_to_month,yes,mailed_check,19.3,279.3,0
549,female,0,no,no,1,yes,no,fiber_optic,no,no,no,no,no,no,month_to_month,no,mailed_check,71.1,71.1,1
550,female,0,yes,yes,19,yes,yes,fiber_optic,no,no,no,yes,no,yes,one_year,yes,bank_transfer_(automatic),89.35,1686.85,0
551,female,0,no,no,12,no,no_phone_service,dsl,yes,no,yes,yes,no,yes,two_year,no,mailed_check,49.85,552.1,0
552,male,0,yes,no,30,yes,yes,fiber_optic,no,no,no,no,yes,yes,month_to_month,yes,credit_card_(automatic),94.05,2866.45,1
553,male,0,yes,yes,8,yes,no,no,no_internet_service,no_internet_service,no_internet_service,no_internet_service,no_internet_service,no_internet_service,month_to_month,no,credit_card_(automatic),19.65,169.75,0
554,male,1,no,no,1,yes,yes,fiber_optic,no,no,no,no,no,no,month_to_month,yes,electronic_check,76.45,76.45,1
555,female,0,no,yes,18,yes,yes,no,no_internet_service,no_internet_service,no_internet_service,no_internet_service,no_internet_service,no_internet_service,two_year,no,credit_card_(automatic),25.3,454.65,0
556,male,0,no,no,52,yes,yes,dsl,yes,yes,yes,yes,yes,yes,two_year,yes,mailed_check,89.25,4652.4,0
557,male,0,no,no,38,yes,no,dsl,yes,yes,no,yes,yes,no,one_year,no,mailed_check,70.6,2708.2,0
558,female,0,no,no,72,yes,yes,fiber_optic,no,yes,yes,yes,yes,yes,two_year,yes,credit_card_(automatic),108.05,7806.6,0
559,male,1,no,no,29,yes,no,fiber_optic,no,yes,yes,no,yes,yes,month_to_month,yes,bank_transfer_(automatic),101.45,2948.6,0
560,female,0,no,no,34,yes,no,fiber_optic,no,no,no,no,no,no,month_to_month,yes,credit_card_(automatic),70.0,2416.1,1
561,female,0,no,no,3,yes,yes,fiber_optic,no,no,no,no,yes,yes,month_to_month,yes,electronic_check,96.6,291.9,1
562,male,0,no,no,26,yes,yes,fiber_optic,no,no,no,no,no,yes,month_to_month,yes,electronic_check,83.95,2254.2,1
563,male,0,no,no,22,yes,no,no,no_internet_service,no_internet_service,no_internet_service,no_internet_service,no_internet_service,no_internet_service,one_year,no,mailed_check,19.6,422.5,0
564,male,0,no,no,9,no,no_phone_service,dsl,no,no,no,no,no,no,month_to_month,yes,electronic_check,24.95,190.25,0
565,male,0,yes,no,72,yes,yes,fiber_optic,yes,yes,yes,yes,yes,yes,two_year,no,credit_card_(automatic),115.8,8332.15,0
566,male,0,no,no,49,yes,no,no,no_internet_service,no_internet_service,no_internet_service,no_internet_service,no_internet_service,no_internet_service,two_year,yes,credit_card_(automatic),19.9,1022.6,0
567,male,1,yes,no,67,yes,yes,fiber_optic,no,yes,no,yes,yes,yes,two_year,no,bank_transfer_(automatic),102.9,6989.7,0
568,female,0,no,yes,34,yes,no,dsl,yes,no,yes,yes,yes,no,two_year,no,credit_card_(automatic),67.65,2339.3,0
569,male,0,no,no,23,yes,no,no,no_internet_service,no_internet_service,no_internet_service,no_internet_service,no_internet_service,no_internet_service,one_year,no,bank_transfer_(automatic),20.15,405.6,0
570,female,0,no,no,1,yes,no,no,no_internet_service,no_internet_service,no_internet_service,no_internet_service,no_internet_service,no_internet_service,month_to_month,no,mailed_check,20.95,20.95,1
571,male,0,no,no,1,yes,no,no,no_internet_service,no_internet_service,no_internet_service,no_internet_service,no_internet_service,no_internet_service,month_to_month,no,mailed_check,20.45,20.45,0
572,male,0,yes,no,72,yes,no,no,no_internet_service,no_internet_service,no_internet_service,no_internet_service,no_internet_service,no_internet_service,two_year,no,bank_transfer_(automatic),20.7,1492.1,0
573,male,0,yes,yes,72,yes,yes,no,no_internet_service,no_internet_service,no_internet_service,no_internet_service,no_internet_service,no_internet_service,two_year,no,credit_card_(automatic),25.55,1867.7,0
574,female,0,yes,no,29,yes,no,no,no_internet_service,no_internet_service,no_internet_service,no_internet_service,no_internet_service,no_internet_service,two_year,yes,mailed_check,19.55,521.8,0
575,male,1,yes,no,55,yes,yes,fiber_optic,no,no,no,no,no,no,month_to_month,yes,electronic_check,74.0,4052.4,0
576,female,0,no,no,6,yes,yes,fiber_optic,yes,no,no,no,no,no,month_to_month,yes,electronic_check,79.05,434.5,1
577,female,0,yes,yes,64,yes,yes,fiber_optic,yes,yes,no,yes,yes,yes,two_year,no,bank_transfer_(automatic),110.3,6997.3,0
578,female,0,yes,yes,5,no,no_phone_service,dsl,no,yes,no,yes,no,no,month_to_month,no,electronic_check,34.25,163.55,0
579,female,0,yes,no,57,yes,no,no,no_internet_service,no_internet_service,no_internet_service,no_internet_service,no_internet_service,no_internet_service,two_year,yes,bank_transfer_(automatic),19.6,1134.25,0
580,male,0,no,no,25,yes,no,no,no_internet_service,no_internet_service,no_internet_service,no_internet_service,no_internet_service,no_internet_service,month_to_month,no,mailed_check,20.6,541.5,0
581,male,0,no,no,1,yes,no,fiber_optic,no,no,no,no,no,no,month_to_month,yes,electronic_check,69.9,69.9,1
582,male,0,no,no,35,yes,yes,fiber_optic,no,no,no,no,yes,no,month_to_month,no,electronic_check,83.15,2848.45,0
583,male,0,no,no,1,yes,no,fiber_optic,no,no,no,no,yes,yes,month_to_month,yes,electronic_check,89.1,89.1,1
584,female,0,no,no,3,yes,yes,fiber_optic,no,no,no,no,no,no,month_to_month,yes,electronic_check,75.5,220.6,1
585,female,0,yes,no,68,yes,no,dsl,yes,yes,no,yes,yes,yes,two_year,yes,bank_transfer_(automatic),79.6,5515.8,0
586,female,0,no,yes,41,yes,no,no,no_internet_service,no_internet_service,no_internet_service,no_internet_service,no_internet_service,no_internet_service,one_year,yes,credit_card_(automatic),20.25,865.0,0
587,female,0,yes,yes,2,yes,no,no,no_internet_service,no_internet_service,no_internet_service,no_internet_service,no_internet_service,no_internet_service,one_year,no,mailed_check,20.3,31.9,0
588,female,0,yes,no,48,yes,yes,dsl,yes,no,no,yes,no,no,one_year,yes,bank_transfer_(automatic),60.6,2985.25,0
589,female,0,yes,no,42,no,no_phone_service,dsl,no,yes,no,yes,no,no,one_year,no,mailed_check,33.55,1445.3,1
590,female,1,yes,no,59,yes,yes,fiber_optic,yes,yes,yes,yes,no,no,one_year,yes,electronic_check,94.05,5483.9,0
591,female,1,no,no,13,yes,no,fiber_optic,no,no,yes,no,no,no,month_to_month,yes,electronic_check,74.3,940.35,1
592,male,0,yes,yes,38,yes,yes,fiber_optic,no,no,yes,no,yes,yes,month_to_month,yes,credit_card_(automatic),101.15,3956.7,0
593,female,1,yes,yes,65,yes,yes,fiber_optic,no,yes,yes,no,yes,yes,one_year,yes,electronic_check,107.45,7047.5,0
594,male,1,yes,no,46,no,no_phone_service,dsl,no,yes,yes,yes,yes,yes,one_year,yes,bank_transfer_(automatic),59.9,2816.65,1
595,male,0,no,no,2,yes,yes,no,no_internet_service,no_internet_service,no_internet_service,no_internet_service,no_internet_service,no_internet_service,month_to_month,no,mailed_check,24.85,62.0,0
596,female,1,no,no,29,yes,yes,fiber_optic,no,no,no,yes,yes,yes,month_to_month,no,electronic_check,98.65,2862.75,1
597,male,0,no,no,1,yes,no,no,no_internet_service,no_internet_service,no_internet_service,no_internet_service,no_internet_service,no_internet_service,month_to_month,no,mailed_check,20.6,20.6,0
598,male,0,no,no,52,yes,no,fiber_optic,yes,no,yes,no,yes,no,one_year,no,electronic_check,91.25,4738.3,0
599,male,0,yes,no,6,yes,yes,fiber_optic,no,no,no,no,yes,no,month_to_month,yes,electronic_check,82.85,460.25,1
600,female,0,yes,yes,6,yes,no,no,no_internet_service,no_internet_service,no_internet_service,no_internet_service,no_internet_service,no_internet_service,one_year,no,mailed_check,19.7,94.45,0
601,male,1,no,no,9,yes,yes,fiber_optic,no,yes,no,no,yes,yes,month_to_month,yes,credit_card_(automatic),99.45,919.4,1
602,female,0,yes,yes,9,yes,no,dsl,yes,no,no,no,no,no,one_year,no,mailed_check,48.6,422.3,0
603,male,0,no,no,13,yes,no,fiber_optic,no,no,no,no,no,yes,month_to_month,yes,electronic_check,80.85,1008.7,1
604,male,1,yes,no,41,no,no_phone_service,dsl,no,yes,yes,no,yes,yes,month_to_month,yes,electronic_check,53.95,2215.4,0
605,female,0,yes,yes,51,yes,yes,fiber_optic,no,no,yes,no,no,yes,one_year,yes,electronic_check,90.15,4554.85,0
606,male,0,yes,yes,2,yes,no,dsl,yes,yes,no,yes,no,no,two_year,no,mailed_check,59.5,130.5,0
607,female,1,no,no,5,yes,no,fiber_optic,no,no,no,no,no,yes,month_to_month,no,electronic_check,78.95,378.4,1
608,female,0,no,no,9,yes,yes,fiber_optic,no,no,no,no,no,no,month_to_month,yes,electronic_check,74.75,706.6,1
609,male,0,no,no,1,yes,yes,fiber_optic,no,yes,no,no,no,no,month_to_month,yes,electronic_check,79.15,79.15,1
610,male,0,no,no,3,yes,no,fiber_optic,no,no,no,no,no,no,month_to_month,yes,mailed_check,69.6,207.4,0
611,male,0,yes,no,71,yes,yes,fiber_optic,yes,yes,yes,no,yes,no,two_year,yes,electronic_check,99.0,6994.6,0
612,male,0,no,no,46,yes,yes,fiber_optic,yes,yes,no,no,no,yes,month_to_month,yes,electronic_check,93.7,4154.8,1
613,male,0,no,no,23,yes,yes,fiber_optic,no,no,yes,yes,yes,yes,month_to_month,yes,mailed_check,104.05,2470.1,1
614,female,0,no,no,8,yes,yes,fiber_optic,no,no,yes,no,yes,yes,month_to_month,yes,electronic_check,99.65,820.5,1
615,male,0,no,no,9,no,no_phone_service,dsl,no,no,no,no,yes,yes,month_to_month,yes,electronic_check,45.4,418.8,1
616,female,0,yes,no,57,yes,yes,dsl,no,yes,yes,yes,yes,no,one_year,no,bank_transfer_(automatic),74.6,4368.95,0
617,female,0,yes,yes,66,yes,no,dsl,yes,yes,no,yes,no,no,two_year,yes,credit_card_(automatic),58.2,3810.8,0
618,female,0,yes,no,70,yes,yes,no,no_internet_service,no_internet_service,no_internet_service,no_internet_service,no_internet_service,no_internet_service,two_year,yes,bank_transfer_(automatic),26.0,2006.95,0
619,female,0,yes,yes,67,yes,yes,fiber_optic,yes,no,no,yes,yes,yes,two_year,no,credit_card_(automatic),106.7,7009.5,0
620,female,0,no,no,53,yes,no,fiber_optic,yes,yes,yes,yes,no,yes,two_year,no,mailed_check,99.5,5424.25,0
621,male,0,no,no,8,yes,yes,fiber_optic,no,no,no,no,no,yes,month_to_month,yes,electronic_check,86.55,649.65,1
622,female,0,yes,yes,72,yes,yes,fiber_optic,no,yes,yes,no,yes,yes,one_year,yes,credit_card_(automatic),103.2,7362.9,0
623,female,0,yes,no,70,yes,yes,fiber_optic,no,no,yes,yes,yes,yes,two_year,yes,bank_transfer_(automatic),104.3,7188.5,0
624,male,0,yes,yes,61,yes,yes,dsl,no,no,yes,yes,yes,yes,two_year,yes,bank_transfer_(automatic),81.0,4976.15,0
625,female,1,no,no,66,yes,yes,fiber_optic,no,no,yes,yes,yes,yes,one_year,yes,credit_card_(automatic),102.85,6976.75,0
626,male,0,yes,yes,31,yes,yes,fiber_optic,yes,no,yes,no,yes,no,one_year,no,bank_transfer_(automatic),98.05,3082.1,0
627,male,1,yes,yes,29,yes,yes,fiber_optic,no,no,yes,no,yes,yes,month_to_month,yes,electronic_check,103.95,2964.8,0
628,female,0,yes,yes,1,yes,no,no,no_internet_service,no_internet_service,no_internet_service,no_internet_service,no_internet_service,no_internet_service,month_to_month,yes,mailed_check,19.4,19.4,0
629,female,0,yes,yes,35,yes,no,dsl,yes,no,no,yes,no,no,one_year,yes,bank_transfer_(automatic),54.95,1916.0,0
630,male,0,no,no,72,yes,yes,fiber_optic,yes,yes,yes,yes,yes,yes,two_year,yes,electronic_check,118.2,8547.15,0
631,male,0,yes,yes,68,yes,yes,no,no_internet_service,no_internet_service,no_internet_service,no_internet_service,no_internet_service,no_internet_service,two_year,no,bank_transfer_(automatic),25.4,1620.2,0
632,female,0,yes,yes,30,yes,no,no,no_internet_service,no_internet_service,no_internet_service,no_internet_service,no_internet_service,no_internet_service,two_year,no,mailed_check,19.3,602.9,0
633,female,0,yes,yes,72,yes,yes,dsl,yes,yes,yes,yes,yes,no,two_year,no,bank_transfer_(automatic),80.2,5714.2,0
634,female,1,no,no,64,yes,no,dsl,yes,yes,no,yes,yes,no,two_year,yes,credit_card_(automatic),70.2,4481.0,1
635,female,1,yes,no,13,yes,no,fiber_optic,no,no,no,no,no,no,month_to_month,yes,electronic_check,70.15,916.75,1
636,male,0,yes,no,32,yes,yes,dsl,yes,no,no,yes,yes,no,one_year,yes,credit_card_(automatic),72.8,2333.05,0
637,male,0,no,no,1,yes,no,dsl,yes,no,no,no,no,no,month_to_month,no,electronic_check,47.95,47.95,0
638,female,0,yes,no,7,yes,yes,fiber_optic,no,no,no,no,yes,no,month_to_month,yes,electronic_check,86.5,582.5,1
639,female,0,no,no,13,yes,no,no,no_internet_service,no_internet_service,no_internet_service,no_internet_service,no_internet_service,no_internet_service,two_year,yes,mailed_check,20.4,261.3,0
640,female,0,yes,no,56,yes,yes,fiber_optic,no,no,no,no,yes,no,month_to_month,yes,bank_transfer_(automatic),85.6,4902.8,0
641,female,0,yes,no,53,yes,no,fiber_optic,no,no,no,yes,yes,yes,one_year,yes,electronic_check,93.45,4872.2,0
642,male,0,yes,no,64,yes,yes,dsl,yes,no,no,no,yes,no,one_year,yes,credit_card_(automatic),66.15,4392.5,0
643,female,0,yes,yes,72,yes,no,dsl,yes,yes,yes,no,no,yes,two_year,no,credit_card_(automatic),68.75,4888.2,0
644,female,0,yes,no,56,yes,no,fiber_optic,yes,no,yes,no,no,no,two_year,no,bank_transfer_(automatic),80.3,4513.65,0
645,male,0,no,no,2,yes,no,dsl,yes,no,yes,no,no,no,month_to_month,no,electronic_check,53.45,119.5,0
646,male,0,no,no,3,no,no_phone_service,dsl,no,no,no,yes,no,no,month_to_month,yes,electronic_check,29.75,96.85,0
647,male,0,no,yes,66,yes,yes,dsl,yes,yes,no,yes,no,no,two_year,no,bank_transfer_(automatic),65.7,4378.9,0
648,female,0,no,no,5,yes,yes,fiber_optic,no,yes,no,no,yes,no,month_to_month,yes,electronic_check,90.8,455.5,1
649,male,0,yes,no,72,no,no_phone_service,dsl,yes,yes,yes,no,no,no,two_year,no,bank_transfer_(automatic),42.1,2962.0,0
650,female,0,yes,no,55,yes,no,no,no_internet_service,no_internet_service,no_internet_service,no_internet_service,no_internet_service,no_internet_service,one_year,no,electronic_check,19.7,1140.05,0
651,male,1,yes,yes,71,yes,no,fiber_optic,yes,yes,yes,no,no,no,one_year,yes,bank_transfer_(automatic),86.7,6179.35,0
652,male,1,yes,no,30,yes,yes,fiber_optic,no,no,no,yes,yes,yes,month_to_month,yes,electronic_check,101.5,2917.65,0
653,female,1,no,no,3,yes,no,fiber_optic,no,no,no,no,no,no,month_to_month,yes,electronic_check,70.3,235.5,1
654,male,0,no,no,45,yes,no,no,no_internet_service,no_internet_service,no_internet_service,no_internet_service,no_internet_service,no_internet_service,one_year,yes,electronic_check,20.4,930.45,1
655,female,0,no,no,2,yes,no,no,no_internet_service,no_internet_service,no_internet_service,no_internet_service,no_internet_service,no_internet_service,month_to_month,no,mailed_check,19.4,61.05,0
656,male,0,no,no,20,yes,yes,dsl,yes,no,no,yes,no,no,month_to_month,no,bank_transfer_(automatic),59.2,1191.2,0
657,female,0,yes,yes,72,yes,yes,fiber_optic,yes,yes,no,yes,no,no,two_year,yes,bank_transfer_(automatic),90.35,6563.4,0
658,female,0,yes,yes,38,yes,no,no,no_internet_service,no_internet_service,no_internet_service,no_internet_service,no_internet_service,no_internet_service,two_year,yes,mailed_check,20.2,746.05,0
659,female,0,yes,yes,14,yes,no,fiber_optic,no,no,no,no,no,no,month_to_month,no,electronic_check,70.2,1046.5,0
660,female,0,yes,yes,57,yes,no,dsl,yes,no,yes,yes,no,no,one_year,yes,mailed_check,59.3,3274.35,0
661,female,0,no,no,56,yes,yes,fiber_optic,yes,yes,no,no,yes,yes,month_to_month,yes,credit_card_(automatic),106.6,5893.95,0
662,male,0,no,no,17,yes,no,no,no_internet_service,no_internet_service,no_internet_service,no_internet_service,no_internet_service,no_internet_service,one_year,yes,bank_transfer_(automatic),19.65,351.55,0
663,male,0,no,no,11,yes,no,fiber_optic,no,no,yes,no,no,no,month_to_month,no,electronic_check,72.9,818.45,0
664,female,0,yes,yes,52,yes,no,fiber_optic,yes,no,yes,no,yes,yes,one_year,no,electronic_check,100.3,5244.45,0
665,female,0,no,no,15,yes,yes,fiber_optic,no,yes,no,no,no,no,month_to_month,yes,electronic_check,79.75,1111.85,1
666,female,0,no,no,23,no,no_phone_service,dsl,no,no,no,no,yes,yes,month_to_month,yes,electronic_check,44.95,996.85,0
667,male,0,no,yes,1,yes,no,no,no_internet_service,no_internet_service,no_internet_service,no_internet_service,no_internet_service,no_internet_service,month_to_month,no,mailed_check,20.05,20.05,0
668,female,0,no,no,9,no,no_phone_service,dsl,yes,no,yes,yes,yes,yes,month_to_month,no,mailed_check,58.5,539.85,1
669,male,0,no,no,30,yes,yes,fiber_optic,yes,no,no,no,yes,yes,month_to_month,yes,bank_transfer_(automatic),100.4,2936.25,0
670,male,1,no,no,54,yes,yes,fiber_optic,no,yes,no,no,no,yes,month_to_month,yes,electronic_check,90.05,4931.8,0
671,male,0,yes,no,58,yes,no,dsl,yes,yes,yes,no,no,no,one_year,no,credit_card_(automatic),60.3,3563.8,1
672,male,0,yes,yes,67,yes,yes,fiber_optic,no,yes,no,no,no,yes,month_to_month,yes,bank_transfer_(automatic),89.55,6373.1,0
673,male,1,yes,no,32,yes,yes,fiber_optic,no,yes,yes,no,no,yes,month_to_month,yes,electronic_check,93.5,2970.8,0
674,female,0,no,no,1,yes,no,fiber_optic,no,no,yes,no,yes,no,month_to_month,yes,credit_card_(automatic),85.55,85.55,1
675,female,0,yes,yes,59,yes,yes,no,no_internet_service,no_internet_service,no_internet_service,no_internet_service,no_internet_service,no_internet_service,two_year,no,mailed_check,25.45,1534.05,0
676,male,0,no,no,29,yes,yes,fiber_optic,no,no,no,no,no,yes,month_to_month,yes,electronic_check,84.9,2516.2,0
677,female,0,yes,yes,39,yes,yes,no,no_internet_service,no_internet_service,no_internet_service,no_internet_service,no_internet_service,no_internet_service,one_year,yes,mailed_check,24.2,914.6,0
678,male,0,no,no,63,yes,no,fiber_optic,yes,yes,yes,yes,yes,yes,two_year,no,credit_card_(automatic),109.2,7049.75,0
679,female,0,no,no,8,yes,no,dsl,yes,no,no,no,yes,no,month_to_month,yes,electronic_check,60.0,487.75,0
680,male,0,no,no,8,yes,no,dsl,no,no,no,no,yes,yes,month_to_month,yes,electronic_check,66.25,546.45,0
681,male,0,yes,yes,71,yes,yes,no,no_internet_service,no_internet_service,no_internet_service,no_internet_service,no_internet_service,no_internet_service,two_year,no,credit_card_(automatic),25.35,1847.55,0
682,female,0,yes,yes,15,yes,yes,no,no_internet_service,no_internet_service,no_internet_service,no_internet_service,no_internet_service,no_internet_service,month_to_month,yes,electronic_check,25.25,394.85,0
683,male,1,no,no,7,no,no_phone_service,dsl,no,yes,no,yes,no,yes,month_to_month,yes,electronic_check,44.4,265.8,0
684,male,0,yes,no,25,yes,yes,dsl,no,no,yes,no,no,no,month_to_month,no,credit_card_(automatic),55.55,1405.3,0
685,female,0,no,no,15,yes,no,no,no_internet_service,no_internet_service,no_internet_service,no_internet_service,no_internet_service,no_internet_service,month_to_month,no,mailed_check,19.6,299.4,0
686,male,0,yes,no,59,yes,no,dsl,yes,yes,yes,no,yes,no,one_year,no,credit_card_(automatic),66.4,3958.2,0
687,female,1,no,no,5,yes,no,fiber_optic,no,yes,no,no,yes,no,month_to_month,yes,electronic_check,84.7,392.5,0
688,male,0,no,no,16,yes,yes,dsl,no,yes,no,no,no,no,month_to_month,no,electronic_check,55.3,875.35,0
689,male,0,no,no,38,yes,yes,dsl,yes,yes,yes,yes,no,no,month_to_month,no,electronic_check,69.95,2657.55,0
690,female,0,yes,no,33,yes,no,dsl,no,no,no,yes,no,no,one_year,yes,mailed_check,51.45,1758.9,0
691,female,1,no,no,56,yes,yes,dsl,yes,no,yes,yes,no,yes,two_year,no,bank_transfer_(automatic),73.25,4054.2,0
692,female,0,yes,yes,43,yes,yes,fiber_optic,no,no,yes,no,yes,yes,month_to_month,yes,bank_transfer_(automatic),99.3,4209.95,0
693,male,0,no,no,24,yes,no,fiber_optic,no,no,no,yes,yes,yes,month_to_month,yes,electronic_check,96.0,2122.45,1
694,female,0,no,no,4,no,no_phone_service,dsl,yes,no,yes,no,no,no,month_to_month,no,mailed_check,35.0,135.75,0
695,male,0,no,yes,31,no,no_phone_service,dsl,no,no,no,no,no,no,month_to_month,no,credit_card_(automatic),25.0,789.2,0
696,male,0,yes,no,3,no,no_phone_service,dsl,yes,no,no,yes,no,no,month_to_month,no,mailed_check,35.1,101.1,0
697,female,0,no,no,9,yes,yes,fiber_optic,no,no,no,no,no,no,month_to_month,yes,credit_card_(automatic),75.2,633.85,0
698,male,0,yes,no,47,yes,yes,fiber_optic,no,yes,yes,no,no,no,month_to_month,yes,bank_transfer_(automatic),83.35,4065.0,1
699,male,0,yes,yes,62,yes,no,fiber_optic,yes,yes,no,no,no,no,one_year,yes,credit_card_(automatic),81.45,4983.05,0
700,female,0,no,no,8,yes,yes,dsl,yes,yes,yes,no,no,no,month_to_month,yes,bank_transfer_(automatic),65.5,573.15,0
701,female,0,no,no,1,yes,no,dsl,no,no,no,no,no,no,month_to_month,yes,mailed_check,44.0,44.0,0
702,male,0,yes,yes,70,yes,yes,dsl,yes,no,yes,no,yes,no,two_year,no,credit_card_(automatic),68.95,4858.7,0
703,female,1,no,no,65,no,no_phone_service,dsl,no,yes,yes,no,yes,yes,two_year,yes,bank_transfer_(automatic),53.5,3517.9,0
704,male,0,yes,yes,32,yes,no,fiber_optic,no,no,no,no,no,no,month_to_month,yes,bank_transfer_(automatic),69.75,2347.9,1
705,female,0,no,no,41,yes,yes,fiber_optic,yes,yes,yes,yes,yes,yes,month_to_month,yes,bank_transfer_(automatic),114.5,4527.45,1
706,male,0,no,no,4,yes,no,dsl,no,no,no,no,no,no,month_to_month,no,mailed_check,44.55,220.75,0
707,male,0,no,yes,9,yes,no,dsl,no,no,no,no,yes,no,month_to_month,no,electronic_check,55.35,449.75,1
708,male,0,no,no,11,yes,no,fiber_optic,no,yes,no,no,no,no,month_to_month,no,electronic_check,74.95,815.5,1
709,male,1,no,no,14,yes,yes,fiber_optic,no,no,no,no,no,no,month_to_month,yes,electronic_check,74.95,1036.75,1
710,male,0,no,yes,52,yes,yes,no,no_internet_service,no_internet_service,no_internet_service,no_internet_service,no_internet_service,no_internet_service,two_year,no,credit_card_(automatic),25.6,1334.5,0
711,male,0,yes,yes,22,yes,no,fiber_optic,no,yes,yes,no,yes,yes,one_year,yes,mailed_check,100.05,2090.25,0
712,male,0,yes,no,22,yes,yes,fiber_optic,yes,no,no,yes,yes,no,month_to_month,no,credit_card_(automatic),95.9,2234.95,0
713,male,0,yes,no,16,yes,no,fiber_optic,yes,yes,no,no,no,no,month_to_month,no,bank_transfer_(automatic),80.75,1321.3,0
714,male,0,no,no,58,yes,no,no,no_internet_service,no_internet_service,no_internet_service,no_internet_service,no_internet_service,no_internet_service,two_year,no,mailed_check,20.8,1212.25,0
715,female,0,yes,yes,27,yes,no,dsl,no,yes,no,no,no,no,month_to_month,no,mailed_check,49.85,1336.15,0
716,male,0,yes,yes,32,yes,no,no,no_internet_service,no_internet_service,no_internet_service,no_internet_service,no_internet_service,no_internet_service,two_year,no,mailed_check,18.95,613.95,0
717,male,0,no,no,1,yes,yes,dsl,yes,yes,no,no,no,no,month_to_month,no,electronic_check,61.15,61.15,0
718,female,0,yes,no,27,yes,yes,fiber_optic,no,no,no,no,yes,yes,month_to_month,no,credit_card_(automatic),95.0,2462.55,0
719,female,1,no,no,13,yes,no,dsl,no,yes,yes,no,no,no,month_to_month,yes,electronic_check,54.8,731.3,0
720,male,1,yes,no,8,yes,no,dsl,yes,no,no,no,yes,no,month_to_month,no,bank_transfer_(automatic),60.9,551.95,0
721,female,0,no,no,5,yes,no,fiber_optic,no,yes,no,no,yes,yes,month_to_month,yes,electronic_check,96.25,512.45,1
722,male,0,yes,yes,31,no,no_phone_service,dsl,yes,no,yes,yes,yes,yes,one_year,no,electronic_check,59.95,1848.8,0
723,male,0,yes,no,41,yes,no,no,no_internet_service,no_internet_service,no_internet_service,no_internet_service,no_internet_service,no_internet_service,two_year,yes,electronic_check,19.75,899.45,0
724,male,0,yes,no,69,yes,yes,fiber_optic,no,yes,no,yes,yes,no,two_year,yes,mailed_check,92.45,6460.55,0
725,male,0,yes,no,36,yes,yes,fiber_optic,no,no,no,no,yes,yes,month_to_month,yes,bank_transfer_(automatic),95.0,3440.25,0
726,female,0,yes,yes,11,yes,yes,no,no_internet_service,no_internet_service,no_internet_service,no_internet_service,no_internet_service,no_internet_service,two_year,no,mailed_check,25.0,300.7,0
727,male,0,no,no,9,yes,yes,fiber_optic,no,no,no,no,no,no,month_to_month,yes,electronic_check,75.85,724.65,0
728,female,0,yes,yes,52,yes,no,no,no_internet_service,no_internet_service,no_internet_service,no_internet_service,no_internet_service,no_internet_service,two_year,no,mailed_check,19.35,1031.7,0
729,female,1,no,no,44,yes,no,dsl,no,no,yes,yes,yes,yes,one_year,no,bank_transfer_(automatic),74.85,3268.05,0
730,male,0,yes,yes,5,yes,yes,fiber_optic,yes,no,yes,no,no,no,month_to_month,yes,electronic_check,84.5,453.75,1
731,male,0,yes,no,70,yes,yes,fiber_optic,yes,yes,yes,yes,yes,yes,two_year,no,credit_card_(automatic),114.3,8244.3,0
732,female,0,yes,yes,7,yes,no,dsl,yes,yes,yes,yes,yes,no,month_to_month,yes,electronic_check,75.7,554.05,0
733,female,0,no,no,58,yes,yes,no,no_internet_service,no_internet_service,no_internet_service,no_internet_service,no_internet_service,no_internet_service,two_year,yes,credit_card_(automatic),24.7,1519.0,0
734,male,0,no,no,26,yes,no,fiber_optic,no,yes,no,no,no,no,one_year,no,bank_transfer_(automatic),75.5,2018.1,0
735,female,0,yes,no,2,yes,no,fiber_optic,no,yes,yes,no,no,no,month_to_month,no,bank_transfer_(automatic),79.7,165.0,1
736,male,0,yes,yes,7,no,no_phone_service,dsl,yes,yes,yes,no,no,no,two_year,no,mailed_check,38.55,280.0,0
737,male,0,yes,no,28,yes,no,dsl,yes,yes,no,yes,no,no,month_to_month,no,mailed_check,60.9,1785.65,0
738,female,1,no,no,2,yes,no,fiber_optic,no,no,no,no,no,no,month_to_month,yes,bank_transfer_(automatic),70.2,115.95,1
739,female,1,no,no,39,yes,yes,fiber_optic,no,no,yes,no,yes,yes,month_to_month,yes,electronic_check,99.75,4036.0,0
740,male,1,yes,no,36,yes,yes,fiber_optic,no,yes,no,no,yes,yes,month_to_month,yes,electronic_check,96.5,3436.1,1
741,male,0,yes,yes,31,yes,no,dsl,no,no,yes,yes,no,no,month_to_month,no,mailed_check,54.35,1647.0,0
742,female,1,yes,no,71,yes,no,fiber_optic,yes,yes,yes,yes,yes,no,two_year,yes,electronic_check,99.4,7168.25,0
743,female,0,no,no,30,yes,no,dsl,yes,yes,yes,yes,yes,yes,one_year,no,bank_transfer_(automatic),85.35,2530.4,1
744,male,1,no,no,1,yes,no,fiber_optic,no,no,no,yes,no,no,month_to_month,no,electronic_check,74.7,74.7,0
745,male,0,yes,no,68,yes,no,fiber_optic,no,yes,no,yes,yes,yes,one_year,yes,electronic_check,100.3,6754.35,0
746,male,0,no,no,9,yes,no,fiber_optic,no,no,yes,no,no,no,month_to_month,yes,electronic_check,73.8,704.3,0
747,male,0,no,no,72,yes,no,dsl,yes,yes,yes,yes,yes,no,two_year,yes,bank_transfer_(automatic),75.1,5336.35,0
748,male,0,no,no,7,yes,no,dsl,no,no,yes,yes,yes,no,month_to_month,no,bank_transfer_(automatic),64.3,445.95,0
749,male,0,yes,no,70,yes,yes,dsl,yes,no,yes,yes,no,yes,two_year,yes,credit_card_(automatic),74.8,5315.8,0
750,female,0,no,yes,19,yes,no,dsl,yes,yes,yes,no,no,no,month_to_month,yes,electronic_check,60.6,1297.8,0
751,female,0,yes,no,72,yes,yes,fiber_optic,yes,yes,yes,no,yes,yes,two_year,yes,electronic_check,110.75,7751.7,0
752,female,0,no,no,71,yes,yes,fiber_optic,yes,yes,yes,yes,yes,yes,two_year,yes,credit_card_(automatic),113.15,7993.3,0
753,male,0,yes,no,54,no,no_phone_service,dsl,no,yes,no,no,no,no,month_to_month,no,electronic_check,30.4,1621.35,0
754,female,0,no,no,34,yes,yes,fiber_optic,no,no,no,no,yes,no,month_to_month,no,electronic_check,85.35,2896.6,0
755,male,0,no,no,68,yes,yes,dsl,yes,yes,yes,no,no,yes,one_year,no,credit_card_(automatic),76.75,5233.25,0
756,female,0,yes,yes,7,yes,no,dsl,yes,no,no,no,no,no,month_to_month,no,mailed_check,50.7,350.35,0
757,female,0,no,no,72,yes,yes,no,no_internet_service,no_internet_service,no_internet_service,no_internet_service,no_internet_service,no_internet_service,two_year,no,credit_card_(automatic),25.45,1866.45,0
758,male,0,yes,yes,36,yes,no,no,no_internet_service,no_internet_service,no_internet_service,no_internet_service,no_internet_service,no_internet_service,two_year,no,credit_card_(automatic),19.45,754.5,0
759,female,0,yes,no,72,yes,yes,fiber_optic,yes,no,yes,no,yes,yes,two_year,yes,credit_card_(automatic),105.0,7589.8,0
760,female,0,yes,yes,28,yes,yes,dsl,no,no,no,no,no,no,month_to_month,no,mailed_check,49.9,1410.25,0
761,male,0,no,no,34,yes,no,dsl,no,yes,no,no,no,no,month_to_month,yes,electronic_check,49.8,1734.2,0
762,male,0,yes,no,29,yes,yes,fiber_optic,yes,yes,no,no,no,no,month_to_month,yes,electronic_check,84.45,2467.1,1
763,female,0,yes,yes,1,no,no_phone_service,dsl,no,no,no,yes,yes,no,month_to_month,no,electronic_check,40.1,40.1,1
764,male,0,yes,yes,71,yes,no,dsl,no,yes,no,yes,yes,yes,two_year,yes,credit_card_(automatic),73.35,5154.5,0
765,male,1,yes,no,63,yes,no,dsl,yes,yes,yes,yes,yes,yes,one_year,yes,bank_transfer_(automatic),84.0,5329.55,0
766,male,0,no,no,46,yes,no,no,no_internet_service,no_internet_service,no_internet_service,no_internet_service,no_internet_service,no_internet_service,two_year,no,credit_card_(automatic),19.2,908.15,0
767,male,0,no,no,3,yes,no,dsl,no,no,no,no,yes,no,month_to_month,no,credit_card_(automatic),53.4,188.7,1
768,male,0,yes,yes,72,no,no_phone_service,dsl,yes,yes,yes,yes,yes,yes,two_year,yes,credit_card_(automatic),64.8,4719.75,0
769,female,1,yes,no,72,yes,yes,fiber_optic,yes,yes,yes,yes,yes,yes,two_year,yes,credit_card_(automatic),115.75,8443.7,0
770,female,0,yes,yes,61,yes,yes,dsl,yes,yes,no,no,no,no,month_to_month,no,electronic_check,59.8,3641.5,0
771,male,0,no,no,25,yes,no,no,no_internet_service,no_internet_service,no_internet_service,no_internet_service,no_internet_service,no_internet_service,month_to_month,yes,mailed_check,20.15,536.35,0
772,female,0,yes,yes,5,yes,no,fiber_optic,no,no,no,no,yes,no,month_to_month,yes,electronic_check,80.85,356.1,0
773,male,1,yes,no,72,yes,yes,fiber_optic,yes,yes,yes,yes,yes,yes,two_year,yes,mailed_check,114.5,8331.95,0
774,female,0,no,no,8,yes,yes,fiber_optic,no,no,no,no,no,no,month_to_month,yes,electronic_check,75.25,576.7,0
775,female,0,no,no,63,yes,yes,fiber_optic,yes,yes,yes,no,yes,yes,month_to_month,no,credit_card_(automatic),108.25,6780.1,0
776,female,0,yes,yes,42,yes,yes,no,no_internet_service,no_internet_service,no_internet_service,no_internet_service,no_internet_service,no_internet_service,two_year,no,electronic_check,22.95,1014.25,0
777,female,0,no,no,15,yes,no,no,no_internet_service,no_internet_service,no_internet_service,no_internet_service,no_internet_service,no_internet_service,two_year,no,mailed_check,19.6,331.6,0
778,male,0,yes,no,5,yes,yes,fiber_optic,no,yes,no,yes,no,no,month_to_month,yes,electronic_check,85.4,401.1,1
779,male,0,yes,yes,40,no,no_phone_service,dsl,no,yes,yes,yes,yes,yes,one_year,no,mailed_check,60.3,2448.5,0
780,female,0,yes,yes,22,yes,no,dsl,no,yes,no,yes,no,no,month_to_month,no,electronic_check,55.15,1206.05,1
781,male,0,yes,yes,10,yes,no,dsl,no,yes,no,no,no,no,one_year,no,mailed_check,49.55,475.7,0
782,female,1,no,no,17,yes,yes,fiber_optic,no,no,yes,no,no,no,month_to_month,yes,credit_card_(automatic),82.65,1470.05,0
783,female,0,no,no,61,yes,yes,fiber_optic,yes,yes,yes,yes,yes,yes,one_year,yes,electronic_check,118.6,7365.7,0
784,female,0,yes,no,68,yes,yes,fiber_optic,no,yes,yes,yes,no,no,two_year,no,credit_card_(automatic),90.2,6297.65,0
785,male,0,yes,yes,6,yes,no,no,no_internet_service,no_internet_service,no_internet_service,no_internet_service,no_internet_service,no_internet_service,two_year,yes,credit_card_(automatic),20.4,107.6,0
786,female,0,yes,yes,72,no,no_phone_service,dsl,yes,yes,yes,yes,no,yes,two_year,no,credit_card_(automatic),55.65,3880.05,0
787,male,1,no,no,35,yes,yes,fiber_optic,yes,no,no,no,no,yes,month_to_month,no,credit_card_(automatic),91.0,3180.5,0
788,female,0,yes,yes,1,yes,no,no,no_internet_service,no_internet_service,no_internet_service,no_internet_service,no_internet_service,no_internet_service,month_to_month,no,electronic_check,20.0,20.0,0
789,female,1,yes,no,13,no,no_phone_service,dsl,no,no,no,no,yes,yes,month_to_month,no,electronic_check,45.3,528.45,0
790,female,0,no,no,2,yes,no,dsl,no,yes,no,no,no,no,month_to_month,no,mailed_check,49.2,103.7,0
791,male,1,no,no,5,yes,no,fiber_optic,no,no,no,no,yes,yes,month_to_month,yes,electronic_check,89.5,477.7,1
792,female,0,no,no,66,no,no_phone_service,dsl,yes,yes,yes,yes,yes,yes,two_year,yes,bank_transfer_(automatic),62.5,4136.4,0
793,male,0,yes,yes,19,no,no_phone_service,dsl,yes,yes,no,no,no,no,month_to_month,yes,mailed_check,34.95,610.2,0
794,male,0,no,no,1,yes,no,dsl,no,no,no,no,no,no,month_to_month,yes,mailed_check,45.55,45.55,0
795,male,0,no,no,9,yes,no,no,no_internet_service,no_internet_service,no_internet_service,no_internet_service,no_internet_service,no_internet_service,month_to_month,no,mailed_check,20.25,178.5,1
796,female,0,yes,yes,26,yes,no,no,no_internet_service,no_internet_service,no_internet_service,no_internet_service,no_internet_service,no_internet_service,month_to_month,yes,credit_card_(automatic),20.25,493.95,0
797,female,0,no,no,39,no,no_phone_service,dsl,no,no,yes,no,yes,yes,month_to_month,yes,electronic_check,50.75,2011.4,1
798,female,0,no,no,38,yes,no,fiber_optic,no,no,no,no,yes,yes,one_year,yes,mailed_check,89.1,3342.0,0
799,female,1,yes,yes,11,yes,yes,fiber_optic,no,no,yes,no,no,no,month_to_month,yes,credit_card_(automatic),78.1,864.85,0
800,female,0,yes,no,58,yes,yes,fiber_optic,yes,yes,no,yes,yes,yes,two_year,yes,credit_card_(automatic),109.1,6393.65,0
801,female,0,yes,yes,15,yes,no,no,no_internet_service,no_internet_service,no_internet_service,no_internet_service,no_internet_service,no_internet_service,one_year,no,credit_card_(automatic),20.35,335.95,0
802,male,0,yes,yes,6,yes,no,no,no_internet_service,no_internet_service,no_internet_service,no_internet_service,no_internet_service,no_internet_service,month_to_month,no,mailed_check,19.55,122.9,0
803,male,0,no,no,1,yes,no,dsl,no,no,no,no,no,yes,month_to_month,yes,mailed_check,55.7,55.7,1
804,female,0,yes,yes,9,yes,no,dsl,yes,yes,yes,yes,no,no,month_to_month,no,mailed_check,65.0,663.05,1
805,female,1,no,no,31,yes,yes,fiber_optic,no,no,no,no,no,no,month_to_month,yes,electronic_check,73.9,2217.15,1
806,male,0,yes,yes,24,yes,yes,dsl,yes,no,yes,yes,yes,yes,one_year,yes,mailed_check,84.8,1990.5,0
807,male,0,yes,no,3,yes,yes,no,no_internet_service,no_internet_service,no_internet_service,no_internet_service,no_internet_service,no_internet_service,month_to_month,yes,mailed_check,23.6,89.05,0
808,male,0,no,no,1,yes,no,no,no_internet_service,no_internet_service,no_internet_service,no_internet_service,no_internet_service,no_internet_service,month_to_month,no,mailed_check,19.45,19.45,0
809,male,0,no,no,11,yes,no,fiber_optic,no,no,yes,no,no,yes,month_to_month,no,electronic_check,84.8,888.75,0
810,male,0,yes,no,46,yes,yes,fiber_optic,no,yes,yes,no,yes,no,one_year,yes,electronic_check,94.65,4312.5,0
811,male,0,no,no,35,yes,yes,fiber_optic,no,no,no,no,no,no,month_to_month,no,credit_card_(automatic),75.35,2636.05,1
812,male,0,yes,yes,20,yes,no,fiber_optic,no,no,no,no,no,no,month_to_month,yes,electronic_check,70.45,1470.95,1
813,male,0,yes,no,56,yes,yes,no,no_internet_service,no_internet_service,no_internet_service,no_internet_service,no_internet_service,no_internet_service,two_year,yes,credit_card_(automatic),25.15,1327.15,1
814,male,0,yes,yes,4,yes,no,dsl,no,no,no,no,no,no,month_to_month,no,electronic_check,44.8,169.65,0
815,female,0,yes,yes,65,yes,yes,no,no_internet_service,no_internet_service,no_internet_service,no_internet_service,no_internet_service,no_internet_service,two_year,yes,bank_transfer_(automatic),25.3,1748.55,0
816,female,0,yes,no,13,no,no_phone_service,dsl,no,no,yes,no,yes,yes,month_to_month,yes,bank_transfer_(automatic),48.75,633.4,1
817,male,1,yes,no,60,yes,yes,fiber_optic,no,yes,yes,no,yes,yes,one_year,yes,electronic_check,104.35,6339.45,0
818,female,0,no,no,33,yes,no,fiber_optic,no,no,no,no,no,no,month_to_month,yes,bank_transfer_(automatic),70.4,2406.1,0
819,female,0,no,no,6,yes,no,fiber_optic,no,yes,no,no,no,yes,month_to_month,yes,mailed_check,85.95,514.6,0
820,male,0,no,no,1,yes,no,no,no_internet_service,no_internet_service,no_internet_service,no_internet_service,no_internet_service,no_internet_service,month_to_month,no,mailed_check,20.2,20.2,0
821,male,0,no,yes,49,yes,yes,fiber_optic,yes,yes,yes,no,yes,yes,one_year,yes,credit_card_(automatic),109.2,5290.45,0
822,male,0,no,no,1,yes,no,fiber_optic,no,no,no,no,no,yes,month_to_month,yes,mailed_check,80.85,80.85,1
823,male,0,no,no,13,yes,no,dsl,no,yes,no,yes,yes,yes,month_to_month,no,mailed_check,73.35,931.55,0
824,male,0,yes,no,24,yes,yes,dsl,yes,no,no,yes,no,no,one_year,yes,electronic_check,58.35,1346.9,0
825,female,0,yes,yes,72,yes,yes,no,no_internet_service,no_internet_service,no_internet_service,no_internet_service,no_internet_service,no_internet_service,two_year,no,bank_transfer_(automatic),23.75,1679.25,0
826,female,0,no,no,1,yes,no,dsl,no,no,no,yes,no,no,month_to_month,yes,electronic_check,50.8,50.8,1
827,female,0,yes,yes,30,no,no_phone_service,dsl,no,no,no,yes,yes,yes,month_to_month,no,credit_card_(automatic),51.2,1561.5,1
828,male,0,no,no,1,yes,no,dsl,yes,no,no,no,no,no,month_to_month,yes,mailed_check,50.7,50.7,0
829,female,0,no,no,7,yes,no,dsl,no,no,yes,yes,no,yes,month_to_month,no,bank_transfer_(automatic),62.8,418.3,0
830,female,0,no,no,15,yes,no,no,no_internet_service,no_internet_service,no_internet_service,no_internet_service,no_internet_service,no_internet_service,month_to_month,no,bank_transfer_(automatic),19.4,289.3,1
831,female,0,yes,yes,37,yes,yes,fiber_optic,no,no,no,no,yes,yes,month_to_month,yes,electronic_check,95.25,3314.15,0
832,female,0,no,no,27,yes,yes,fiber_optic,no,no,no,no,yes,yes,month_to_month,yes,mailed_check,94.55,2724.6,1
833,female,0,no,no,12,yes,yes,dsl,no,no,no,yes,yes,yes,one_year,no,mailed_check,74.05,872.65,1
834,female,0,yes,yes,4,yes,yes,dsl,no,no,no,no,no,no,month_to_month,no,mailed_check,50.85,239.55,1
835,male,0,yes,yes,28,no,no_phone_service,dsl,no,yes,yes,yes,yes,yes,one_year,yes,credit_card_(automatic),60.0,1682.05,0
836,male,0,no,no,14,yes,no,no,no_internet_service,no_internet_service,no_internet_service,no_internet_service,no_internet_service,no_internet_service,month_to_month,no,mailed_check,19.9,283.75,0
837,female,0,yes,no,65,yes,yes,fiber_optic,yes,no,yes,no,yes,yes,month_to_month,yes,electronic_check,105.05,6914.95,0
838,male,0,yes,yes,11,yes,no,no,no_internet_service,no_internet_service,no_internet_service,no_internet_service,no_internet_service,no_internet_service,month_to_month,no,bank_transfer_(automatic),20.95,267.35,0
839,female,0,no,yes,67,yes,yes,fiber_optic,no,yes,no,yes,yes,yes,two_year,yes,electronic_check,104.0,7039.05,0
840,male,0,no,no,7,yes,no,no,no_internet_service,no_internet_service,no_internet_service,no_internet_service,no_internet_service,no_internet_service,one_year,no,mailed_check,19.5,128.6,0
841,female,1,no,no,72,yes,yes,fiber_optic,yes,yes,yes,yes,no,yes,two_year,yes,bank_transfer_(automatic),107.4,7748.75,0
842,male,1,no,no,5,yes,no,fiber_optic,no,no,no,no,no,no,month_to_month,yes,mailed_check,70.25,331.9,1
843,male,0,yes,no,44,yes,no,dsl,yes,yes,no,yes,no,no,one_year,yes,bank_transfer_(automatic),59.85,2603.95,0
844,female,0,no,no,4,yes,yes,fiber_optic,no,no,no,yes,yes,yes,month_to_month,yes,mailed_check,100.85,399.25,0
845,male,0,no,no,17,yes,no,no,no_internet_service,no_internet_service,no_internet_service,no_internet_service,no_internet_service,no_internet_service,one_year,no,mailed_check,19.95,310.6,0
846,male,1,yes,no,4,yes,yes,fiber_optic,no,no,no,no,no,no,month_to_month,no,electronic_check,74.95,308.7,1
847,female,0,no,no,2,yes,no,fiber_optic,no,no,no,no,yes,no,month_to_month,yes,electronic_check,80.2,146.05,1
848,male,0,yes,no,60,yes,yes,fiber_optic,no,yes,yes,no,yes,yes,one_year,no,bank_transfer_(automatic),102.5,6157.6,0
849,female,0,no,no,33,yes,no,fiber_optic,no,yes,no,yes,no,no,one_year,yes,bank_transfer_(automatic),79.95,2684.85,0
850,male,0,yes,yes,61,yes,no,fiber_optic,no,yes,no,yes,yes,yes,one_year,yes,bank_transfer_(automatic),98.45,6145.2,0
851,male,1,yes,no,23,yes,no,no,no_internet_service,no_internet_service,no_internet_service,no_internet_service,no_internet_service,no_internet_service,one_year,yes,electronic_check,20.75,485.2,0
852,female,0,yes,no,25,yes,yes,dsl,no,yes,no,no,no,no,month_to_month,no,electronic_check,54.1,1373.0,0
853,male,0,no,no,1,yes,no,dsl,no,no,no,no,no,no,month_to_month,no,credit_card_(automatic),46.2,46.2,1
854,male,0,no,no,1,yes,no,dsl,no,no,no,no,no,no,month_to_month,no,mailed_check,44.6,44.6,0
855,female,0,no,no,1,yes,yes,no,no_internet_service,no_internet_service,no_internet_service,no_internet_service,no_internet_service,no_internet_service,month_to_month,yes,mailed_check,25.75,25.75,0
856,male,0,no,no,10,yes,no,dsl,no,no,no,no,no,no,month_to_month,yes,credit_card_(automatic),45.8,436.2,0
857,female,0,yes,yes,71,no,no_phone_service,dsl,yes,yes,no,yes,yes,yes,two_year,no,bank_transfer_(automatic),59.7,4122.65,0
858,female,0,yes,yes,71,yes,no,dsl,yes,yes,yes,yes,no,no,two_year,no,credit_card_(automatic),64.05,4492.9,0
859,male,0,no,no,67,yes,yes,fiber_optic,yes,yes,yes,yes,yes,yes,two_year,no,credit_card_(automatic),116.2,7752.3,1
860,male,0,no,no,1,yes,no,fiber_optic,no,no,no,no,yes,yes,month_to_month,yes,electronic_check,88.35,88.35,1
861,female,0,no,no,13,no,no_phone_service,dsl,no,yes,no,no,no,no,month_to_month,no,electronic_check,29.15,357.15,0
862,female,0,yes,yes,35,yes,yes,no,no_internet_service,no_internet_service,no_internet_service,no_internet_service,no_internet_service,no_internet_service,two_year,no,bank_transfer_(automatic),24.3,821.6,0
863,female,0,yes,yes,18,yes,no,no,no_internet_service,no_internet_service,no_internet_service,no_internet_service,no_internet_service,no_internet_service,month_to_month,yes,mailed_check,20.25,401.95,0
864,male,0,yes,yes,68,yes,no,dsl,yes,yes,no,yes,yes,yes,two_year,no,bank_transfer_(automatic),82.85,5776.45,0
865,female,0,no,no,1,no,no_phone_service,dsl,no,no,no,no,no,no,month_to_month,no,mailed_check,25.2,25.2,1
866,female,0,no,no,3,yes,no,dsl,no,no,yes,no,yes,yes,one_year,yes,electronic_check,69.95,220.45,0
867,female,0,no,no,1,no,no_phone_service,dsl,no,no,no,no,no,yes,month_to_month,no,mailed_check,35.05,35.05,1
868,female,0,yes,yes,52,yes,no,dsl,no,no,yes,no,no,no,one_year,yes,bank_transfer_(automatic),50.95,2610.65,0
869,male,0,yes,yes,70,yes,yes,dsl,no,yes,yes,yes,yes,yes,two_year,yes,credit_card_(automatic),85.95,5931.75,0
870,female,0,no,no,3,yes,no,no,no_internet_service,no_internet_service,no_internet_service,no_internet_service,no_internet_service,no_internet_service,month_to_month,no,electronic_check,20.2,65.95,0
871,male,0,yes,no,48,yes,yes,fiber_optic,yes,yes,yes,no,yes,yes,month_to_month,yes,bank_transfer_(automatic),111.45,5315.1,0
872,female,0,no,no,30,yes,yes,fiber_optic,no,yes,yes,yes,yes,yes,one_year,no,credit_card_(automatic),110.45,3327.05,0
873,female,1,yes,no,1,yes,yes,fiber_optic,no,yes,no,no,yes,no,month_to_month,yes,electronic_check,90.6,90.6,1
874,male,0,yes,no,71,yes,yes,fiber_optic,yes,yes,yes,yes,yes,yes,two_year,yes,bank_transfer_(automatic),116.1,8310.55,0
875,female,0,yes,yes,19,no,no_phone_service,dsl,no,no,no,no,no,no,month_to_month,yes,mailed_check,24.85,434.8,0
876,female,1,yes,no,54,yes,yes,fiber_optic,yes,yes,yes,yes,yes,yes,one_year,yes,bank_transfer_(automatic),115.6,6431.05,0
877,female,1,yes,no,31,no,no_phone_service,dsl,yes,yes,yes,no,no,yes,one_year,yes,credit_card_(automatic),50.4,1580.1,0
878,male,0,yes,yes,50,yes,yes,dsl,no,no,yes,yes,yes,no,one_year,yes,electronic_check,69.65,3442.15,0
879,female,1,no,no,1,yes,no,fiber_optic,no,no,no,no,yes,yes,month_to_month,yes,electronic_check,91.3,91.3,1
880,male,1,yes,no,34,yes,yes,fiber_optic,no,no,no,no,no,no,month_to_month,yes,electronic_check,75.55,2425.4,0
881,male,0,no,yes,2,yes,no,no,no_internet_service,no_internet_service,no_internet_service,no_internet_service,no_internet_service,no_internet_service,month_to_month,no,mailed_check,20.4,42.9,0
882,male,0,no,no,57,yes,yes,fiber_optic,no,no,no,yes,yes,no,two_year,yes,credit_card_(automatic),90.45,5229.8,0
883,male,0,yes,yes,71,yes,yes,dsl,yes,no,no,no,yes,no,one_year,yes,electronic_check,66.2,4692.55,0
884,female,0,yes,yes,58,yes,no,no,no_internet_service,no_internet_service,no_internet_service,no_internet_service,no_internet_service,no_internet_service,two_year,yes,mailed_check,19.85,1158.85,0
885,male,0,no,no,13,yes,no,fiber_optic,no,no,yes,no,yes,no,month_to_month,yes,electronic_check,83.2,1060.6,1
886,female,0,yes,yes,3,yes,no,dsl,no,no,no,no,no,no,month_to_month,no,mailed_check,44.3,134.5,1
887,female,0,yes,yes,61,yes,no,dsl,no,no,yes,yes,yes,yes,two_year,yes,bank_transfer_(automatic),73.8,4616.05,0
888,male,0,yes,no,72,yes,yes,fiber_optic,yes,yes,no,yes,yes,yes,two_year,yes,credit_card_(automatic),109.95,7852.4,0
889,female,0,yes,no,68,yes,yes,no,no_internet_service,no_internet_service,no_internet_service,no_internet_service,no_internet_service,no_internet_service,two_year,no,credit_card_(automatic),25.8,1911.5,0
890,male,0,yes,no,72,yes,yes,fiber_optic,no,yes,yes,yes,yes,yes,two_year,yes,credit_card_(automatic),110.6,7962.2,0
891,female,0,yes,yes,23,yes,yes,no,no_internet_service,no_internet_service,no_internet_service,no_internet_service,no_internet_service,no_internet_service,two_year,no,mailed_check,23.85,625.65,0
892,female,0,no,no,1,yes,yes,fiber_optic,no,no,no,no,no,no,month_to_month,yes,electronic_check,74.5,74.5,1
893,male,0,no,no,12,yes,no,no,no_internet_service,no_internet_service,no_internet_service,no_internet_service,no_internet_service,no_internet_service,month_to_month,no,credit_card_(automatic),20.05,265.45,0
894,female,0,no,yes,5,yes,no,dsl,no,no,no,yes,no,no,month_to_month,yes,mailed_check,51.0,286.8,0
895,male,0,yes,no,71,yes,no,dsl,yes,no,yes,yes,yes,yes,two_year,yes,electronic_check,82.55,5832.65,0
896,male,0,no,no,4,yes,no,dsl,no,no,no,no,no,yes,month_to_month,yes,mailed_check,55.3,238.5,0
897,female,1,no,no,8,yes,yes,fiber_optic,no,no,no,no,no,yes,month_to_month,no,electronic_check,85.2,695.75,0
898,male,0,no,no,31,yes,no,fiber_optic,no,yes,no,no,yes,yes,month_to_month,yes,electronic_check,94.5,2979.2,0
899,female,0,no,no,39,yes,no,dsl,no,no,no,yes,no,yes,one_year,no,electronic_check,59.3,2209.15,0
900,male,0,no,no,6,yes,no,dsl,no,no,no,yes,no,no,month_to_month,yes,credit_card_(automatic),49.5,312.7,0
901,female,1,no,no,32,yes,no,fiber_optic,no,no,no,no,yes,yes,month_to_month,no,electronic_check,90.95,2897.95,0
902,male,1,no,no,35,yes,no,dsl,no,no,yes,yes,yes,yes,one_year,yes,electronic_check,73.0,2471.25,0
903,male,0,no,no,9,yes,no,dsl,no,no,no,no,no,no,month_to_month,yes,mailed_check,44.4,348.15,0
904,male,0,no,no,22,yes,no,fiber_optic,no,no,no,no,no,no,month_to_month,yes,mailed_check,69.7,1490.4,0
905,male,0,no,no,8,no,no_phone_service,dsl,yes,no,no,no,no,no,month_to_month,yes,electronic_check,30.45,226.45,1
906,female,0,yes,yes,64,yes,no,no,no_internet_service,no_internet_service,no_internet_service,no_internet_service,no_internet_service,no_internet_service,one_year,no,bank_transfer_(automatic),19.8,1336.65,0
907,female,0,no,no,61,yes,yes,dsl,no,yes,yes,yes,yes,yes,two_year,no,credit_card_(automatic),88.65,5321.25,0
908,male,0,no,no,1,yes,no,no,no_internet_service,no_internet_service,no_internet_service,no_internet_service,no_internet_service,no_internet_service,month_to_month,yes,mailed_check,20.45,20.45,0
909,male,0,yes,yes,62,yes,no,no,no_internet_service,no_internet_service,no_internet_service,no_internet_service,no_internet_service,no_internet_service,two_year,no,credit_card_(automatic),20.05,1263.9,0
910,female,0,yes,no,67,yes,no,no,no_internet_service,no_internet_service,no_internet_service,no_internet_service,no_internet_service,no_internet_service,two_year,no,mailed_check,19.65,1335.2,0
911,female,0,yes,no,46,no,no_phone_service,dsl,yes,yes,no,no,yes,no,month_to_month,no,electronic_check,45.55,2062.15,0
912,female,0,no,no,7,yes,yes,fiber_optic,no,no,no,no,no,no,month_to_month,no,mailed_check,75.45,480.75,1
913,female,0,no,no,52,yes,no,no,no_internet_service,no_internet_service,no_internet_service,no_internet_service,no_internet_service,no_internet_service,one_year,no,mailed_check,20.65,1022.95,0
914,male,1,yes,no,62,yes,yes,fiber_optic,yes,yes,yes,no,no,no,month_to_month,yes,electronic_check,89.1,5618.3,0
915,female,0,yes,yes,3,yes,no,fiber_optic,no,no,no,no,yes,no,month_to_month,yes,electronic_check,80.7,239.45,0
916,female,0,no,no,48,yes,yes,no,no_internet_service,no_internet_service,no_internet_service,no_internet_service,no_internet_service,no_internet_service,one_year,no,credit_card_(automatic),25.05,1171.5,0
917,male,0,yes,yes,44,yes,yes,no,no_internet_service,no_internet_service,no_internet_service,no_internet_service,no_internet_service,no_internet_service,one_year,no,electronic_check,24.85,1013.6,0
918,female,0,no,no,8,yes,no,dsl,no,yes,no,yes,yes,no,month_to_month,yes,electronic_check,65.45,554.45,0
919,female,0,no,no,14,yes,no,dsl,yes,no,no,yes,no,no,one_year,no,mailed_check,55.7,795.15,0
920,male,0,no,yes,39,yes,no,no,no_internet_service,no_internet_service,no_internet_service,no_internet_service,no_internet_service,no_internet_service,one_year,no,bank_transfer_(automatic),19.35,779.2,0
921,male,0,yes,yes,51,no,no_phone_service,dsl,yes,yes,yes,no,yes,yes,one_year,no,electronic_check,59.3,3014.65,1
922,female,0,no,no,2,yes,no,no,no_internet_service,no_internet_service,no_internet_service,no_internet_service,no_internet_service,no_internet_service,month_to_month,no,credit_card_(automatic),20.35,35.1,0
923,female,1,yes,no,26,yes,no,dsl,no,no,yes,no,no,yes,one_year,no,mailed_check,60.7,1597.4,0
924,male,0,yes,yes,43,yes,yes,dsl,yes,no,no,yes,no,yes,one_year,yes,credit_card_(automatic),71.9,3173.35,0
925,female,0,yes,yes,8,yes,no,fiber_optic,no,yes,no,no,yes,no,month_to_month,yes,electronic_check,83.55,680.05,1
926,male,0,yes,yes,68,yes,no,fiber_optic,yes,no,yes,no,no,no,two_year,no,credit_card_(automatic),80.35,5375.15,0
927,male,1,yes,yes,46,yes,yes,fiber_optic,yes,yes,yes,no,yes,no,month_to_month,yes,electronic_check,100.7,4541.2,1
928,female,0,no,no,1,yes,no,dsl,yes,no,no,no,no,no,month_to_month,yes,credit_card_(automatic),48.6,48.6,1
929,female,0,yes,yes,39,yes,no,no,no_internet_service,no_internet_service,no_internet_service,no_internet_service,no_internet_service,no_internet_service,two_year,yes,bank_transfer_(automatic),19.85,854.8,0
930,female,0,yes,no,72,yes,yes,fiber_optic,no,yes,yes,yes,yes,yes,two_year,yes,electronic_check,110.15,7998.8,0
931,male,0,yes,no,40,yes,yes,dsl,no,yes,no,yes,yes,no,one_year,no,credit_card_(automatic),70.75,2921.75,0
932,male,0,no,no,29,no,no_phone_service,dsl,no,no,no,no,no,no,one_year,yes,mailed_check,24.85,788.05,0
933,female,1,no,no,20,yes,yes,fiber_optic,yes,no,no,no,no,no,month_to_month,yes,electronic_check,79.15,1520.9,1
934,female,1,yes,yes,71,yes,yes,dsl,yes,yes,no,no,yes,no,one_year,no,electronic_check,69.2,4982.5,0
935,male,0,yes,yes,12,yes,no,no,no_internet_service,no_internet_service,no_internet_service,no_internet_service,no_internet_service,no_internet_service,month_to_month,no,mailed_check,20.5,255.5,0
936,male,0,yes,no,55,yes,yes,fiber_optic,yes,yes,no,no,yes,no,month_to_month,yes,electronic_check,96.75,5238.9,1
937,male,0,yes,yes,2,yes,no,fiber_optic,no,no,no,no,yes,yes,month_to_month,yes,bank_transfer_(automatic),89.55,185.55,1
938,female,0,yes,yes,8,yes,no,no,no_internet_service,no_internet_service,no_internet_service,no_internet_service,no_internet_service,no_internet_service,two_year,no,mailed_check,19.05,201.7,0
939,female,0,no,yes,50,yes,no,fiber_optic,no,no,no,no,no,no,two_year,no,credit_card_(automatic),70.35,3533.6,0
940,male,0,no,no,21,yes,yes,fiber_optic,no,yes,no,no,no,no,month_to_month,yes,electronic_check,82.35,1852.85,1
941,male,1,yes,yes,72,yes,no,fiber_optic,yes,no,yes,yes,yes,yes,two_year,yes,credit_card_(automatic),104.1,7447.7,0
942,male,0,no,no,1,yes,no,fiber_optic,yes,no,no,no,no,yes,month_to_month,yes,mailed_check,84.6,84.6,1
943,male,0,no,no,1,yes,no,no,no_internet_service,no_internet_service,no_internet_service,no_internet_service,no_internet_service,no_internet_service,month_to_month,no,electronic_check,19.45,19.45,0
944,female,0,no,no,9,no,no_phone_service,dsl,no,yes,no,no,no,yes,month_to_month,no,electronic_check,40.75,359.4,0
945,male,0,no,no,69,no,no_phone_service,dsl,no,yes,yes,no,no,no,one_year,yes,bank_transfer_(automatic),35.75,2492.25,0
946,female,0,no,no,1,yes,no,no,no_internet_service,no_internet_service,no_internet_service,no_internet_service,no_internet_service,no_internet_service,month_to_month,yes,mailed_check,19.4,19.4,0
947,male,0,no,no,10,yes,yes,fiber_optic,no,no,no,no,no,no,month_to_month,yes,mailed_check,74.15,811.8,1
948,male,0,no,no,1,yes,no,dsl,no,no,yes,no,no,no,month_to_month,no,mailed_check,50.9,50.9,1
949,male,0,no,no,18,yes,yes,fiber_optic,no,yes,no,no,no,no,month_to_month,yes,electronic_check,80.65,1451.9,1
950,male,0,yes,no,21,yes,no,dsl,no,no,no,no,yes,no,month_to_month,no,bank_transfer_(automatic),54.6,1125.2,0
951,female,0,yes,yes,35,no,no_phone_service,dsl,no,no,no,yes,yes,no,one_year,no,mailed_check,40.9,1383.6,0
952,male,0,yes,yes,8,yes,no,dsl,yes,no,no,no,no,no,month_to_month,yes,credit_card_(automatic),51.3,411.6,0
953,female,1,yes,no,4,yes,yes,fiber_optic,no,no,no,no,yes,no,month_to_month,yes,electronic_check,83.25,308.05,0
954,male,0,no,no,29,yes,no,no,no_internet_service,no_internet_service,no_internet_service,no_internet_service,no_internet_service,no_internet_service,one_year,yes,mailed_check,19.8,572.2,0
955,female,0,yes,yes,20,yes,yes,fiber_optic,no,yes,yes,no,yes,yes,month_to_month,yes,bank_transfer_(automatic),105.85,2239.65,1
956,female,0,yes,yes,24,yes,no,no,no_internet_service,no_internet_service,no_internet_service,no_internet_service,no_internet_service,no_internet_service,one_year,no,mailed_check,19.9,533.5,0
957,male,0,yes,yes,11,yes,no,dsl,no,no,yes,no,yes,no,month_to_month,yes,bank_transfer_(automatic),59.65,683.25,0
958,female,0,no,no,46,yes,no,fiber_optic,no,no,yes,no,no,no,month_to_month,yes,credit_card_(automatic),74.8,3548.3,0
959,female,0,no,no,55,yes,no,fiber_optic,no,yes,yes,no,no,no,month_to_month,yes,electronic_check,81.55,4509.5,0
960,male,0,yes,no,58,yes,yes,fiber_optic,no,no,yes,no,yes,yes,one_year,no,credit_card_(automatic),100.35,5681.1,0
961,female,0,yes,yes,66,yes,yes,fiber_optic,yes,yes,yes,no,yes,yes,two_year,no,bank_transfer_(automatic),109.25,7082.5,0
962,male,0,yes,yes,49,yes,yes,fiber_optic,no,no,no,no,yes,no,month_to_month,no,electronic_check,84.5,4254.85,1
963,male,0,yes,yes,33,yes,no,no,no_internet_service,no_internet_service,no_internet_service,no_internet_service,no_internet_service,no_internet_service,one_year,no,credit_card_(automatic),20.1,620.55,0
964,male,0,yes,no,51,yes,yes,fiber_optic,no,yes,no,no,no,yes,one_year,yes,credit_card_(automatic),90.35,4614.55,0
965,male,0,no,no,3,no,no_phone_service,dsl,no,no,yes,no,yes,no,month_to_month,yes,mailed_check,40.15,130.75,1
966,female,0,yes,yes,43,yes,no,dsl,yes,no,yes,no,yes,yes,two_year,no,bank_transfer_(automatic),75.2,3254.35,0
967,male,1,yes,yes,8,yes,no,fiber_optic,no,no,no,no,yes,no,month_to_month,yes,credit_card_(automatic),80.45,583.45,1
968,female,0,yes,no,72,yes,yes,no,no_internet_service,no_internet_service,no_internet_service,no_internet_service,no_internet_service,no_internet_service,two_year,yes,mailed_check,26.0,1776.0,0
969,male,0,no,no,37,yes,no,fiber_optic,no,no,no,no,no,no,month_to_month,yes,mailed_check,70.35,2552.9,0
970,male,0,no,no,36,yes,no,dsl,yes,no,yes,yes,yes,yes,month_to_month,yes,credit_card_(automatic),79.2,2854.95,0
971,male,0,yes,no,2,yes,yes,fiber_optic,no,no,yes,no,yes,no,month_to_month,yes,electronic_check,91.45,171.45,0
972,female,0,yes,no,42,yes,no,fiber_optic,no,no,yes,yes,yes,yes,two_year,yes,credit_card_(automatic),99.0,4135.0,0
973,female,1,yes,no,42,yes,yes,fiber_optic,no,yes,yes,no,yes,no,month_to_month,yes,electronic_check,95.55,3930.6,0
974,female,0,no,no,60,no,no_phone_service,dsl,yes,no,yes,no,no,yes,one_year,yes,electronic_check,44.45,2773.9,0
975,male,0,no,no,2,yes,no,fiber_optic,no,no,no,no,no,no,month_to_month,yes,electronic_check,69.8,146.65,0
976,female,0,no,no,1,yes,no,fiber_optic,no,yes,yes,no,no,no,month_to_month,yes,electronic_check,82.3,82.3,1
977,female,0,no,no,24,yes,no,fiber_optic,yes,no,no,no,yes,yes,month_to_month,yes,electronic_check,94.6,2283.15,0
978,male,1,yes,no,29,yes,yes,fiber_optic,no,no,no,no,yes,yes,month_to_month,yes,electronic_check,94.45,2653.65,1
979,female,0,no,no,53,yes,no,fiber_optic,no,yes,yes,no,yes,yes,one_year,yes,mailed_check,100.3,5200.8,0
980,male,1,no,no,55,yes,yes,fiber_optic,yes,yes,yes,yes,yes,yes,month_to_month,yes,electronic_check,116.5,6382.55,0
981,male,0,yes,no,68,yes,yes,fiber_optic,no,yes,yes,yes,yes,yes,two_year,yes,bank_transfer_(automatic),110.0,7611.85,1
982,male,0,yes,no,71,yes,yes,fiber_optic,no,yes,yes,no,no,yes,month_to_month,yes,bank_transfer_(automatic),93.25,6669.45,0
983,male,1,yes,no,10,yes,no,fiber_optic,yes,no,no,no,no,no,month_to_month,no,electronic_check,75.3,720.45,0
984,male,0,yes,yes,11,yes,yes,dsl,yes,no,no,no,yes,no,month_to_month,yes,bank_transfer_(automatic),65.15,723.35,0
985,male,0,yes,yes,5,yes,no,no,no_internet_service,no_internet_service,no_internet_service,no_internet_service,no_internet_service,no_internet_service,month_to_month,no,mailed_check,19.45,86.05,0
986,female,0,no,no,36,yes,yes,dsl,yes,no,no,no,no,no,one_year,no,mailed_check,54.45,1893.5,0
987,female,0,no,no,59,yes,yes,fiber_optic,no,yes,yes,no,no,no,month_to_month,yes,electronic_check,83.25,4949.1,0
988,female,1,yes,no,5,yes,no,fiber_optic,no,no,no,no,no,no,month_to_month,no,electronic_check,70.05,302.6,0
989,male,0,yes,yes,53,yes,yes,dsl,yes,yes,no,yes,no,no,one_year,no,bank_transfer_(automatic),64.15,3491.55,0
990,female,0,yes,yes,68,yes,yes,fiber_optic,no,yes,no,yes,yes,yes,two_year,yes,credit_card_(automatic),103.75,7039.45,0
991,female,0,no,no,43,no,no_phone_service,dsl,no,no,yes,no,yes,yes,month_to_month,yes,bank_transfer_(automatic),49.05,2076.2,1
992,male,0,no,no,18,yes,no,dsl,yes,no,no,no,no,no,month_to_month,no,electronic_check,49.4,874.8,1
993,female,1,yes,no,71,yes,no,fiber_optic,no,yes,yes,no,no,yes,two_year,no,credit_card_(automatic),89.45,6435.25,0
994,female,0,yes,yes,3,no,no_phone_service,dsl,yes,no,no,no,no,no,month_to_month,no,credit_card_(automatic),29.7,91.7,1
995,female,0,no,no,2,yes,yes,dsl,no,yes,no,no,no,no,month_to_month,no,mailed_check,54.15,101.65,0
996,female,0,no,yes,48,yes,no,fiber_optic,no,yes,yes,yes,yes,no,two_year,yes,mailed_check,95.5,4627.85,1
997,male,0,no,no,35,yes,yes,fiber_optic,yes,yes,yes,yes,no,no,month_to_month,yes,mailed_check,96.75,3403.4,0
998,male,1,no,no,20,yes,yes,fiber_optic,no,no,no,no,yes,no,month_to_month,yes,electronic_check,84.35,1745.2,0
999,male,1,yes,yes,1,yes,no,dsl,no,no,no,yes,no,no,month_to_month,yes,credit_card_(automatic),49.25,49.25,1
1000,male,0,yes,yes,19,yes,yes,fiber_optic,no,no,no,yes,yes,yes,one_year,yes,electronic_check,100.95,1875.55,1
1001,female,0,no,no,25,yes,no,no,no_internet_service,no_internet_service,no_internet_service,no_internet_service,no_internet_service,no_internet_service,one_year,no,credit_card_(automatic),19.9,527.5,0
1002,female,0,yes,yes,20,yes,no,no,no_internet_service,no_internet_service,no_internet_service,no_internet_service,no_internet_service,no_internet_service,one_year,no,bank_transfer_(automatic),19.7,395.6,0
1003,female,0,no,no,20,yes,no,no,no_internet_service,no_internet_service,no_internet_service,no_internet_service,no_internet_service,no_internet_service,one_year,yes,credit_card_(automatic),19.35,433.75,0
1004,female,1,no,no,67,yes,no,fiber_optic,yes,yes,no,yes,yes,no,two_year,yes,bank_transfer_(automatic),92.45,6140.85,0
1005,male,0,no,no,25,yes,no,fiber_optic,no,no,no,no,no,no,month_to_month,no,electronic_check,69.75,1729.35,0
1006,male,0,no,no,3,yes,no,dsl,no,no,yes,no,no,no,month_to_month,yes,electronic_check,49.15,169.05,1
1007,male,0,no,no,15,yes,yes,fiber_optic,yes,no,no,no,yes,yes,month_to_month,yes,electronic_check,99.7,1566.75,0
1008,male,0,yes,no,7,yes,no,fiber_optic,no,no,no,no,no,no,month_to_month,yes,electronic_check,69.35,451.1,1
1009,male,0,yes,no,45,yes,yes,fiber_optic,no,yes,no,no,no,no,month_to_month,no,bank_transfer_(automatic),81.4,3775.85,0
1010,male,0,no,no,4,yes,no,dsl,no,no,no,yes,no,no,month_to_month,yes,mailed_check,50.8,202.3,0
1011,female,0,yes,yes,47,yes,no,no,no_internet_service,no_internet_service,no_internet_service,no_internet_service,no_internet_service,no_internet_service,two_year,yes,bank_transfer_(automatic),21.3,1041.8,0
1012,female,0,no,no,72,yes,yes,fiber_optic,yes,yes,yes,no,yes,no,two_year,yes,bank_transfer_(automatic),101.3,7261.25,0
1013,male,0,yes,no,69,yes,no,no,no_internet_service,no_internet_service,no_internet_service,no_internet_service,no_internet_service,no_internet_service,two_year,no,mailed_check,19.9,1363.45,0
1014,male,0,yes,yes,13,yes,yes,no,no_internet_service,no_internet_service,no_internet_service,no_internet_service,no_internet_service,no_internet_service,one_year,no,bank_transfer_(automatic),24.5,343.6,0
1015,male,1,no,no,38,yes,no,dsl,no,yes,yes,yes,yes,no,one_year,yes,credit_card_(automatic),70.15,2497.35,1
1016,female,0,yes,yes,25,yes,yes,fiber_optic,no,no,yes,no,no,yes,month_to_month,yes,electronic_check,89.1,2368.4,1
1017,female,1,no,no,1,yes,no,fiber_optic,no,no,no,no,no,no,month_to_month,yes,mailed_check,70.6,70.6,0
1018,male,0,yes,no,68,yes,yes,no,no_internet_service,no_internet_service,no_internet_service,no_internet_service,no_internet_service,no_internet_service,two_year,no,credit_card_(automatic),25.05,1629.2,0
1019,male,0,yes,yes,15,yes,no,no,no_internet_service,no_internet_service,no_internet_service,no_internet_service,no_internet_service,no_internet_service,two_year,no,mailed_check,19.35,278.85,0
1020,male,1,yes,no,72,no,no_phone_service,dsl,yes,yes,yes,yes,yes,yes,two_year,yes,credit_card_(automatic),64.95,4546.0,0
1021,female,0,yes,no,72,yes,yes,dsl,yes,yes,yes,yes,yes,yes,two_year,yes,bank_transfer_(automatic),90.95,6468.6,0
1022,female,0,no,no,6,yes,no,dsl,yes,no,no,no,no,no,month_to_month,yes,electronic_check,49.45,314.6,0
1023,male,0,no,no,54,yes,yes,fiber_optic,yes,yes,no,yes,yes,yes,two_year,yes,credit_card_(automatic),108.0,5760.65,0
1024,male,0,no,no,2,yes,no,fiber_optic,no,no,no,no,no,no,month_to_month,yes,credit_card_(automatic),69.8,134.7,1
1025,female,1,yes,no,47,yes,yes,dsl,yes,yes,yes,no,no,no,month_to_month,yes,credit_card_(automatic),67.45,3252.0,0
1026,female,0,no,no,37,no,no_phone_service,dsl,no,no,yes,no,no,yes,month_to_month,yes,credit_card_(automatic),40.2,1478.85,0
1027,female,0,no,no,4,yes,yes,dsl,no,no,no,no,no,no,month_to_month,no,electronic_check,50.7,214.55,0
1028,male,0,no,no,47,yes,no,dsl,yes,yes,yes,yes,yes,yes,one_year,yes,bank_transfer_(automatic),86.95,4138.9,0
1029,female,0,no,no,11,yes,no,dsl,no,no,yes,yes,no,yes,one_year,no,credit_card_(automatic),64.9,697.25,0
1030,female,0,no,no,53,yes,no,no,no_internet_service,no_internet_service,no_internet_service,no_internet_service,no_internet_service,no_internet_service,two_year,no,mailed_check,20.25,1048.45,0
1031,male,0,yes,no,58,yes,no,no,no_internet_service,no_internet_service,no_internet_service,no_internet_service,no_internet_service,no_internet_service,two_year,no,mailed_check,20.75,1185.95,0
1032,male,0,no,no,2,yes,no,no,no_internet_service,no_internet_service,no_internet_service,no_internet_service,no_internet_service,no_internet_service,month_to_month,yes,credit_card_(automatic),19.9,33.7,0
1033,female,0,yes,no,53,yes,yes,fiber_optic,no,yes,yes,yes,yes,yes,one_year,yes,bank_transfer_(automatic),111.8,5809.75,0
1034,male,0,no,yes,19,no,no_phone_service,dsl,no,no,no,no,no,no,month_to_month,yes,credit_card_(automatic),25.35,566.1,0
1035,female,0,no,yes,35,yes,no,no,no_internet_service,no_internet_service,no_internet_service,no_internet_service,no_internet_service,no_internet_service,one_year,yes,credit_card_(automatic),20.1,644.5,0
1036,female,0,yes,yes,5,yes,no,dsl,yes,no,no,no,no,no,month_to_month,yes,mailed_check,49.4,232.55,0
1037,male,0,yes,yes,46,yes,no,no,no_internet_service,no_internet_service,no_internet_service,no_internet_service,no_internet_service,no_internet_service,two_year,yes,mailed_check,20.1,936.85,0
1038,female,1,no,no,1,no,no_phone_service,dsl,no,no,no,no,yes,no,month_to_month,yes,electronic_check,36.45,36.45,1
1039,male,1,yes,no,15,yes,yes,fiber_optic,no,no,no,no,no,yes,month_to_month,yes,bank_transfer_(automatic),85.6,1345.55,1
1040,female,1,no,no,27,yes,yes,fiber_optic,yes,yes,yes,no,yes,yes,one_year,yes,bank_transfer_(automatic),110.5,2857.6,0
1041,female,0,no,no,7,yes,no,fiber_optic,no,no,no,no,yes,no,month_to_month,yes,mailed_check,80.3,526.7,1
1042,female,0,yes,yes,1,yes,no,no,no_internet_service,no_internet_service,no_internet_service,no_internet_service,no_internet_service,no_internet_service,month_to_month,no,mailed_check,20.55,20.55,1
1043,male,0,yes,yes,43,yes,yes,fiber_optic,no,no,yes,yes,yes,yes,one_year,yes,credit_card_(automatic),104.3,4451.85,0
1044,female,0,no,no,27,yes,no,dsl,no,yes,yes,yes,yes,yes,one_year,no,mailed_check,78.2,2078.95,0
1045,male,0,no,no,2,yes,no,fiber_optic,no,yes,no,no,no,no,month_to_month,yes,electronic_check,74.75,144.8,0
1046,male,0,no,no,1,yes,no,dsl,no,no,no,no,no,no,month_to_month,yes,electronic_check,44.8,44.8,0
1047,male,0,no,no,16,yes,no,no,no_internet_service,no_internet_service,no_internet_service,no_internet_service,no_internet_service,no_internet_service,two_year,no,credit_card_(automatic),18.95,326.8,0
1048,male,0,no,yes,71,yes,yes,fiber_optic,yes,no,yes,no,yes,yes,two_year,no,bank_transfer_(automatic),106.7,7382.25,0
1049,female,0,no,no,5,yes,no,fiber_optic,no,no,no,yes,no,no,month_to_month,yes,mailed_check,75.65,399.45,0
1050,female,0,yes,yes,55,yes,yes,dsl,yes,yes,no,yes,no,yes,one_year,yes,bank_transfer_(automatic),75.75,4264.25,0
1051,male,0,no,yes,8,yes,no,no,no_internet_service,no_internet_service,no_internet_service,no_internet_service,no_internet_service,no_internet_service,month_to_month,no,mailed_check,20.35,178.7,0
1052,male,0,yes,yes,26,yes,no,fiber_optic,no,no,no,no,no,yes,one_year,no,bank_transfer_(automatic),78.95,2034.25,0
1053,male,0,no,no,4,yes,no,dsl,no,no,no,no,no,no,month_to_month,yes,credit_card_(automatic),44.8,176.2,0
1054,female,0,yes,yes,72,yes,no,dsl,yes,yes,yes,yes,yes,yes,two_year,yes,bank_transfer_(automatic),83.7,6096.9,0
1055,male,0,no,no,2,yes,no,fiber_optic,no,no,no,no,no,no,month_to_month,no,credit_card_(automatic),70.7,140.7,1
1056,male,0,yes,no,49,yes,no,fiber_optic,no,yes,no,no,yes,yes,two_year,yes,electronic_check,94.8,4690.65,0
1057,male,0,yes,no,56,yes,no,no,no_internet_service,no_internet_service,no_internet_service,no_internet_service,no_internet_service,no_internet_service,one_year,no,credit_card_(automatic),19.95,1126.75,0
1058,male,0,no,no,18,yes,no,dsl,yes,no,yes,yes,yes,no,month_to_month,yes,electronic_check,68.35,1299.8,0
1059,female,0,yes,yes,12,yes,no,no,no_internet_service,no_internet_service,no_internet_service,no_internet_service,no_internet_service,no_internet_service,month_to_month,no,mailed_check,19.0,233.55,1
1060,female,0,no,no,21,yes,no,fiber_optic,no,yes,yes,no,no,yes,month_to_month,yes,electronic_check,90.05,1862.9,0
1061,male,0,no,yes,3,yes,no,no,no_internet_service,no_internet_service,no_internet_service,no_internet_service,no_internet_service,no_internet_service,month_to_month,no,mailed_check,19.95,58.3,0
1062,female,0,yes,no,28,yes,no,fiber_optic,yes,no,no,no,yes,yes,month_to_month,yes,mailed_check,92.35,2602.9,1
1063,female,1,no,no,2,yes,yes,fiber_optic,no,no,no,no,yes,no,month_to_month,yes,electronic_check,85.55,187.45,1
1064,female,0,no,no,40,yes,yes,fiber_optic,no,no,no,no,no,yes,month_to_month,no,bank_transfer_(automatic),83.85,3532.25,0
1065,male,0,yes,yes,42,yes,no,dsl,no,no,yes,yes,yes,yes,one_year,no,electronic_check,73.15,3088.25,0
1066,female,0,no,no,1,yes,no,no,no_internet_service,no_internet_service,no_internet_service,no_internet_service,no_internet_service,no_internet_service,month_to_month,no,mailed_check,19.9,19.9,1
1067,female,0,yes,yes,57,yes,yes,fiber_optic,no,yes,no,no,yes,yes,month_to_month,yes,electronic_check,100.6,5611.7,0
1068,male,1,yes,no,51,no,no_phone_service,dsl,no,yes,no,no,no,no,month_to_month,yes,credit_card_(automatic),29.45,1459.35,0
1069,male,1,yes,no,10,yes,no,fiber_optic,no,yes,yes,yes,yes,no,month_to_month,yes,mailed_check,92.5,934.1,1
1070,male,0,no,no,60,yes,no,dsl,yes,no,yes,yes,yes,yes,one_year,no,mailed_check,79.0,4801.1,0
1071,female,0,yes,yes,71,yes,yes,fiber_optic,yes,yes,yes,no,yes,yes,two_year,yes,bank_transfer_(automatic),109.0,7661.8,0
1072,male,0,no,no,22,no,no_phone_service,dsl,no,yes,yes,no,no,yes,one_year,yes,bank_transfer_(automatic),43.75,903.6,1
1073,male,0,yes,no,38,yes,yes,fiber_optic,yes,no,yes,yes,yes,yes,one_year,yes,electronic_check,110.7,4428.6,0
1074,female,0,yes,yes,65,yes,yes,fiber_optic,yes,no,yes,no,yes,yes,two_year,yes,credit_card_(automatic),104.3,6725.3,0
1075,male,0,yes,yes,67,yes,yes,fiber_optic,yes,yes,no,yes,no,no,one_year,no,electronic_check,89.55,6038.55,0
1076,male,0,no,no,21,yes,no,no,no_internet_service,no_internet_service,no_internet_service,no_internet_service,no_internet_service,no_internet_service,month_to_month,no,credit_card_(automatic),20.5,402.85,0
1077,male,1,no,no,9,yes,yes,dsl,yes,no,no,no,no,no,month_to_month,no,electronic_check,54.55,494.05,1
1078,female,0,yes,no,4,yes,no,dsl,yes,yes,no,no,no,no,month_to_month,no,mailed_check,54.7,235.05,0
1079,female,0,no,no,7,no,no_phone_service,dsl,no,no,no,no,no,no,month_to_month,no,bank_transfer_(automatic),25.05,189.95,0
1080,female,0,no,no,21,no,no_phone_service,dsl,yes,no,no,yes,no,no,two_year,no,mailed_check,35.1,770.4,0
1081,female,1,no,no,3,no,no_phone_service,dsl,no,no,no,no,no,no,month_to_month,no,electronic_check,25.3,77.75,1
1082,male,0,no,yes,19,yes,no,no,no_internet_service,no_internet_service,no_internet_service,no_internet_service,no_internet_service,no_internet_service,two_year,no,credit_card_(automatic),20.85,467.5,0
1083,male,0,no,no,21,yes,yes,fiber_optic,yes,no,yes,no,yes,yes,month_to_month,no,mailed_check,103.85,2215.0,0
1084,male,0,no,no,4,yes,yes,fiber_optic,yes,no,no,no,yes,no,month_to_month,no,electronic_check,90.65,367.95,0
1085,male,0,no,yes,47,yes,no,dsl,yes,yes,no,no,no,no,month_to_month,yes,electronic_check,55.3,2654.05,0
1086,female,0,no,no,29,yes,yes,fiber_optic,no,no,yes,no,yes,yes,month_to_month,yes,credit_card_(automatic),98.6,2933.2,1
1087,female,0,yes,no,35,yes,no,dsl,yes,no,no,no,yes,no,one_year,yes,bank_transfer_(automatic),62.15,2215.45,0
1088,female,0,no,no,47,yes,yes,fiber_optic,yes,no,yes,no,yes,no,one_year,no,credit_card_(automatic),94.9,4615.25,0
1089,male,0,yes,no,47,yes,yes,no,no_internet_service,no_internet_service,no_internet_service,no_internet_service,no_internet_service,no_internet_service,month_to_month,no,electronic_check,25.4,1139.2,0
1090,male,0,yes,no,64,yes,yes,fiber_optic,yes,yes,yes,no,no,no,one_year,no,bank_transfer_(automatic),89.45,5692.65,0
1091,male,0,yes,yes,58,yes,yes,fiber_optic,no,no,no,no,yes,no,two_year,no,bank_transfer_(automatic),82.5,4828.05,0
1092,female,0,no,no,1,yes,no,fiber_optic,no,no,no,no,no,no,month_to_month,no,mailed_check,70.9,70.9,1
1093,female,0,no,no,1,yes,no,no,no_internet_service,no_internet_service,no_internet_service,no_internet_service,no_internet_service,no_internet_service,month_to_month,yes,mailed_check,20.35,20.35,0
1094,male,0,yes,yes,11,yes,no,no,no_internet_service,no_internet_service,no_internet_service,no_internet_service,no_internet_service,no_internet_service,two_year,no,mailed_check,19.65,225.75,0
1095,male,0,no,no,4,yes,no,no,no_internet_service,no_internet_service,no_internet_service,no_internet_service,no_internet_service,no_internet_service,month_to_month,no,mailed_check,19.4,93.4,0
1096,male,0,no,yes,31,yes,yes,dsl,no,yes,no,yes,yes,yes,one_year,yes,mailed_check,79.45,2587.7,1
1097,male,0,yes,no,8,yes,no,no,no_internet_service,no_internet_service,no_internet_service,no_internet_service,no_internet_service,no_internet_service,month_to_month,yes,bank_transfer_(automatic),19.55,161.15,0
1098,male,0,no,no,51,yes,no,no,no_internet_service,no_internet_service,no_internet_service,no_internet_service,no_internet_service,no_internet_service,two_year,no,mailed_check,20.45,1042.65,0
1099,male,0,no,no,7,yes,yes,fiber_optic,no,no,no,no,no,yes,month_to_month,yes,mailed_check,85.2,602.55,1
1100,female,0,no,yes,50,yes,no,dsl,yes,no,yes,yes,yes,no,one_year,yes,credit_card_(automatic),70.8,3478.15,0
1101,male,0,no,no,3,yes,no,dsl,no,no,no,yes,no,no,month_to_month,yes,mailed_check,50.5,147.75,0
1102,male,0,no,no,3,yes,no,dsl,no,no,no,yes,no,no,month_to_month,yes,mailed_check,50.25,152.3,0
1103,male,0,no,no,18,no,no_phone_service,dsl,no,yes,yes,no,no,no,month_to_month,yes,credit_card_(automatic),33.5,600.0,1
1104,male,0,yes,yes,69,yes,yes,fiber_optic,yes,yes,yes,yes,yes,yes,two_year,yes,bank_transfer_(automatic),114.35,7665.8,0
1105,female,0,no,no,1,yes,no,fiber_optic,no,no,no,no,no,yes,month_to_month,yes,electronic_check,81.95,81.95,1
1106,male,0,no,no,53,no,no_phone_service,dsl,yes,yes,no,no,no,yes,month_to_month,yes,bank_transfer_(automatic),46.3,2546.85,0
1107,female,1,no,no,34,yes,yes,fiber_optic,no,yes,no,yes,yes,no,month_to_month,yes,electronic_check,96.35,3190.25,0
1108,male,0,no,no,10,yes,no,fiber_optic,no,no,no,no,no,no,month_to_month,yes,electronic_check,70.0,740.0,1
1109,male,0,no,no,12,yes,yes,fiber_optic,no,yes,yes,no,yes,yes,month_to_month,yes,electronic_check,106.7,1253.9,1
1110,male,0,no,no,15,yes,yes,fiber_optic,no,no,no,no,yes,yes,month_to_month,yes,electronic_check,93.35,1444.65,1
1111,male,0,no,no,45,no,no_phone_service,dsl,yes,no,yes,yes,no,no,one_year,no,bank_transfer_(automatic),42.3,1840.75,0
1112,female,0,no,no,47,no,no_phone_service,dsl,yes,yes,no,yes,no,no,one_year,no,credit_card_(automatic),39.65,1798.65,0
1113,male,0,no,no,11,yes,no,fiber_optic,yes,no,yes,no,no,no,month_to_month,yes,bank_transfer_(automatic),79.5,795.65,0
1114,female,0,no,yes,48,yes,no,no,no_internet_service,no_internet_service,no_internet_service,no_internet_service,no_internet_service,no_internet_service,one_year,no,mailed_check,19.95,936.7,0
1115,male,1,yes,no,54,yes,yes,fiber_optic,no,no,no,no,no,no,month_to_month,no,bank_transfer_(automatic),74.0,3919.15,0
1116,female,0,yes,yes,72,yes,yes,fiber_optic,yes,no,yes,yes,yes,yes,two_year,no,mailed_check,107.45,7576.7,0
1117,female,0,no,no,2,yes,no,fiber_optic,no,no,no,no,no,no,month_to_month,no,electronic_check,68.95,119.75,1
1118,female,0,no,no,71,yes,no,dsl,yes,yes,yes,yes,yes,no,two_year,no,credit_card_(automatic),77.35,5550.1,0
1119,female,1,no,no,1,yes,no,fiber_optic,no,no,no,no,no,no,month_to_month,yes,electronic_check,70.55,70.55,1
1120,male,0,no,no,52,yes,yes,fiber_optic,no,no,yes,no,no,yes,two_year,yes,credit_card_(automatic),89.45,4577.75,0
1121,female,0,yes,yes,20,yes,no,no,no_internet_service,no_internet_service,no_internet_service,no_internet_service,no_internet_service,no_internet_service,month_to_month,no,mailed_check,20.05,406.05,0
1122,male,0,yes,yes,38,yes,yes,dsl,no,yes,yes,no,yes,yes,one_year,no,credit_card_(automatic),78.95,2862.55,0
1123,female,0,no,no,31,yes,yes,fiber_optic,no,no,yes,no,no,yes,month_to_month,yes,electronic_check,89.9,2806.9,1
1124,female,0,yes,no,6,yes,no,no,no_internet_service,no_internet_service,no_internet_service,no_internet_service,no_internet_service,no_internet_service,month_to_month,no,bank_transfer_(automatic),19.5,146.3,1
1125,male,0,yes,no,71,yes,yes,dsl,no,yes,yes,yes,yes,yes,two_year,no,credit_card_(automatic),84.2,5956.85,0
1126,male,0,yes,no,43,yes,yes,dsl,yes,yes,no,yes,no,no,month_to_month,no,bank_transfer_(automatic),66.25,2907.35,0
1127,male,0,yes,no,10,yes,yes,fiber_optic,no,no,no,no,no,yes,month_to_month,yes,electronic_check,85.25,855.3,1
1128,male,0,yes,yes,8,yes,no,dsl,no,no,yes,no,no,no,month_to_month,yes,electronic_check,51.05,415.05,1
1129,female,0,yes,no,63,yes,yes,dsl,yes,yes,no,no,yes,yes,one_year,yes,credit_card_(automatic),79.7,4786.15,0
1130,male,0,no,no,12,yes,yes,dsl,yes,yes,no,yes,no,no,month_to_month,yes,electronic_check,67.25,832.3,0
1131,male,0,yes,no,24,yes,yes,fiber_optic,no,no,no,no,yes,yes,month_to_month,yes,electronic_check,93.0,2248.05,0
1132,female,0,yes,yes,23,yes,yes,fiber_optic,no,no,no,no,no,yes,month_to_month,no,electronic_check,85.6,1868.4,0
1133,female,1,no,no,2,yes,no,fiber_optic,no,no,no,no,no,yes,month_to_month,yes,electronic_check,79.6,195.05,1
1134,female,0,no,no,10,yes,no,dsl,no,no,yes,yes,no,no,month_to_month,no,electronic_check,54.25,583.0,0
1135,male,0,no,no,19,yes,no,fiber_optic,no,no,no,yes,no,yes,one_year,yes,credit_card_(automatic),87.7,1725.95,0
1136,male,1,no,no,14,yes,yes,fiber_optic,no,no,no,no,yes,yes,month_to_month,yes,electronic_check,95.6,1273.3,0
1137,female,0,no,no,22,yes,yes,fiber_optic,no,no,no,yes,yes,no,month_to_month,yes,electronic_check,90.0,1993.8,1
1138,female,0,no,no,11,yes,yes,fiber_optic,yes,no,no,no,no,no,month_to_month,yes,bank_transfer_(automatic),79.0,929.3,0
1139,male,0,yes,yes,31,yes,yes,dsl,no,no,no,no,no,yes,month_to_month,no,bank_transfer_(automatic),59.7,1825.5,0
1140,female,0,no,no,1,yes,no,dsl,no,no,no,no,no,no,month_to_month,yes,electronic_check,44.1,44.1,1
1141,female,0,no,no,19,yes,no,no,no_internet_service,no_internet_service,no_internet_service,no_internet_service,no_internet_service,no_internet_service,month_to_month,no,mailed_check,19.9,367.55,0
1142,male,1,no,no,17,yes,no,dsl,no,no,no,no,no,no,month_to_month,yes,electronic_check,45.05,770.6,1
1143,female,1,no,no,16,yes,no,fiber_optic,no,no,no,yes,yes,yes,month_to_month,yes,electronic_check,94.45,1511.2,1
1144,male,0,yes,yes,55,yes,no,no,no_internet_service,no_internet_service,no_internet_service,no_internet_service,no_internet_service,no_internet_service,two_year,no,bank_transfer_(automatic),19.35,1153.25,0
1145,male,1,yes,no,38,yes,yes,fiber_optic,no,yes,yes,no,yes,yes,month_to_month,yes,electronic_check,102.6,4009.2,0
1146,male,0,no,no,17,yes,no,no,no_internet_service,no_internet_service,no_internet_service,no_internet_service,no_internet_service,no_internet_service,two_year,no,credit_card_(automatic),19.45,369.05,0
1147,female,0,yes,no,59,yes,yes,fiber_optic,no,yes,no,no,yes,yes,month_to_month,no,electronic_check,101.1,6039.9,1
1148,male,0,no,no,1,yes,yes,dsl,no,no,no,no,no,no,month_to_month,no,mailed_check,50.75,50.75,0
1149,male,0,no,yes,29,yes,yes,fiber_optic,no,yes,yes,yes,no,yes,one_year,no,credit_card_(automatic),100.55,2830.45,0
1150,male,0,yes,yes,68,yes,yes,no,no_internet_service,no_internet_service,no_internet_service,no_internet_service,no_internet_service,no_internet_service,two_year,yes,bank_transfer_(automatic),24.0,1664.3,0
1151,female,0,yes,no,64,yes,no,fiber_optic,yes,no,no,yes,yes,yes,one_year,yes,mailed_check,96.9,6314.35,0
1152,male,0,yes,yes,10,no,no_phone_service,dsl,yes,yes,yes,yes,no,yes,two_year,no,credit_card_(automatic),53.7,521.0,0
1153,female,0,yes,yes,70,yes,no,no,no_internet_service,no_internet_service,no_internet_service,no_internet_service,no_internet_service,no_internet_service,two_year,no,bank_transfer_(automatic),19.8,1378.75,0
1154,male,0,no,no,4,yes,no,dsl,no,yes,no,no,no,no,month_to_month,no,mailed_check,49.25,208.45,0
1155,female,0,no,no,17,yes,no,no,no_internet_service,no_internet_service,no_internet_service,no_internet_service,no_internet_service,no_internet_service,one_year,no,credit_card_(automatic),20.05,337.9,0
1156,male,1,no,no,9,yes,yes,fiber_optic,no,no,no,no,no,yes,month_to_month,yes,electronic_check,83.85,790.15,1
1157,female,0,no,no,15,yes,yes,no,no_internet_service,no_internet_service,no_internet_service,no_internet_service,no_internet_service,no_internet_service,month_to_month,yes,credit_card_(automatic),25.4,399.6,1
1158,male,1,yes,no,72,yes,yes,fiber_optic,no,yes,no,no,yes,yes,one_year,yes,credit_card_(automatic),97.25,7133.1,0
1159,male,0,yes,no,3,yes,no,no,no_internet_service,no_internet_service,no_internet_service,no_internet_service,no_internet_service,no_internet_service,month_to_month,yes,credit_card_(automatic),20.55,51.15,1
1160,male,0,yes,yes,66,yes,no,fiber_optic,yes,yes,yes,no,yes,yes,one_year,yes,bank_transfer_(automatic),103.15,7031.3,0
1161,male,0,yes,no,66,yes,yes,fiber_optic,no,yes,yes,no,yes,yes,month_to_month,yes,credit_card_(automatic),105.0,7133.25,1
1162,male,0,yes,yes,59,yes,no,no,no_internet_service,no_internet_service,no_internet_service,no_internet_service,no_internet_service,no_internet_service,two_year,no,credit_card_(automatic),19.3,1192.7,0
1163,male,0,yes,no,61,no,no_phone_service,dsl,yes,no,yes,yes,yes,yes,two_year,yes,mailed_check,62.15,3778.85,0
1164,female,1,yes,no,60,yes,yes,fiber_optic,yes,yes,yes,yes,yes,yes,two_year,yes,bank_transfer_(automatic),116.05,6925.9,0
1165,male,1,yes,no,29,yes,yes,fiber_optic,no,no,no,yes,no,no,month_to_month,yes,electronic_check,79.3,2414.55,0
1166,female,0,no,no,4,no,no_phone_service,dsl,no,no,no,no,no,no,month_to_month,yes,mailed_check,24.25,96.05,1
1167,female,1,yes,no,43,no,no_phone_service,dsl,no,yes,yes,no,yes,yes,month_to_month,no,credit_card_(automatic),55.55,2342.2,1
1168,male,1,yes,no,23,yes,yes,fiber_optic,no,yes,yes,no,yes,yes,month_to_month,yes,electronic_check,104.45,2184.85,0
1169,female,0,no,no,41,yes,no,fiber_optic,no,yes,no,yes,yes,yes,two_year,yes,bank_transfer_(automatic),98.8,3959.15,0
1170,female,1,yes,no,50,yes,yes,no,no_internet_service,no_internet_service,no_internet_service,no_internet_service,no_internet_service,no_internet_service,one_year,no,electronic_check,25.2,1306.3,0
1171,female,1,yes,no,60,yes,yes,fiber_optic,no,yes,yes,no,yes,yes,month_to_month,yes,electronic_check,105.9,6401.25,0
1172,male,0,no,no,12,yes,yes,dsl,no,no,yes,no,yes,yes,month_to_month,no,bank_transfer_(automatic),74.75,827.05,0
1173,male,1,no,no,52,yes,yes,fiber_optic,no,no,no,no,no,no,month_to_month,yes,bank_transfer_(automatic),72.95,3829.75,0
1174,male,0,yes,yes,26,yes,no,no,no_internet_service,no_internet_service,no_internet_service,no_internet_service,no_internet_service,no_internet_service,two_year,yes,credit_card_(automatic),19.15,515.75,0
1175,male,1,no,no,72,yes,yes,no,no_internet_service,no_internet_service,no_internet_service,no_internet_service,no_internet_service,no_internet_service,two_year,yes,credit_card_(automatic),25.1,1789.9,0
1176,female,1,yes,no,45,yes,no,fiber_optic,no,no,yes,no,no,yes,month_to_month,yes,electronic_check,86.1,3861.45,0
1177,female,1,no,no,40,yes,no,fiber_optic,no,no,no,no,yes,yes,month_to_month,yes,electronic_check,91.55,3673.6,0
1178,male,0,no,no,24,yes,yes,fiber_optic,no,yes,no,no,yes,yes,month_to_month,yes,bank_transfer_(automatic),99.65,2404.85,0
1179,female,0,yes,no,70,yes,yes,fiber_optic,no,yes,yes,yes,yes,yes,two_year,yes,electronic_check,110.5,7752.05,0
1180,female,0,yes,no,5,yes,no,fiber_optic,yes,no,yes,no,no,yes,month_to_month,yes,mailed_check,88.9,454.15,1
1181,male,0,no,no,49,yes,yes,fiber_optic,no,yes,yes,no,yes,yes,month_to_month,yes,bank_transfer_(automatic),103.7,5036.3,1
1182,male,0,yes,no,41,yes,yes,fiber_optic,no,yes,no,no,no,no,month_to_month,yes,electronic_check,80.25,3439.0,0
1183,male,1,no,no,9,yes,yes,fiber_optic,no,no,no,no,no,yes,month_to_month,yes,electronic_check,85.05,746.5,1
1184,female,0,no,no,18,yes,yes,dsl,no,no,no,no,no,no,month_to_month,yes,electronic_check,50.3,913.3,0
1185,female,0,no,no,1,yes,no,dsl,no,yes,no,no,no,no,month_to_month,yes,electronic_check,48.6,48.6,0
1186,female,0,no,no,4,no,no_phone_service,dsl,yes,no,yes,yes,no,yes,month_to_month,no,mailed_check,48.25,202.25,0
1187,female,0,no,no,23,yes,no,fiber_optic,no,yes,yes,yes,no,no,month_to_month,no,bank_transfer_(automatic),83.2,2032.3,0
1188,male,0,no,no,1,no,no_phone_service,dsl,no,no,no,no,no,yes,month_to_month,yes,electronic_check,35.45,35.45,1
1189,female,0,no,no,50,no,no_phone_service,dsl,no,yes,yes,yes,no,no,two_year,no,credit_card_(automatic),39.7,1932.75,0
1190,male,0,yes,yes,34,no,no_phone_service,dsl,no,no,yes,yes,yes,no,month_to_month,yes,electronic_check,44.85,1442.6,0
1191,male,0,yes,yes,72,no,no_phone_service,dsl,yes,yes,yes,yes,yes,yes,two_year,yes,credit_card_(automatic),65.25,4478.85,0
1192,male,0,no,no,3,yes,no,fiber_optic,yes,no,no,yes,no,no,month_to_month,yes,mailed_check,82.3,214.4,0
1193,male,0,no,no,2,yes,no,dsl,no,no,no,no,no,no,month_to_month,no,electronic_check,45.35,89.5,1
1194,male,0,no,no,1,yes,no,no,no_internet_service,no_internet_service,no_internet_service,no_internet_service,no_internet_service,no_internet_service,month_to_month,no,mailed_check,20.05,20.05,0
1195,male,0,yes,yes,22,yes,no,dsl,yes,yes,no,yes,no,no,month_to_month,yes,mailed_check,57.95,1271.8,0
1196,male,0,yes,yes,50,yes,yes,fiber_optic,no,yes,no,yes,yes,yes,month_to_month,no,electronic_check,103.7,5071.05,1
1197,male,0,no,no,12,yes,no,dsl,no,no,no,yes,yes,no,one_year,yes,electronic_check,59.8,727.8,1
1198,female,0,yes,no,72,yes,yes,dsl,yes,yes,yes,yes,yes,yes,two_year,yes,bank_transfer_(automatic),91.15,6637.9,0
1199,female,0,no,no,9,yes,no,fiber_optic,no,no,no,no,no,yes,month_to_month,yes,electronic_check,79.55,723.4,1
1200,female,0,no,no,20,yes,no,no,no_internet_service,no_internet_service,no_internet_service,no_internet_service,no_internet_service,no_internet_service,two_year,no,mailed_check,19.7,406.95,0
1201,female,0,no,no,39,yes,no,no,no_internet_service,no_internet_service,no_internet_service,no_internet_service,no_internet_service,no_internet_service,two_year,no,credit_card_(automatic),20.7,762.45,0
1202,female,0,yes,no,2,yes,no,no,no_internet_service,no_internet_service,no_internet_service,no_internet_service,no_internet_service,no_internet_service,month_to_month,no,bank_transfer_(automatic),20.1,43.15,0
1203,female,0,yes,no,1,yes,no,dsl,no,no,no,no,yes,no,month_to_month,no,mailed_check,55.2,55.2,1
1204,female,0,yes,no,62,yes,yes,no,no_internet_service,no_internet_service,no_internet_service,no_internet_service,no_internet_service,no_internet_service,two_year,no,bank_transfer_(automatic),23.65,1416.75,0
1205,male,0,yes,yes,55,yes,no,dsl,no,no,yes,yes,no,no,two_year,yes,credit_card_(automatic),55.25,3119.9,0
1206,male,0,no,no,1,yes,no,no,no_internet_service,no_internet_service,no_internet_service,no_internet_service,no_internet_service,no_internet_service,month_to_month,no,mailed_check,19.1,19.1,0
1207,male,0,no,no,1,yes,no,dsl,no,no,no,no,no,no,month_to_month,no,mailed_check,45.6,45.6,0
1208,female,0,no,no,5,yes,no,dsl,yes,no,no,yes,no,no,month_to_month,no,credit_card_(automatic),53.85,259.8,1
1209,male,1,no,no,1,yes,no,dsl,no,no,no,no,no,no,month_to_month,yes,mailed_check,45.85,45.85,0
1210,female,0,yes,yes,17,yes,no,dsl,yes,no,no,yes,no,no,month_to_month,yes,credit_card_(automatic),55.35,920.5,0
1211,male,1,yes,yes,66,yes,yes,dsl,yes,yes,yes,yes,yes,no,two_year,no,credit_card_(automatic),79.4,5154.6,1
1212,male,0,yes,yes,47,yes,yes,fiber_optic,no,no,yes,yes,yes,yes,month_to_month,yes,bank_transfer_(automatic),107.35,5118.95,1
1213,female,0,no,yes,18,yes,yes,dsl,yes,no,no,no,no,yes,month_to_month,no,electronic_check,64.8,1166.7,0
1214,male,1,yes,no,27,no,no_phone_service,dsl,yes,no,no,no,no,no,month_to_month,no,credit_card_(automatic),30.75,805.1,1
1215,female,0,no,no,1,yes,no,dsl,no,no,no,no,no,no,month_to_month,yes,bank_transfer_(automatic),44.9,44.9,1
1216,female,0,no,no,5,yes,yes,fiber_optic,no,no,no,no,no,no,month_to_month,no,electronic_check,75.6,402.5,0
1217,male,1,yes,no,27,yes,yes,fiber_optic,no,no,no,no,no,no,month_to_month,yes,electronic_check,75.5,1893.95,1
1218,female,0,no,no,1,yes,no,fiber_optic,no,yes,no,no,no,no,month_to_month,yes,credit_card_(automatic),74.3,74.3,1
1219,female,1,no,no,56,yes,yes,fiber_optic,no,yes,yes,no,yes,yes,one_year,yes,bank_transfer_(automatic),104.75,5510.65,1
1220,female,0,yes,no,55,yes,yes,fiber_optic,no,yes,yes,no,yes,no,month_to_month,yes,credit_card_(automatic),94.45,5073.1,0
1221,male,0,yes,no,20,yes,no,fiber_optic,no,no,no,no,yes,yes,month_to_month,yes,mailed_check,89.0,1820.45,1
1222,female,0,yes,no,24,yes,yes,fiber_optic,no,no,no,no,no,no,month_to_month,yes,credit_card_(automatic),75.4,1747.85,1
1223,male,0,yes,yes,53,yes,yes,dsl,yes,no,yes,yes,yes,yes,month_to_month,no,electronic_check,85.7,4616.1,0
1224,male,0,yes,no,6,yes,no,fiber_optic,no,yes,yes,no,no,yes,month_to_month,yes,electronic_check,91.0,531.0,1
1225,male,0,no,no,30,yes,yes,fiber_optic,yes,yes,no,no,no,yes,month_to_month,yes,credit_card_(automatic),94.3,2679.7,0
1226,female,0,no,no,41,yes,no,no,no_internet_service,no_internet_service,no_internet_service,no_internet_service,no_internet_service,no_internet_service,one_year,yes,mailed_check,19.75,806.95,0
1227,female,0,yes,no,72,yes,yes,no,no_internet_service,no_internet_service,no_internet_service,no_internet_service,no_internet_service,no_internet_service,two_year,no,credit_card_(automatic),26.45,1914.5,0
1228,male,0,yes,yes,47,yes,yes,no,no_internet_service,no_internet_service,no_internet_service,no_internet_service,no_internet_service,no_internet_service,two_year,no,mailed_check,24.55,1160.45,0
1229,female,0,no,no,52,no,no_phone_service,dsl,yes,yes,yes,no,yes,yes,two_year,yes,bank_transfer_(automatic),58.75,3038.55,0
1230,female,0,no,no,8,no,no_phone_service,dsl,no,yes,no,no,no,no,month_to_month,yes,mailed_check,29.25,226.95,0
1231,female,0,yes,yes,61,no,no_phone_service,dsl,no,yes,yes,yes,yes,yes,two_year,yes,bank_transfer_(automatic),61.45,3751.15,0
1232,female,0,no,no,1,yes,no,no,no_internet_service,no_internet_service,no_internet_service,no_internet_service,no_internet_service,no_internet_service,month_to_month,no,mailed_check,19.65,19.65,0
1233,female,1,yes,no,32,yes,yes,fiber_optic,no,no,yes,no,no,no,month_to_month,no,mailed_check,79.3,2570.0,0
1234,female,0,yes,yes,61,yes,yes,fiber_optic,yes,yes,yes,yes,yes,yes,two_year,no,credit_card_(automatic),115.1,7008.15,0
1235,female,1,yes,no,60,no,no_phone_service,dsl,no,yes,no,no,yes,yes,two_year,yes,credit_card_(automatic),49.45,2907.55,0
1236,male,1,yes,no,57,yes,yes,fiber_optic,no,no,yes,no,yes,yes,month_to_month,no,electronic_check,100.6,5746.15,1
1237,male,0,no,no,2,yes,no,fiber_optic,no,no,yes,no,yes,yes,month_to_month,yes,electronic_check,95.85,197.7,1
1238,male,0,yes,yes,23,yes,no,no,no_internet_service,no_internet_service,no_internet_service,no_internet_service,no_internet_service,no_internet_service,two_year,no,mailed_check,20.9,454.0,0
1239,male,0,no,no,9,yes,no,no,no_internet_service,no_internet_service,no_internet_service,no_internet_service,no_internet_service,no_internet_service,one_year,yes,electronic_check,19.9,164.6,0
1240,female,0,no,no,48,yes,no,dsl,yes,yes,no,no,no,no,two_year,no,credit_card_(automatic),55.5,2627.35,0
1241,male,0,no,no,1,yes,no,no,no_internet_service,no_internet_service,no_internet_service,no_internet_service,no_internet_service,no_internet_service,month_to_month,no,bank_transfer_(automatic),20.05,20.05,1
1242,male,0,yes,no,49,yes,yes,dsl,yes,no,yes,yes,yes,yes,one_year,no,electronic_check,84.35,4059.35,1
1243,male,1,no,no,14,yes,no,fiber_optic,no,no,no,no,yes,yes,month_to_month,no,credit_card_(automatic),90.45,1266.1,1
1244,male,0,no,no,1,yes,no,dsl,no,no,no,no,no,yes,month_to_month,yes,electronic_check,55.0,55.0,1
1245,female,1,no,no,52,yes,yes,fiber_optic,yes,yes,yes,no,yes,yes,month_to_month,no,credit_card_(automatic),108.1,5839.3,0
1246,female,0,no,no,47,yes,no,fiber_optic,yes,no,yes,yes,yes,yes,one_year,yes,electronic_check,103.7,4730.6,0
1247,female,0,no,no,22,yes,no,fiber_optic,no,no,no,no,yes,yes,month_to_month,no,electronic_check,89.25,1907.85,1
1248,female,0,no,no,1,yes,no,no,no_internet_service,no_internet_service,no_internet_service,no_internet_service,no_internet_service,no_internet_service,month_to_month,no,mailed_check,20.5,20.5,0
1249,female,0,no,no,5,yes,no,dsl,yes,no,no,yes,yes,no,month_to_month,yes,electronic_check,64.35,352.65,0
1250,male,0,no,no,6,yes,no,fiber_optic,no,yes,no,no,yes,no,month_to_month,yes,electronic_check,84.85,523.5,1
1251,female,0,no,no,33,yes,yes,dsl,yes,yes,no,no,no,no,month_to_month,yes,mailed_check,60.9,2033.85,0
1252,male,0,yes,no,72,yes,yes,dsl,yes,yes,yes,yes,yes,yes,two_year,yes,credit_card_(automatic),88.7,6301.7,0
1253,female,1,no,no,1,yes,no,fiber_optic,no,no,no,no,yes,yes,month_to_month,yes,electronic_check,89.3,89.3,1
1254,female,0,no,no,1,no,no_phone_service,dsl,no,no,no,no,no,no,month_to_month,no,electronic_check,24.6,24.6,1
1255,male,0,yes,no,69,yes,no,dsl,yes,yes,no,no,no,no,one_year,yes,credit_card_(automatic),53.65,3804.4,0
1256,female,1,no,no,2,yes,no,fiber_optic,no,yes,no,no,yes,no,month_to_month,yes,bank_transfer_(automatic),83.8,163.7,0
1257,female,1,yes,no,29,yes,yes,fiber_optic,no,no,yes,no,yes,yes,month_to_month,yes,bank_transfer_(automatic),99.05,2952.85,1
1258,female,0,no,no,6,yes,no,no,no_internet_service,no_internet_service,no_internet_service,no_internet_service,no_internet_service,no_internet_service,month_to_month,no,mailed_check,20.2,123.65,0
1259,female,0,yes,no,48,yes,yes,fiber_optic,no,yes,no,yes,yes,yes,month_to_month,yes,credit_card_(automatic),105.1,5083.55,0
1260,female,0,no,no,1,yes,yes,dsl,no,no,no,no,no,no,month_to_month,yes,electronic_check,50.1,50.1,0
1261,male,0,yes,yes,72,yes,yes,dsl,yes,yes,yes,yes,yes,yes,two_year,no,credit_card_(automatic),88.7,6501.35,0
1262,female,0,no,no,34,yes,yes,dsl,no,no,no,yes,yes,no,month_to_month,no,mailed_check,65.0,2157.5,0
1263,male,0,yes,yes,68,yes,yes,dsl,no,yes,yes,yes,no,yes,one_year,yes,bank_transfer_(automatic),75.8,5293.95,1
1264,male,1,yes,no,39,yes,yes,fiber_optic,no,yes,yes,no,yes,yes,month_to_month,yes,electronic_check,105.65,4284.8,1
1265,male,0,no,no,43,no,no_phone_service,dsl,yes,no,yes,no,no,no,one_year,yes,credit_card_(automatic),35.2,1463.7,0
1266,male,0,no,yes,10,yes,yes,no,no_internet_service,no_internet_service,no_internet_service,no_internet_service,no_internet_service,no_internet_service,month_to_month,no,credit_card_(automatic),24.8,223.9,0
1267,female,0,no,no,1,yes,no,no,no_internet_service,no_internet_service,no_internet_service,no_internet_service,no_internet_service,no_internet_service,month_to_month,no,credit_card_(automatic),19.95,19.95,0
1268,female,0,yes,yes,71,yes,yes,fiber_optic,yes,yes,yes,no,yes,no,two_year,no,bank_transfer_(automatic),100.5,7030.65,0
1269,male,0,yes,yes,47,yes,yes,dsl,no,yes,no,no,no,no,month_to_month,no,electronic_check,54.25,2538.2,0
1270,female,0,yes,yes,71,yes,yes,dsl,yes,yes,yes,yes,yes,yes,two_year,no,mailed_check,91.05,6293.75,0
1271,male,0,no,no,7,yes,no,dsl,no,no,no,no,no,no,month_to_month,no,mailed_check,43.9,278.4,0
1272,female,1,no,no,14,yes,yes,fiber_optic,no,no,yes,no,no,no,month_to_month,yes,bank_transfer_(automatic),80.35,1058.1,0
1273,male,0,no,no,12,yes,no,no,no_internet_service,no_internet_service,no_internet_service,no_internet_service,no_internet_service,no_internet_service,month_to_month,no,mailed_check,20.45,255.35,0
1274,female,0,no,no,1,yes,no,no,no_internet_service,no_internet_service,no_internet_service,no_internet_service,no_internet_service,no_internet_service,month_to_month,no,credit_card_(automatic),20.3,20.3,0
1275,female,0,yes,no,58,yes,no,dsl,yes,yes,no,no,yes,no,month_to_month,yes,credit_card_(automatic),65.25,3791.6,0
1276,male,0,yes,yes,29,yes,yes,fiber_optic,no,no,yes,no,no,yes,month_to_month,yes,electronic_check,89.2,2698.35,1
1277,female,0,yes,no,37,yes,yes,fiber_optic,no,no,yes,no,yes,yes,month_to_month,yes,electronic_check,99.5,3762.0,1
1278,male,1,yes,no,32,yes,yes,fiber_optic,no,no,no,no,no,no,month_to_month,yes,electronic_check,74.9,2303.35,1
1279,female,0,no,no,7,yes,no,fiber_optic,no,no,no,no,no,yes,month_to_month,yes,electronic_check,79.3,523.15,1
1280,male,0,no,no,1,yes,no,fiber_optic,no,no,no,no,no,yes,month_to_month,no,electronic_check,79.6,79.6,1
1281,male,0,no,no,33,yes,no,fiber_optic,no,no,no,no,no,no,month_to_month,no,electronic_check,68.25,2171.15,1
1282,male,1,yes,no,55,yes,yes,fiber_optic,no,yes,yes,yes,yes,yes,two_year,yes,electronic_check,113.6,6292.7,0
1283,male,0,yes,yes,25,yes,no,dsl,no,yes,yes,no,no,no,one_year,no,mailed_check,53.65,1355.45,0
1284,male,0,yes,no,1,yes,no,fiber_optic,no,no,no,no,yes,no,month_to_month,yes,electronic_check,80.55,80.55,1
1285,female,0,no,no,45,yes,no,dsl,yes,yes,no,yes,no,no,one_year,yes,credit_card_(automatic),62.55,2796.45,0
1286,female,0,yes,yes,55,yes,no,no,no_internet_service,no_internet_service,no_internet_service,no_internet_service,no_internet_service,no_internet_service,month_to_month,no,credit_card_(automatic),20.0,1087.25,0
1287,male,0,no,yes,64,yes,no,fiber_optic,no,yes,no,yes,yes,yes,month_to_month,yes,credit_card_(automatic),99.15,6171.2,0
1288,female,0,no,no,4,no,no_phone_service,dsl,no,no,no,no,no,no,month_to_month,yes,electronic_check,24.45,86.6,1
1289,female,0,yes,yes,56,yes,yes,no,no_internet_service,no_internet_service,no_internet_service,no_internet_service,no_internet_service,no_internet_service,two_year,yes,credit_card_(automatic),24.95,1468.9,0
1290,female,0,yes,no,20,yes,no,fiber_optic,no,no,yes,yes,no,no,month_to_month,yes,mailed_check,81.0,1683.7,0
1291,female,1,no,no,12,yes,yes,fiber_optic,no,yes,no,no,yes,no,month_to_month,yes,electronic_check,91.3,1094.5,1
1292,female,0,yes,yes,41,yes,no,dsl,no,yes,no,yes,no,yes,one_year,yes,bank_transfer_(automatic),66.5,2728.6,1
1293,male,0,no,no,4,yes,no,no,no_internet_service,no_internet_service,no_internet_service,no_internet_service,no_internet_service,no_internet_service,month_to_month,yes,electronic_check,20.2,55.7,0
1294,male,0,yes,no,30,yes,no,no,no_internet_service,no_internet_service,no_internet_service,no_internet_service,no_internet_service,no_internet_service,one_year,no,credit_card_(automatic),20.7,587.1,0
1295,female,0,yes,no,71,no,no_phone_service,dsl,no,no,yes,yes,no,yes,two_year,yes,electronic_check,47.05,3263.6,0
1296,male,0,no,no,68,yes,yes,dsl,yes,yes,yes,no,no,yes,one_year,yes,credit_card_(automatic),76.9,5023.0,0
1297,male,0,yes,yes,12,yes,no,dsl,no,no,no,no,no,yes,one_year,no,credit_card_(automatic),53.65,696.35,1
1298,male,0,no,no,26,no,no_phone_service,dsl,no,no,yes,yes,no,no,month_to_month,no,electronic_check,35.75,1022.5,0
1299,female,0,yes,yes,72,yes,yes,dsl,yes,yes,yes,yes,yes,yes,two_year,no,bank_transfer_(automatic),92.65,6733.0,0
1300,female,0,yes,no,3,yes,no,no,no_internet_service,no_internet_service,no_internet_service,no_internet_service,no_internet_service,no_internet_service,month_to_month,yes,mailed_check,19.9,45.75,0
1301,female,0,yes,yes,72,no,no_phone_service,dsl,yes,yes,yes,yes,yes,yes,two_year,no,bank_transfer_(automatic),64.45,4528.0,0
1302,female,0,no,no,3,yes,no,fiber_optic,no,no,no,no,no,no,month_to_month,yes,electronic_check,70.25,229.7,0
1303,female,0,no,no,9,yes,no,dsl,yes,yes,no,no,yes,yes,month_to_month,yes,electronic_check,74.65,703.55,1
1304,female,0,yes,yes,24,yes,yes,dsl,yes,no,yes,no,yes,yes,two_year,no,credit_card_(automatic),78.6,1846.65,0
1305,female,0,yes,yes,42,yes,no,fiber_optic,no,no,no,no,yes,no,month_to_month,yes,credit_card_(automatic),77.95,3384.0,1
1306,male,0,no,yes,1,yes,yes,dsl,no,no,no,no,no,no,month_to_month,yes,electronic_check,50.05,50.05,0
1307,female,1,no,no,23,yes,no,fiber_optic,no,yes,no,no,yes,yes,month_to_month,yes,electronic_check,94.75,2293.6,1
1308,male,0,no,no,17,yes,no,no,no_internet_service,no_internet_service,no_internet_service,no_internet_service,no_internet_service,no_internet_service,one_year,yes,mailed_check,20.1,279.5,0
1309,male,0,yes,no,44,yes,yes,fiber_optic,yes,no,yes,no,no,no,month_to_month,yes,credit_card_(automatic),84.8,3626.35,0
1310,male,0,no,no,3,no,no_phone_service,dsl,no,no,no,no,no,no,month_to_month,no,electronic_check,25.1,79.8,0
1311,female,0,no,no,21,yes,no,fiber_optic,no,no,no,no,no,no,month_to_month,yes,electronic_check,68.65,1493.2,0
1312,male,0,no,no,71,yes,no,no,no_internet_service,no_internet_service,no_internet_service,no_internet_service,no_internet_service,no_internet_service,two_year,yes,credit_card_(automatic),19.9,1355.1,0
1313,female,0,no,no,72,yes,no,no,no_internet_service,no_internet_service,no_internet_service,no_internet_service,no_internet_service,no_internet_service,two_year,yes,bank_transfer_(automatic),21.15,1419.4,0
1314,male,0,no,no,42,yes,no,no,no_internet_service,no_internet_service,no_internet_service,no_internet_service,no_internet_service,no_internet_service,one_year,no,bank_transfer_(automatic),19.8,849.9,0
1315,female,0,no,no,42,yes,no,dsl,no,yes,no,no,no,no,month_to_month,yes,electronic_check,49.55,2077.95,0
1316,male,0,yes,yes,69,yes,yes,fiber_optic,no,yes,yes,no,yes,yes,two_year,yes,electronic_check,105.0,7297.75,0
1317,female,0,yes,yes,35,yes,no,no,no_internet_service,no_internet_service,no_internet_service,no_internet_service,no_internet_service,no_internet_service,two_year,yes,mailed_check,19.85,739.35,0
1318,male,0,no,no,11,yes,no,no,no_internet_service,no_internet_service,no_internet_service,no_internet_service,no_internet_service,no_internet_service,month_to_month,no,mailed_check,20.35,215.25,0
1319,female,1,yes,no,67,yes,yes,fiber_optic,yes,yes,yes,yes,no,yes,one_year,yes,credit_card_(automatic),105.4,7035.6,0
1320,male,0,no,no,25,yes,yes,fiber_optic,no,no,no,no,no,yes,month_to_month,yes,electronic_check,84.8,2043.45,1
1321,male,0,yes,yes,13,yes,no,fiber_optic,yes,no,no,no,no,yes,month_to_month,no,electronic_check,84.05,1095.3,1
1322,female,1,no,no,45,yes,yes,fiber_optic,no,no,yes,no,yes,yes,one_year,yes,bank_transfer_(automatic),102.15,4735.35,0
1323,female,0,yes,yes,27,yes,no,dsl,yes,yes,yes,yes,no,no,one_year,no,mailed_check,66.15,1874.45,0
1324,male,1,no,no,37,yes,yes,fiber_optic,no,no,yes,no,yes,yes,month_to_month,yes,electronic_check,101.1,3744.05,1
1325,female,0,yes,no,71,yes,yes,dsl,yes,yes,yes,yes,yes,yes,two_year,no,electronic_check,90.1,6310.9,0
1326,male,1,no,no,70,no,no_phone_service,dsl,no,no,no,no,yes,yes,one_year,yes,electronic_check,45.25,3264.45,1
1327,female,1,no,no,4,yes,yes,fiber_optic,no,no,no,no,no,no,month_to_month,yes,electronic_check,74.9,321.75,1
1328,female,1,no,no,1,yes,no,fiber_optic,no,no,no,no,no,no,month_to_month,yes,electronic_check,69.6,69.6,1
1329,male,0,no,no,26,yes,no,fiber_optic,no,no,yes,yes,yes,yes,month_to_month,yes,electronic_check,98.65,2537.0,0
1330,male,0,no,no,45,yes,no,fiber_optic,yes,yes,yes,yes,yes,yes,one_year,no,credit_card_(automatic),112.2,5031.85,0
1331,male,0,yes,yes,53,yes,yes,fiber_optic,no,yes,yes,no,yes,yes,one_year,yes,electronic_check,105.25,5576.3,0
1332,male,0,yes,no,3,yes,no,dsl,no,no,yes,yes,no,no,month_to_month,yes,mailed_check,55.8,154.55,0
1333,male,0,yes,yes,47,no,no_phone_service,dsl,yes,no,yes,yes,no,no,one_year,no,electronic_check,40.3,1794.8,0
1334,female,1,yes,no,43,yes,yes,fiber_optic,yes,yes,no,no,yes,no,month_to_month,yes,electronic_check,94.5,4156.8,0
1335,male,0,yes,yes,72,no,no_phone_service,dsl,yes,yes,yes,yes,yes,yes,two_year,yes,credit_card_(automatic),65.1,4754.3,0
1336,male,0,no,yes,23,yes,no,no,no_internet_service,no_internet_service,no_internet_service,no_internet_service,no_internet_service,no_internet_service,one_year,no,mailed_check,19.8,465.45,0
1337,female,0,yes,yes,57,yes,no,no,no_internet_service,no_internet_service,no_internet_service,no_internet_service,no_internet_service,no_internet_service,two_year,no,bank_transfer_(automatic),19.5,1167.6,0
1338,female,1,no,no,4,yes,yes,fiber_optic,no,no,yes,no,no,yes,month_to_month,yes,electronic_check,88.85,372.45,1
1339,female,0,no,no,1,yes,no,dsl,no,yes,no,no,no,no,month_to_month,no,electronic_check,49.5,49.5,0
1340,male,0,no,no,31,yes,no,no,no_internet_service,no_internet_service,no_internet_service,no_internet_service,no_internet_service,no_internet_service,two_year,no,bank_transfer_(automatic),20.4,609.1,0
1341,female,0,yes,no,8,yes,no,no,no_internet_service,no_internet_service,no_internet_service,no_internet_service,no_internet_service,no_internet_service,month_to_month,no,bank_transfer_(automatic),20.15,156.25,1
1342,female,0,yes,yes,10,yes,no,dsl,no,yes,yes,no,no,no,month_to_month,yes,mailed_check,55.55,551.3,0
1343,female,0,yes,no,32,yes,no,fiber_optic,yes,no,no,no,no,no,month_to_month,yes,bank_transfer_(automatic),75.5,2324.7,0
1344,female,0,yes,yes,67,yes,yes,dsl,no,no,yes,yes,no,yes,two_year,yes,bank_transfer_(automatic),69.9,4615.9,0
1345,female,0,no,no,2,yes,yes,dsl,no,no,no,no,no,no,month_to_month,yes,electronic_check,49.4,106.55,1
1346,male,0,no,no,3,yes,no,fiber_optic,no,yes,yes,no,no,yes,month_to_month,no,electronic_check,90.4,268.45,0
1347,female,0,no,no,8,yes,no,dsl,yes,no,no,yes,no,yes,month_to_month,no,bank_transfer_(automatic),66.05,574.5,0
1348,male,0,no,no,3,yes,no,fiber_optic,no,no,no,no,no,no,month_to_month,yes,mailed_check,70.3,220.4,0
1349,female,0,no,no,12,no,no_phone_service,dsl,yes,no,no,yes,no,no,one_year,yes,mailed_check,33.6,435.45,0
1350,male,0,no,no,34,yes,no,no,no_internet_service,no_internet_service,no_internet_service,no_internet_service,no_internet_service,no_internet_service,month_to_month,no,mailed_check,19.7,675.6,0
1351,female,0,no,no,13,yes,yes,dsl,yes,no,yes,no,yes,yes,month_to_month,yes,electronic_check,78.75,995.35,0
1352,male,0,yes,yes,71,yes,yes,no,no_internet_service,no_internet_service,no_internet_service,no_internet_service,no_internet_service,no_internet_service,two_year,no,credit_card_(automatic),23.9,1626.4,0
1353,female,0,no,no,5,yes,no,fiber_optic,no,no,no,no,yes,no,month_to_month,no,electronic_check,80.2,384.25,0
1354,male,0,no,no,1,no,no_phone_service,dsl,no,no,no,no,no,yes,month_to_month,yes,electronic_check,35.55,35.55,1
1355,female,0,yes,yes,10,yes,yes,fiber_optic,no,yes,yes,no,yes,yes,month_to_month,yes,credit_card_(automatic),102.1,1068.85,1
1356,female,0,yes,no,62,yes,yes,fiber_optic,yes,yes,yes,yes,yes,yes,two_year,no,mailed_check,113.95,6891.4,0
1357,male,0,no,no,10,yes,no,fiber_optic,yes,yes,yes,no,yes,yes,month_to_month,yes,electronic_check,104.4,1081.45,1
1358,male,0,yes,no,43,yes,no,dsl,no,no,no,no,yes,no,one_year,yes,mailed_check,56.35,2391.15,0
1359,female,0,no,no,33,yes,yes,dsl,yes,no,no,yes,no,no,one_year,no,electronic_check,59.4,1952.8,0
1360,female,0,yes,yes,47,yes,no,dsl,no,yes,no,yes,no,yes,two_year,no,bank_transfer_(automatic),63.8,3007.25,0
1361,male,0,no,no,31,yes,no,dsl,yes,yes,yes,yes,yes,no,month_to_month,yes,bank_transfer_(automatic),72.45,2156.25,0
1362,male,0,yes,no,33,yes,no,fiber_optic,no,no,yes,no,yes,yes,one_year,yes,electronic_check,95.8,3036.75,1
1363,female,0,yes,yes,55,yes,no,dsl,yes,yes,no,no,no,no,month_to_month,no,electronic_check,55.7,3131.8,0
1364,male,0,no,no,8,yes,yes,fiber_optic,no,yes,no,no,yes,yes,month_to_month,no,electronic_check,100.85,819.55,1
1365,male,0,no,no,35,yes,no,no,no_internet_service,no_internet_service,no_internet_service,no_internet_service,no_internet_service,no_internet_service,month_to_month,no,bank_transfer_(automatic),20.75,739.9,0
1366,male,0,no,no,3,yes,no,fiber_optic,no,yes,no,no,no,yes,month_to_month,no,electronic_check,84.3,235.05,0
1367,male,0,yes,yes,1,yes,no,dsl,no,no,no,no,no,no,month_to_month,no,electronic_check,44.55,44.55,0
1368,female,0,yes,no,27,yes,no,fiber_optic,no,yes,no,no,no,no,month_to_month,yes,electronic_check,76.1,2093.4,0
1369,female,0,yes,yes,53,yes,no,no,no_internet_service,no_internet_service,no_internet_service,no_internet_service,no_internet_service,no_internet_service,one_year,no,bank_transfer_(automatic),19.55,1007.9,0
1370,male,0,yes,no,63,yes,yes,fiber_optic,yes,no,no,yes,no,no,two_year,yes,credit_card_(automatic),84.65,5377.8,0
1371,male,0,no,no,7,yes,yes,no,no_internet_service,no_internet_service,no_internet_service,no_internet_service,no_internet_service,no_internet_service,month_to_month,yes,bank_transfer_(automatic),25.05,152.95,0
1372,female,0,no,no,27,yes,no,dsl,yes,yes,no,no,no,no,month_to_month,yes,mailed_check,56.7,1652.95,0
1373,male,0,no,no,24,yes,yes,dsl,no,no,no,yes,no,no,one_year,no,bank_transfer_(automatic),54.6,1242.25,0
1374,female,0,no,no,42,yes,no,fiber_optic,no,yes,yes,yes,yes,yes,month_to_month,yes,bank_transfer_(automatic),103.8,4327.5,0
1375,female,0,no,no,26,yes,no,fiber_optic,yes,no,yes,yes,no,no,one_year,yes,credit_card_(automatic),87.15,2274.1,0
1376,female,0,no,no,12,yes,no,fiber_optic,no,no,yes,yes,no,yes,month_to_month,yes,electronic_check,89.4,1095.65,1
1377,male,0,no,no,1,yes,no,no,no_internet_service,no_internet_service,no_internet_service,no_internet_service,no_internet_service,no_internet_service,month_to_month,no,mailed_check,19.75,19.75,0
1378,female,0,no,no,8,yes,no,fiber_optic,no,no,no,no,yes,no,month_to_month,yes,bank_transfer_(automatic),80.1,679.3,1
1379,male,0,yes,no,1,no,no_phone_service,dsl,no,no,yes,no,yes,yes,month_to_month,yes,electronic_check,50.35,50.35,1
1380,female,0,no,no,2,yes,yes,fiber_optic,no,no,yes,no,yes,no,month_to_month,yes,electronic_check,91.4,193.6,1
1381,male,0,yes,no,71,yes,yes,fiber_optic,yes,yes,yes,yes,yes,yes,two_year,yes,electronic_check,116.25,8564.75,0
1382,female,0,yes,no,65,yes,no,dsl,yes,no,yes,yes,no,no,two_year,no,credit_card_(automatic),58.9,3857.1,0
1383,female,0,no,no,54,yes,yes,fiber_optic,no,no,no,yes,yes,yes,month_to_month,yes,electronic_check,100.1,5440.9,1
1384,female,0,yes,yes,18,yes,no,dsl,yes,yes,no,yes,no,no,one_year,yes,mailed_check,61.5,1087.45,0
1385,female,1,yes,yes,24,yes,no,fiber_optic,no,no,yes,no,yes,yes,two_year,yes,electronic_check,96.55,2263.45,0
1386,female,1,yes,no,1,yes,no,no,no_internet_service,no_internet_service,no_internet_service,no_internet_service,no_internet_service,no_internet_service,month_to_month,yes,mailed_check,20.85,20.85,1
1387,female,0,no,no,10,yes,no,no,no_internet_service,no_internet_service,no_internet_service,no_internet_service,no_internet_service,no_internet_service,month_to_month,yes,electronic_check,21.2,222.65,0
1388,female,0,no,no,23,yes,yes,fiber_optic,no,no,no,no,no,no,month_to_month,no,bank_transfer_(automatic),75.6,1758.6,1
1389,male,1,yes,no,6,yes,yes,fiber_optic,no,no,yes,no,no,no,month_to_month,yes,electronic_check,80.8,457.1,0
1390,male,0,no,yes,40,yes,no,dsl,yes,yes,no,no,no,no,month_to_month,yes,mailed_check,55.25,2139.2,1
1391,female,0,yes,yes,48,yes,yes,fiber_optic,yes,yes,no,no,yes,yes,one_year,yes,credit_card_(automatic),103.25,5037.55,1
1392,female,0,yes,no,64,yes,yes,no,no_internet_service,no_internet_service,no_internet_service,no_internet_service,no_internet_service,no_internet_service,two_year,no,mailed_check,25.55,1714.95,0
1393,female,0,no,no,28,yes,no,dsl,no,no,yes,no,yes,no,month_to_month,yes,bank_transfer_(automatic),59.55,1646.45,0
1394,female,0,no,no,52,yes,no,dsl,yes,no,yes,yes,no,no,one_year,no,credit_card_(automatic),57.95,3042.25,0
1395,male,0,no,no,5,yes,no,fiber_optic,no,no,no,yes,yes,yes,month_to_month,yes,electronic_check,96.1,453.4,1
1396,female,0,yes,no,9,no,no_phone_service,dsl,no,no,yes,no,yes,yes,month_to_month,yes,electronic_check,48.75,442.2,1
1397,female,0,yes,no,45,yes,yes,no,no_internet_service,no_internet_service,no_internet_service,no_internet_service,no_internet_service,no_internet_service,two_year,no,mailed_check,25.5,1121.05,0
1398,female,0,no,no,1,yes,no,fiber_optic,no,no,no,no,no,no,month_to_month,yes,electronic_check,69.2,69.2,1
1399,male,0,yes,yes,2,yes,no,no,no_internet_service,no_internet_service,no_internet_service,no_internet_service,no_internet_service,no_internet_service,one_year,no,mailed_check,19.85,35.9,1
1400,male,0,no,no,42,yes,yes,fiber_optic,no,no,no,yes,yes,yes,month_to_month,yes,electronic_check,100.3,4222.95,0
1401,female,0,yes,yes,27,yes,yes,no,no_internet_service,no_internet_service,no_internet_service,no_internet_service,no_internet_service,no_internet_service,two_year,no,electronic_check,24.5,761.95,0
1402,male,0,yes,yes,1,yes,no,fiber_optic,no,no,no,no,yes,yes,month_to_month,yes,electronic_check,90.1,90.1,0
1403,male,1,yes,no,46,yes,no,fiber_optic,no,no,no,no,no,yes,month_to_month,yes,electronic_check,80.4,3605.2,1
1404,female,1,yes,yes,68,no,no_phone_service,dsl,no,yes,yes,no,yes,yes,two_year,yes,electronic_check,53.0,3656.25,0
1405,female,0,yes,no,66,yes,yes,fiber_optic,yes,yes,no,yes,no,no,one_year,no,electronic_check,89.0,5898.6,0
1406,male,0,no,no,11,yes,no,dsl,no,no,no,no,no,no,month_to_month,no,credit_card_(automatic),45.2,492.0,0
1407,male,0,yes,no,70,no,no_phone_service,dsl,yes,no,yes,yes,no,no,two_year,yes,credit_card_(automatic),39.15,2692.75,0
1408,female,0,no,yes,17,yes,yes,dsl,no,no,yes,no,no,no,one_year,yes,mailed_check,55.85,937.5,1
1409,female,0,yes,yes,1,yes,no,no,no_internet_service,no_internet_service,no_internet_service,no_internet_service,no_internet_service,no_internet_service,month_to_month,yes,electronic_check,19.9,19.9,1
1410,male,1,yes,no,9,yes,no,no,no_internet_service,no_internet_service,no_internet_service,no_internet_service,no_internet_service,no_internet_service,one_year,no,credit_card_(automatic),19.85,183.15,0
1411,male,0,no,no,27,yes,yes,dsl,no,no,no,no,no,no,month_to_month,no,mailed_check,49.0,1291.35,0
1412,female,0,no,no,63,yes,no,fiber_optic,no,no,yes,yes,yes,no,one_year,yes,credit_card_(automatic),90.05,5817.0,0
1413,female,0,no,yes,43,yes,no,dsl,yes,yes,no,no,no,yes,month_to_month,yes,electronic_check,63.95,2737.05,0
1414,female,1,no,no,6,yes,no,fiber_optic,yes,no,no,no,no,no,month_to_month,yes,electronic_check,74.1,450.9,0
1415,male,0,yes,no,70,yes,no,no,no_internet_service,no_internet_service,no_internet_service,no_internet_service,no_internet_service,no_internet_service,two_year,no,credit_card_(automatic),19.85,1433.8,0
1416,female,0,yes,no,67,yes,yes,dsl,yes,yes,yes,no,no,yes,one_year,no,mailed_check,75.1,5064.45,0
1417,female,1,no,no,9,yes,yes,fiber_optic,no,no,no,no,no,yes,month_to_month,yes,electronic_check,84.45,762.5,1
1418,female,0,no,no,72,yes,no,dsl,yes,yes,yes,yes,no,yes,two_year,yes,credit_card_(automatic),73.0,5265.2,0
1419,female,0,no,no,54,yes,no,no,no_internet_service,no_internet_service,no_internet_service,no_internet_service,no_internet_service,no_internet_service,two_year,no,mailed_check,20.1,1079.45,0
1420,male,0,yes,no,11,yes,no,dsl,no,no,no,no,yes,no,month_to_month,yes,bank_transfer_(automatic),55.05,608.15,0
1421,female,1,yes,yes,22,yes,yes,fiber_optic,no,no,no,no,yes,no,month_to_month,no,bank_transfer_(automatic),85.35,1961.6,0
1422,female,0,yes,no,64,yes,yes,dsl,yes,no,yes,yes,yes,yes,two_year,yes,credit_card_(automatic),85.0,5484.4,0
1423,female,0,yes,yes,64,yes,yes,fiber_optic,no,yes,yes,no,no,yes,one_year,yes,electronic_check,92.85,5980.75,0
1424,male,0,no,no,62,yes,yes,dsl,yes,yes,yes,yes,no,no,two_year,no,bank_transfer_(automatic),69.4,4237.5,0
1425,male,0,yes,yes,4,yes,yes,fiber_optic,no,yes,yes,no,no,no,month_to_month,yes,bank_transfer_(automatic),84.8,371.9,1
1426,female,0,no,no,9,yes,no,fiber_optic,no,no,no,no,yes,yes,month_to_month,yes,bank_transfer_(automatic),90.8,809.75,1
1427,female,0,no,no,32,no,no_phone_service,dsl,yes,no,no,no,no,no,one_year,no,mailed_check,30.15,927.65,0
1428,female,0,no,no,68,yes,yes,dsl,no,yes,yes,no,yes,yes,two_year,yes,electronic_check,80.65,5330.2,0
1429,female,1,no,no,14,yes,yes,fiber_optic,no,no,no,no,no,no,month_to_month,yes,electronic_check,74.3,1096.25,1
1430,female,0,yes,yes,56,yes,yes,fiber_optic,no,no,yes,no,yes,yes,one_year,yes,credit_card_(automatic),99.8,5515.45,0
1431,male,0,yes,yes,11,yes,yes,fiber_optic,no,no,no,no,no,no,month_to_month,yes,electronic_check,74.35,834.2,1
1432,male,0,no,no,18,yes,no,fiber_optic,no,no,no,yes,no,no,month_to_month,yes,bank_transfer_(automatic),75.9,1373.05,0
1433,female,1,yes,no,40,yes,no,fiber_optic,no,yes,no,yes,yes,yes,one_year,yes,credit_card_(automatic),99.2,4062.2,1
1434,female,0,no,no,27,yes,no,dsl,no,yes,no,yes,no,no,month_to_month,yes,mailed_check,56.15,1439.35,0
1435,female,1,yes,no,18,no,no_phone_service,dsl,no,no,yes,no,yes,yes,month_to_month,yes,electronic_check,48.35,810.7,1
1436,male,0,no,yes,45,yes,yes,fiber_optic,no,no,yes,no,yes,yes,two_year,no,bank_transfer_(automatic),99.7,4634.35,0
1437,female,0,no,no,2,yes,no,no,no_internet_service,no_internet_service,no_internet_service,no_internet_service,no_internet_service,no_internet_service,month_to_month,no,mailed_check,19.5,27.55,0
1438,male,0,no,no,30,yes,no,no,no_internet_service,no_internet_service,no_internet_service,no_internet_service,no_internet_service,no_internet_service,one_year,no,mailed_check,19.7,625.05,0
1439,male,1,no,no,36,yes,yes,fiber_optic,yes,no,no,no,yes,no,month_to_month,yes,electronic_check,90.85,3186.7,1
1440,female,0,yes,yes,69,yes,yes,fiber_optic,yes,no,yes,no,no,no,one_year,no,bank_transfer_(automatic),84.45,5848.6,0
1441,male,1,yes,no,15,yes,yes,fiber_optic,yes,no,yes,no,yes,no,month_to_month,yes,electronic_check,96.5,1392.25,0
1442,female,0,yes,yes,23,yes,yes,fiber_optic,yes,no,no,no,no,no,one_year,no,credit_card_(automatic),81.85,1810.85,0
1443,female,0,no,no,6,yes,no,dsl,no,no,no,yes,no,no,month_to_month,yes,bank_transfer_(automatic),50.8,288.05,1
1444,male,0,no,no,32,yes,no,fiber_optic,no,no,no,yes,yes,yes,month_to_month,yes,electronic_check,96.2,3183.4,1
1445,male,0,no,yes,17,yes,no,dsl,no,yes,yes,yes,yes,yes,one_year,no,electronic_check,80.85,1445.95,0
1446,female,0,no,no,36,yes,yes,fiber_optic,no,yes,no,no,yes,yes,month_to_month,yes,electronic_check,99.15,3615.6,1
1447,female,1,yes,no,4,yes,yes,fiber_optic,yes,no,no,no,yes,yes,month_to_month,yes,electronic_check,99.6,347.65,1
1448,female,0,no,yes,16,yes,no,fiber_optic,no,no,no,no,yes,no,month_to_month,yes,electronic_check,81.0,1312.15,1
1449,female,0,no,no,1,yes,no,fiber_optic,no,no,no,no,no,yes,month_to_month,yes,electronic_check,79.7,79.7,1
1450,female,0,no,no,1,yes,yes,fiber_optic,no,no,no,no,yes,yes,month_to_month,no,mailed_check,95.65,95.65,1
1451,male,0,yes,no,50,yes,yes,fiber_optic,yes,no,yes,no,yes,yes,one_year,yes,electronic_check,103.95,5231.3,0
1452,male,0,no,no,69,yes,no,no,no_internet_service,no_internet_service,no_internet_service,no_internet_service,no_internet_service,no_internet_service,two_year,no,credit_card_(automatic),19.95,1399.35,0
1453,male,0,yes,yes,47,yes,yes,dsl,yes,yes,yes,yes,yes,yes,two_year,yes,mailed_check,90.5,4318.35,0
1454,male,0,no,no,1,yes,no,no,no_internet_service,no_internet_service,no_internet_service,no_internet_service,no_internet_service,no_internet_service,month_to_month,no,mailed_check,19.8,19.8,1
1455,female,0,no,yes,21,no,no_phone_service,dsl,yes,yes,yes,yes,yes,no,two_year,no,mailed_check,53.15,1183.2,0
1456,female,0,yes,no,59,yes,no,no,no_internet_service,no_internet_service,no_internet_service,no_internet_service,no_internet_service,no_internet_service,two_year,no,bank_transfer_(automatic),18.4,1057.85,0
1457,female,0,no,no,24,yes,no,dsl,no,no,yes,no,no,no,month_to_month,yes,credit_card_(automatic),49.3,1233.25,0
1458,male,0,no,no,22,yes,no,no,no_internet_service,no_internet_service,no_internet_service,no_internet_service,no_internet_service,no_internet_service,one_year,no,credit_card_(automatic),20.3,467.15,0
1459,male,0,no,no,24,yes,no,dsl,yes,no,no,no,no,no,month_to_month,yes,bank_transfer_(automatic),49.55,1210.4,1
1460,female,0,yes,no,15,yes,no,fiber_optic,no,no,no,no,yes,yes,month_to_month,no,electronic_check,88.15,1390.6,1
1461,female,0,yes,yes,37,yes,no,no,no_internet_service,no_internet_service,no_internet_service,no_internet_service,no_internet_service,no_internet_service,month_to_month,no,electronic_check,19.35,683.75,0
1462,male,0,no,no,7,no,no_phone_service,dsl,no,no,no,no,no,no,one_year,yes,credit_card_(automatic),24.35,150.85,0
1463,male,0,no,no,9,yes,no,fiber_optic,yes,no,no,no,no,no,month_to_month,no,electronic_check,75.6,661.55,0
1464,female,0,yes,no,62,yes,no,fiber_optic,yes,no,yes,yes,yes,yes,one_year,yes,electronic_check,104.3,6613.65,0
1465,male,0,no,no,54,yes,no,fiber_optic,yes,no,yes,no,yes,no,month_to_month,no,mailed_check,89.8,4667.0,0
1466,male,1,no,no,12,yes,yes,fiber_optic,no,no,no,no,no,no,month_to_month,yes,credit_card_(automatic),73.3,828.05,0
1467,female,0,no,no,67,yes,no,no,no_internet_service,no_internet_service,no_internet_service,no_internet_service,no_internet_service,no_internet_service,one_year,no,electronic_check,20.55,1343.4,0
1468,female,0,yes,no,21,yes,yes,fiber_optic,no,no,no,no,no,yes,month_to_month,yes,electronic_check,86.5,1808.7,1
1469,female,1,yes,no,26,yes,yes,fiber_optic,no,yes,yes,no,no,yes,month_to_month,yes,electronic_check,93.85,2381.55,1
1470,male,1,no,no,18,yes,yes,fiber_optic,no,no,no,no,yes,yes,month_to_month,yes,electronic_check,95.45,1752.55,1
1471,male,0,yes,yes,69,yes,no,no,no_internet_service,no_internet_service,no_internet_service,no_internet_service,no_internet_service,no_internet_service,two_year,no,bank_transfer_(automatic),20.2,1376.5,0
1472,male,1,no,yes,56,yes,no,fiber_optic,yes,no,no,no,yes,yes,one_year,no,credit_card_(automatic),94.8,5264.3,0
1473,female,0,yes,no,47,yes,no,dsl,yes,no,yes,no,yes,no,one_year,yes,credit_card_(automatic),66.05,3021.45,0
1474,female,1,no,no,32,yes,no,dsl,no,yes,no,yes,no,no,month_to_month,no,bank_transfer_(automatic),54.65,1830.1,0
1475,male,0,no,no,43,yes,no,fiber_optic,yes,no,no,no,no,no,month_to_month,yes,electronic_check,75.2,3198.6,1
1476,female,0,no,no,10,yes,no,no,no_internet_service,no_internet_service,no_internet_service,no_internet_service,no_internet_service,no_internet_service,one_year,yes,mailed_check,19.8,198.25,0
1477,male,0,yes,yes,25,yes,no,no,no_internet_service,no_internet_service,no_internet_service,no_internet_service,no_internet_service,no_internet_service,one_year,no,electronic_check,19.6,411.15,0
1478,male,1,yes,yes,61,yes,yes,fiber_optic,no,yes,no,no,yes,yes,one_year,no,electronic_check,99.0,5969.3,0
1479,female,0,yes,no,72,yes,no,no,no_internet_service,no_internet_service,no_internet_service,no_internet_service,no_internet_service,no_internet_service,two_year,no,bank_transfer_(automatic),19.4,1496.45,0
1480,male,0,yes,yes,30,yes,yes,fiber_optic,no,yes,no,yes,no,no,month_to_month,yes,bank_transfer_(automatic),83.55,2570.2,0
1481,female,0,yes,no,65,yes,no,dsl,yes,no,yes,no,no,no,month_to_month,yes,mailed_check,55.15,3673.15,0
1482,female,1,yes,no,5,yes,yes,fiber_optic,no,yes,no,no,no,no,month_to_month,yes,electronic_check,81.0,371.65,1
1483,female,1,no,no,20,yes,no,fiber_optic,no,no,no,no,no,yes,month_to_month,yes,electronic_check,81.45,1671.6,0
1484,female,0,yes,yes,15,yes,no,no,no_internet_service,no_internet_service,no_internet_service,no_internet_service,no_internet_service,no_internet_service,month_to_month,no,mailed_check,20.05,284.3,0
1485,female,0,yes,no,71,yes,yes,dsl,yes,yes,yes,yes,yes,yes,two_year,no,credit_card_(automatic),89.3,6388.65,0
1486,male,0,yes,yes,72,yes,yes,fiber_optic,yes,yes,yes,no,yes,yes,two_year,yes,credit_card_(automatic),108.4,7767.25,0
1487,female,0,yes,no,60,yes,no,fiber_optic,yes,no,no,yes,yes,yes,two_year,yes,electronic_check,97.2,5611.75,0
1488,female,0,yes,no,72,yes,no,no,no_internet_service,no_internet_service,no_internet_service,no_internet_service,no_internet_service,no_internet_service,two_year,no,credit_card_(automatic),20.5,1502.25,0
1489,male,0,yes,yes,2,yes,no,fiber_optic,no,no,no,no,no,no,month_to_month,no,mailed_check,69.95,143.9,0
1490,female,0,no,no,1,yes,yes,fiber_optic,no,no,no,no,no,no,month_to_month,yes,mailed_check,75.05,75.05,1
1491,male,0,yes,yes,23,no,no_phone_service,dsl,no,no,no,yes,no,no,month_to_month,yes,bank_transfer_(automatic),30.35,678.75,0
1492,female,0,no,no,41,yes,no,dsl,yes,no,yes,yes,yes,yes,one_year,yes,bank_transfer_(automatic),79.85,3320.75,0
1493,male,1,yes,no,71,yes,yes,fiber_optic,yes,yes,yes,yes,no,no,one_year,yes,electronic_check,92.0,6585.2,0
1494,male,0,no,no,50,yes,no,fiber_optic,yes,yes,yes,yes,no,no,one_year,yes,credit_card_(automatic),90.1,4549.45,0
1495,male,0,no,no,3,no,no_phone_service,dsl,no,no,no,yes,no,no,month_to_month,no,electronic_check,30.4,82.15,0
1496,female,1,no,no,25,yes,yes,fiber_optic,yes,yes,no,no,yes,yes,month_to_month,yes,mailed_check,102.8,2660.2,1
1497,female,0,no,yes,46,yes,no,fiber_optic,no,yes,yes,no,yes,yes,month_to_month,yes,electronic_check,99.8,4391.25,0
1498,female,1,no,no,13,yes,no,fiber_optic,no,no,yes,no,yes,yes,month_to_month,yes,electronic_check,96.85,1235.55,0
1499,female,0,no,no,6,yes,no,no,no_internet_service,no_internet_service,no_internet_service,no_internet_service,no_internet_service,no_internet_service,month_to_month,no,mailed_check,20.0,109.2,0
1500,female,0,no,no,50,yes,yes,dsl,no,yes,no,yes,yes,yes,two_year,yes,mailed_check,79.6,4024.2,0
1501,male,0,yes,no,69,yes,no,dsl,yes,yes,yes,yes,yes,yes,two_year,yes,mailed_check,84.7,5878.9,0
1502,female,0,no,no,1,yes,no,fiber_optic,no,no,yes,no,no,no,month_to_month,no,electronic_check,76.35,76.35,1
1503,female,1,yes,no,66,yes,yes,dsl,no,yes,yes,no,yes,yes,two_year,yes,bank_transfer_(automatic),80.55,5265.1,1
1504,female,0,no,no,9,yes,no,fiber_optic,no,no,no,no,yes,yes,month_to_month,yes,mailed_check,88.4,788.6,0
1505,male,0,yes,no,56,yes,yes,fiber_optic,yes,no,no,no,yes,yes,one_year,yes,electronic_check,100.55,5514.95,0
1506,female,0,no,no,14,yes,no,fiber_optic,no,no,no,no,yes,yes,month_to_month,yes,mailed_check,89.8,1129.1,1
1507,female,0,yes,yes,68,yes,yes,dsl,yes,yes,yes,no,yes,no,one_year,yes,credit_card_(automatic),73.0,5163.0,0
1508,female,0,yes,no,53,yes,yes,fiber_optic,no,yes,yes,yes,yes,yes,one_year,yes,bank_transfer_(automatic),108.95,5718.2,0
1509,female,1,no,no,1,yes,no,fiber_optic,no,no,no,no,no,no,month_to_month,yes,electronic_check,71.15,71.15,1
1510,male,0,no,no,72,yes,yes,fiber_optic,no,yes,yes,no,yes,yes,two_year,yes,electronic_check,103.65,7634.8,0
1511,female,0,no,no,10,no,no_phone_service,dsl,no,no,no,yes,no,no,two_year,yes,mailed_check,29.6,299.05,0
1512,female,0,yes,no,64,yes,no,dsl,no,yes,yes,yes,no,yes,two_year,yes,mailed_check,68.3,4378.8,0
1513,male,0,no,no,4,yes,no,no,no_internet_service,no_internet_service,no_internet_service,no_internet_service,no_internet_service,no_internet_service,month_to_month,yes,credit_card_(automatic),20.7,83.75,0
1514,male,1,no,no,41,yes,yes,fiber_optic,no,no,yes,no,yes,yes,month_to_month,yes,electronic_check,98.4,4187.75,1
1515,male,0,yes,no,14,yes,yes,fiber_optic,no,yes,yes,no,no,no,month_to_month,yes,electronic_check,82.65,1185.0,0
1516,male,0,no,no,28,yes,yes,fiber_optic,yes,yes,no,no,no,yes,month_to_month,yes,credit_card_(automatic),94.5,2659.4,1
1517,female,0,no,no,32,yes,no,no,no_internet_service,no_internet_service,no_internet_service,no_internet_service,no_internet_service,no_internet_service,month_to_month,no,bank_transfer_(automatic),19.9,601.55,0
1518,male,1,yes,no,10,yes,yes,fiber_optic,no,no,yes,no,no,yes,month_to_month,yes,electronic_check,89.8,914.3,1
1519,female,0,no,no,32,yes,yes,fiber_optic,no,no,no,no,yes,no,one_year,no,electronic_check,84.05,2781.85,1
1520,male,1,yes,no,43,yes,yes,fiber_optic,no,yes,no,no,yes,yes,month_to_month,yes,electronic_check,101.0,4388.4,1
1521,female,0,no,no,44,yes,no,fiber_optic,no,yes,yes,no,yes,no,month_to_month,yes,credit_card_(automatic),88.15,3973.2,0
1522,female,0,no,no,17,yes,yes,fiber_optic,yes,yes,no,no,yes,no,month_to_month,yes,electronic_check,94.4,1617.5,1
1523,female,1,no,no,6,yes,no,no,no_internet_service,no_internet_service,no_internet_service,no_internet_service,no_internet_service,no_internet_service,month_to_month,no,bank_transfer_(automatic),19.5,106.8,0
1524,male,0,no,no,20,yes,no,no,no_internet_service,no_internet_service,no_internet_service,no_internet_service,no_internet_service,no_internet_service,one_year,yes,mailed_check,19.7,415.9,0
1525,male,0,no,no,71,no,no_phone_service,dsl,yes,yes,yes,yes,yes,no,two_year,no,bank_transfer_(automatic),53.95,3888.65,0
1526,female,0,no,yes,44,yes,no,no,no_internet_service,no_internet_service,no_internet_service,no_internet_service,no_internet_service,no_internet_service,two_year,no,mailed_check,19.9,868.1,0
1527,male,0,yes,yes,59,yes,yes,fiber_optic,yes,yes,no,yes,yes,yes,two_year,yes,mailed_check,111.1,6555.2,0
1528,male,0,yes,yes,1,yes,no,no,no_internet_service,no_internet_service,no_internet_service,no_internet_service,no_internet_service,no_internet_service,one_year,no,mailed_check,18.8,18.8,0
1529,male,0,yes,no,61,yes,yes,dsl,no,yes,yes,no,yes,yes,two_year,no,bank_transfer_(automatic),80.9,4932.5,0
1530,female,0,yes,yes,54,yes,no,dsl,yes,no,yes,yes,no,yes,two_year,no,bank_transfer_(automatic),69.95,3871.85,0
1531,male,0,no,yes,21,yes,no,no,no_internet_service,no_internet_service,no_internet_service,no_internet_service,no_internet_service,no_internet_service,two_year,no,mailed_check,19.6,397.0,0
1532,male,0,yes,yes,6,yes,no,dsl,no,no,no,no,no,no,month_to_month,yes,bank_transfer_(automatic),44.6,260.8,1
1533,female,0,yes,yes,22,yes,no,fiber_optic,no,yes,no,no,no,yes,month_to_month,no,electronic_check,83.3,1845.9,1
1534,female,1,no,no,3,yes,no,fiber_optic,no,no,yes,no,no,no,month_to_month,no,electronic_check,73.85,196.4,0
1535,male,0,yes,yes,8,yes,no,no,no_internet_service,no_internet_service,no_internet_service,no_internet_service,no_internet_service,no_internet_service,two_year,no,mailed_check,19.7,130.25,0
1536,male,0,yes,no,36,no,no_phone_service,dsl,yes,no,yes,no,no,no,one_year,no,mailed_check,35.35,1317.95,0
1537,female,0,no,no,15,yes,no,dsl,yes,no,yes,yes,no,no,month_to_month,no,electronic_check,58.95,955.15,0
1538,male,0,no,yes,2,yes,no,no,no_internet_service,no_internet_service,no_internet_service,no_internet_service,no_internet_service,no_internet_service,month_to_month,no,mailed_check,19.25,48.35,0
1539,male,0,no,yes,37,yes,no,dsl,yes,yes,no,yes,no,no,two_year,no,credit_card_(automatic),61.45,2302.35,0
1540,female,0,no,no,52,yes,yes,fiber_optic,yes,yes,no,yes,yes,yes,one_year,yes,credit_card_(automatic),111.25,5916.45,1
1541,male,0,yes,yes,19,yes,yes,dsl,no,no,no,no,no,no,month_to_month,no,credit_card_(automatic),50.1,910.45,0
1542,male,0,yes,yes,72,yes,yes,fiber_optic,yes,yes,yes,yes,yes,yes,two_year,yes,credit_card_(automatic),114.05,8468.2,0
1543,male,1,no,no,12,yes,yes,fiber_optic,no,no,yes,no,yes,yes,month_to_month,yes,electronic_check,99.45,1200.15,1
1544,female,1,no,no,3,yes,no,fiber_optic,no,no,yes,no,yes,no,month_to_month,yes,electronic_check,86.85,220.95,1
1545,male,1,yes,no,45,yes,yes,dsl,yes,no,yes,yes,no,yes,two_year,no,credit_card_(automatic),75.15,3480.35,0
1546,male,1,no,no,27,yes,yes,fiber_optic,no,yes,no,no,no,no,month_to_month,yes,electronic_check,81.45,2122.05,1
1547,female,1,yes,no,58,yes,yes,fiber_optic,no,yes,no,no,yes,yes,one_year,yes,bank_transfer_(automatic),97.8,5458.8,0
1548,female,0,no,no,6,no,no_phone_service,dsl,yes,yes,yes,yes,yes,yes,two_year,yes,mailed_check,63.4,348.8,0
1549,male,0,no,no,2,no,no_phone_service,dsl,no,no,no,no,no,no,month_to_month,yes,credit_card_(automatic),24.9,49.7,0
1550,female,0,no,no,13,yes,no,fiber_optic,no,no,no,no,no,no,month_to_month,yes,mailed_check,70.15,886.7,0
1551,male,0,no,no,1,yes,no,no,no_internet_service,no_internet_service,no_internet_service,no_internet_service,no_internet_service,no_internet_service,two_year,no,mailed_check,20.45,20.45,0
1552,male,0,no,no,18,no,no_phone_service,dsl,yes,no,yes,no,no,no,month_to_month,no,mailed_check,33.6,550.35,0
1553,female,0,yes,yes,64,yes,yes,fiber_optic,yes,yes,yes,yes,yes,yes,one_year,no,electronic_check,113.35,7222.75,0
1554,male,0,no,no,12,yes,yes,fiber_optic,no,no,yes,no,yes,no,month_to_month,yes,electronic_check,89.55,1021.75,0
1555,male,0,no,no,5,yes,no,dsl,no,no,yes,yes,yes,no,month_to_month,yes,credit_card_(automatic),63.95,318.1,0
1556,female,0,no,no,1,yes,no,dsl,no,no,no,no,no,no,month_to_month,no,electronic_check,45.15,45.15,1
1557,female,1,yes,no,68,yes,no,dsl,no,yes,yes,yes,no,no,one_year,yes,bank_transfer_(automatic),60.65,3975.9,0
1558,male,0,yes,yes,37,no,no_phone_service,dsl,yes,yes,yes,no,no,no,month_to_month,no,bank_transfer_(automatic),40.2,1448.8,1
1559,male,0,no,no,1,yes,no,no,no_internet_service,no_internet_service,no_internet_service,no_internet_service,no_internet_service,no_internet_service,month_to_month,yes,mailed_check,20.05,20.05,0
1560,male,0,no,no,5,yes,yes,fiber_optic,no,yes,yes,no,yes,yes,month_to_month,no,electronic_check,105.3,550.6,0
1561,male,0,no,no,11,yes,no,dsl,no,yes,yes,yes,no,no,month_to_month,yes,electronic_check,60.9,688.5,0
1562,male,0,yes,yes,34,yes,no,no,no_internet_service,no_internet_service,no_internet_service,no_internet_service,no_internet_service,no_internet_service,month_to_month,no,mailed_check,20.8,635.9,0
1563,female,0,yes,yes,70,yes,yes,fiber_optic,yes,yes,yes,yes,yes,yes,two_year,yes,credit_card_(automatic),113.05,7869.05,0
1564,male,1,no,no,11,yes,yes,fiber_optic,no,yes,yes,yes,yes,yes,month_to_month,yes,electronic_check,111.4,1183.05,0
1565,female,0,yes,no,34,yes,yes,no,no_internet_service,no_internet_service,no_internet_service,no_internet_service,no_internet_service,no_internet_service,month_to_month,no,electronic_check,24.7,780.2,0
1566,female,0,no,no,20,yes,yes,dsl,no,yes,no,yes,no,yes,month_to_month,yes,credit_card_(automatic),68.9,1370.35,0
1567,female,1,no,no,9,yes,no,fiber_optic,no,no,yes,no,no,no,month_to_month,no,credit_card_(automatic),75.5,637.4,0
1568,male,0,no,yes,17,yes,no,dsl,yes,no,no,no,no,no,month_to_month,yes,mailed_check,50.3,846.8,0
1569,male,0,yes,no,58,yes,yes,dsl,yes,yes,yes,no,yes,yes,two_year,yes,electronic_check,86.1,4890.5,0
1570,female,0,no,no,1,yes,no,dsl,no,no,no,no,no,yes,month_to_month,yes,electronic_check,56.25,56.25,1
1571,male,0,no,no,62,yes,no,dsl,no,yes,yes,yes,yes,yes,month_to_month,yes,bank_transfer_(automatic),80.4,4981.15,0
1572,male,0,no,no,22,yes,yes,dsl,yes,no,no,no,no,no,month_to_month,yes,electronic_check,54.45,1127.35,1
1573,male,1,yes,no,65,yes,yes,fiber_optic,no,yes,yes,no,yes,yes,month_to_month,yes,electronic_check,104.35,6578.55,0
1574,female,0,yes,no,63,yes,yes,fiber_optic,no,yes,yes,no,yes,yes,one_year,yes,electronic_check,107.5,6873.75,1
1575,female,0,yes,yes,72,yes,yes,dsl,yes,yes,yes,yes,no,yes,two_year,yes,bank_transfer_(automatic),79.5,5661.7,0
1576,female,0,no,no,40,yes,no,dsl,no,no,yes,no,no,no,one_year,yes,mailed_check,50.25,2023.55,0
1577,female,0,yes,no,56,yes,yes,fiber_optic,yes,no,no,no,yes,yes,one_year,yes,electronic_check,98.0,5270.6,0
1578,female,0,yes,yes,72,yes,yes,dsl,yes,yes,no,yes,yes,no,two_year,no,mailed_check,74.55,5430.65,0
1579,female,0,yes,yes,8,yes,yes,dsl,no,yes,no,no,no,no,month_to_month,no,electronic_check,55.75,446.8,0
1580,male,1,no,no,1,yes,no,fiber_optic,no,no,no,no,yes,no,month_to_month,yes,electronic_check,79.1,79.1,1
1581,female,0,yes,no,46,yes,yes,dsl,yes,no,no,no,no,no,month_to_month,no,bank_transfer_(automatic),55.0,2473.95,0
1582,female,0,no,no,40,yes,no,no,no_internet_service,no_internet_service,no_internet_service,no_internet_service,no_internet_service,no_internet_service,two_year,no,credit_card_(automatic),19.65,830.25,0
1583,female,1,no,no,15,yes,yes,fiber_optic,no,yes,no,no,yes,no,month_to_month,no,credit_card_(automatic),89.0,1288.3,0
1584,male,1,yes,no,7,yes,yes,fiber_optic,no,no,no,no,no,no,month_to_month,yes,electronic_check,75.4,533.05,0
1585,male,0,no,no,3,yes,no,no,no_internet_service,no_internet_service,no_internet_service,no_internet_service,no_internet_service,no_internet_service,month_to_month,yes,electronic_check,20.5,76.95,0
1586,male,0,yes,yes,67,yes,yes,dsl,yes,yes,yes,yes,no,no,one_year,yes,credit_card_(automatic),69.35,4653.25,0
1587,female,1,no,no,28,yes,yes,fiber_optic,no,yes,yes,no,yes,yes,month_to_month,yes,electronic_check,106.15,3152.5,1
1588,female,1,yes,no,56,yes,yes,fiber_optic,no,no,no,yes,no,no,month_to_month,yes,bank_transfer_(automatic),76.85,4275.75,0
1589,male,0,yes,yes,9,yes,no,fiber_optic,no,no,yes,yes,yes,yes,month_to_month,no,electronic_check,103.1,970.45,0
1590,male,0,no,no,68,no,no_phone_service,dsl,no,no,yes,no,no,yes,month_to_month,yes,bank_transfer_(automatic),39.9,2796.35,0
1591,male,0,no,no,66,yes,no,no,no_internet_service,no_internet_service,no_internet_service,no_internet_service,no_internet_service,no_internet_service,two_year,no,bank_transfer_(automatic),19.35,1240.8,0
1592,male,0,yes,yes,7,yes,no,fiber_optic,no,yes,no,yes,yes,no,month_to_month,yes,electronic_check,89.75,608.8,1
1593,female,0,no,no,9,yes,yes,fiber_optic,no,no,no,no,yes,yes,month_to_month,no,electronic_check,94.4,857.25,1
1594,male,1,no,no,71,yes,yes,no,no_internet_service,no_internet_service,no_internet_service,no_internet_service,no_internet_service,no_internet_service,two_year,yes,mailed_check,24.65,1766.75,0
1595,male,0,yes,no,50,yes,no,no,no_internet_service,no_internet_service,no_internet_service,no_internet_service,no_internet_service,no_internet_service,two_year,no,electronic_check,19.8,1013.2,0
1596,male,1,yes,yes,10,no,no_phone_service,dsl,no,no,no,no,no,yes,month_to_month,yes,bank_transfer_(automatic),34.55,362.6,0
1597,female,0,yes,no,42,yes,yes,fiber_optic,no,no,yes,yes,no,no,month_to_month,yes,electronic_check,84.3,3588.4,1
1598,male,0,yes,no,29,yes,yes,fiber_optic,no,yes,no,no,no,no,month_to_month,yes,bank_transfer_(automatic),80.15,2265.25,1
1599,male,0,yes,yes,72,no,no_phone_service,dsl,yes,yes,yes,yes,no,no,two_year,no,credit_card_(automatic),45.25,3139.8,0
1600,female,0,yes,no,64,yes,yes,fiber_optic,no,yes,yes,yes,yes,yes,month_to_month,yes,electronic_check,111.15,6953.4,0
1601,female,0,no,yes,43,yes,yes,no,no_internet_service,no_internet_service,no_internet_service,no_internet_service,no_internet_service,no_internet_service,two_year,yes,electronic_check,25.1,1070.15,0
1602,male,0,no,no,57,yes,yes,fiber_optic,no,no,no,no,yes,no,one_year,yes,electronic_check,86.9,4939.25,0
1603,female,1,no,no,41,yes,no,fiber_optic,no,no,yes,yes,yes,yes,one_year,yes,bank_transfer_(automatic),101.1,4016.2,0
1604,female,0,yes,yes,39,yes,yes,fiber_optic,no,no,no,yes,yes,yes,month_to_month,yes,credit_card_(automatic),99.95,3767.4,0
1605,female,0,no,no,8,yes,no,dsl,yes,no,no,no,no,no,month_to_month,yes,electronic_check,49.85,365.55,1
1606,male,0,yes,yes,72,yes,yes,fiber_optic,yes,no,yes,no,yes,yes,two_year,yes,bank_transfer_(automatic),105.55,7542.25,0
1607,female,0,no,no,16,yes,no,fiber_optic,no,yes,yes,no,no,yes,month_to_month,yes,credit_card_(automatic),93.2,1573.7,1
1608,male,0,yes,no,34,yes,no,no,no_internet_service,no_internet_service,no_internet_service,no_internet_service,no_internet_service,no_internet_service,two_year,no,credit_card_(automatic),20.05,679.0,0
1609,male,0,yes,yes,12,yes,yes,no,no_internet_service,no_internet_service,no_internet_service,no_internet_service,no_internet_service,no_internet_service,two_year,yes,bank_transfer_(automatic),25.4,313.0,0
1610,female,0,no,no,37,no,no_phone_service,dsl,no,no,no,yes,no,no,month_to_month,no,credit_card_(automatic),28.6,973.55,1
1611,female,0,yes,yes,71,yes,no,no,no_internet_service,no_internet_service,no_internet_service,no_internet_service,no_internet_service,no_internet_service,two_year,no,bank_transfer_(automatic),19.9,1389.35,0
1612,male,0,no,yes,6,yes,no,no,no_internet_service,no_internet_service,no_internet_service,no_internet_service,no_internet_service,no_internet_service,month_to_month,no,mailed_check,19.65,100.9,0
1613,male,0,yes,no,72,yes,yes,dsl,yes,yes,yes,yes,no,yes,two_year,yes,bank_transfer_(automatic),82.3,5980.55,0
1614,female,0,yes,no,47,yes,yes,fiber_optic,yes,yes,yes,no,yes,no,month_to_month,yes,electronic_check,98.75,4533.7,1
1615,female,0,no,no,52,yes,yes,fiber_optic,no,yes,no,no,no,no,one_year,yes,mailed_check,80.2,4297.6,0
1616,female,1,no,no,19,yes,no,fiber_optic,yes,yes,no,yes,yes,yes,month_to_month,yes,mailed_check,105.0,2007.25,0
1617,female,0,yes,yes,40,yes,no,dsl,yes,yes,no,yes,no,yes,month_to_month,yes,mailed_check,71.35,2847.2,0
1618,female,1,no,no,1,yes,yes,fiber_optic,no,no,no,no,no,yes,month_to_month,yes,electronic_check,85.05,85.05,1
1619,male,0,yes,no,22,yes,no,fiber_optic,no,no,yes,no,yes,no,month_to_month,yes,bank_transfer_(automatic),87.0,1850.65,0
1620,male,0,no,yes,19,yes,yes,no,no_internet_service,no_internet_service,no_internet_service,no_internet_service,no_internet_service,no_internet_service,month_to_month,yes,credit_card_(automatic),24.1,439.2,0
1621,female,0,no,no,3,yes,no,fiber_optic,no,yes,no,no,yes,yes,month_to_month,no,electronic_check,95.4,293.15,0
1622,male,0,yes,yes,1,yes,no,fiber_optic,no,no,no,no,no,yes,month_to_month,no,electronic_check,80.0,80.0,1
1623,female,0,no,no,1,yes,no,dsl,no,no,no,no,yes,no,month_to_month,yes,credit_card_(automatic),55.0,55.0,1
1624,male,0,yes,no,70,yes,yes,fiber_optic,yes,yes,no,yes,no,no,two_year,yes,credit_card_(automatic),88.0,5986.45,0
1625,female,0,yes,no,44,yes,yes,fiber_optic,no,no,no,no,yes,yes,month_to_month,yes,electronic_check,96.1,4364.1,1
1626,male,0,yes,yes,57,yes,no,dsl,yes,yes,no,yes,no,no,one_year,no,mailed_check,59.6,3509.4,0
1627,male,0,no,no,53,yes,yes,no,no_internet_service,no_internet_service,no_internet_service,no_internet_service,no_internet_service,no_internet_service,two_year,no,mailed_check,24.6,1279.0,0
1628,male,0,no,no,2,no,no_phone_service,dsl,no,no,no,no,no,no,month_to_month,yes,electronic_check,25.05,56.35,1
1629,female,0,yes,yes,72,yes,yes,fiber_optic,yes,yes,no,yes,yes,no,two_year,no,bank_transfer_(automatic),99.9,7251.7,0
1630,male,1,yes,no,69,yes,yes,fiber_optic,no,yes,yes,yes,yes,yes,two_year,yes,bank_transfer_(automatic),108.4,7318.2,1
1631,female,0,yes,no,72,yes,yes,fiber_optic,no,yes,no,no,yes,yes,two_year,yes,credit_card_(automatic),97.7,6869.7,0
1632,female,1,yes,no,56,yes,yes,fiber_optic,no,no,yes,no,yes,yes,month_to_month,yes,bank_transfer_(automatic),100.65,5688.05,1
1633,female,0,yes,yes,70,yes,yes,dsl,yes,no,no,yes,yes,yes,two_year,yes,bank_transfer_(automatic),80.6,5460.2,0
1634,male,0,no,no,34,yes,no,dsl,yes,no,yes,no,no,no,one_year,no,mailed_check,56.95,1889.5,0
1635,female,0,yes,yes,42,yes,yes,fiber_optic,yes,yes,no,no,yes,no,one_year,yes,credit_card_(automatic),94.45,3923.8,0
1636,female,0,no,yes,4,no,no_phone_service,dsl,yes,yes,yes,no,yes,yes,month_to_month,yes,mailed_check,57.2,223.75,0
1637,male,0,yes,yes,54,yes,no,fiber_optic,no,yes,no,yes,no,no,two_year,yes,bank_transfer_(automatic),79.95,4362.05,0
1638,female,1,no,no,59,yes,yes,fiber_optic,yes,yes,yes,no,no,no,month_to_month,yes,electronic_check,89.75,5496.9,0
1639,female,0,yes,no,64,yes,yes,fiber_optic,yes,yes,yes,yes,yes,yes,one_year,yes,electronic_check,115.0,7396.15,0
1640,male,0,yes,no,40,yes,no,fiber_optic,no,yes,yes,no,no,no,month_to_month,yes,electronic_check,80.0,3168.75,0
1641,female,0,yes,no,72,yes,yes,dsl,yes,no,yes,yes,yes,yes,two_year,yes,credit_card_(automatic),84.4,6096.45,0
1642,male,0,yes,yes,62,yes,no,no,no_internet_service,no_internet_service,no_internet_service,no_internet_service,no_internet_service,no_internet_service,one_year,no,bank_transfer_(automatic),19.95,1244.8,0
1643,female,0,yes,yes,56,yes,no,fiber_optic,no,no,no,no,yes,yes,one_year,no,bank_transfer_(automatic),88.9,4968.0,0
1644,male,0,yes,yes,72,yes,yes,fiber_optic,yes,yes,yes,yes,yes,yes,two_year,yes,credit_card_(automatic),114.05,8289.2,0
1645,male,0,yes,no,72,yes,yes,fiber_optic,no,yes,yes,no,yes,yes,two_year,yes,bank_transfer_(automatic),106.3,7565.35,0
1646,male,0,yes,yes,32,yes,no,fiber_optic,yes,yes,no,no,no,yes,one_year,yes,electronic_check,90.8,3023.85,0
1647,female,0,yes,no,69,yes,yes,no,no_internet_service,no_internet_service,no_internet_service,no_internet_service,no_internet_service,no_internet_service,two_year,no,bank_transfer_(automatic),24.25,1641.8,0
1648,male,0,yes,yes,7,yes,no,dsl,yes,no,no,no,yes,yes,month_to_month,no,credit_card_(automatic),69.7,516.15,0
1649,male,0,no,no,15,yes,yes,fiber_optic,no,yes,no,yes,no,yes,month_to_month,no,electronic_check,95.7,1451.1,0
1650,male,0,yes,no,67,yes,yes,fiber_optic,no,yes,yes,no,yes,yes,one_year,no,electronic_check,104.1,7040.85,1
1651,female,0,no,no,6,yes,no,fiber_optic,no,no,yes,no,no,yes,month_to_month,no,electronic_check,83.9,497.55,1
1652,female,0,yes,no,55,yes,yes,fiber_optic,no,yes,no,no,no,no,month_to_month,yes,credit_card_(automatic),77.75,4266.4,0
1653,male,0,yes,yes,42,yes,yes,dsl,yes,yes,no,no,yes,no,month_to_month,yes,bank_transfer_(automatic),69.4,3058.3,0
1654,female,0,no,no,4,yes,no,fiber_optic,no,no,no,no,no,no,month_to_month,yes,credit_card_(automatic),70.05,266.9,1
1655,female,0,yes,yes,71,no,no_phone_service,dsl,yes,yes,no,yes,yes,yes,two_year,no,mailed_check,58.65,4145.25,0
1656,female,0,no,no,1,no,no_phone_service,dsl,no,no,no,no,no,no,month_to_month,no,bank_transfer_(automatic),25.25,25.25,0
1657,female,0,yes,yes,12,yes,no,no,no_internet_service,no_internet_service,no_internet_service,no_internet_service,no_internet_service,no_internet_service,two_year,no,bank_transfer_(automatic),20.3,224.5,0
1658,male,0,yes,yes,70,yes,yes,fiber_optic,yes,yes,yes,yes,yes,yes,two_year,yes,credit_card_(automatic),116.55,8152.3,0
1659,female,0,yes,no,43,yes,yes,dsl,no,no,no,yes,yes,no,one_year,yes,bank_transfer_(automatic),64.85,2908.2,0
1660,male,0,no,no,12,yes,no,dsl,no,yes,no,no,no,no,month_to_month,yes,bank_transfer_(automatic),49.05,593.05,0
1661,female,0,yes,no,6,yes,yes,fiber_optic,no,yes,yes,no,yes,yes,month_to_month,yes,electronic_check,105.3,545.2,1
1662,male,0,yes,yes,7,yes,no,dsl,yes,no,no,no,no,no,one_year,yes,electronic_check,49.75,331.3,1
1663,female,0,no,no,2,yes,no,dsl,no,no,yes,no,no,yes,month_to_month,no,electronic_check,60.85,111.4,0
1664,female,0,yes,yes,67,yes,no,dsl,no,yes,no,no,no,no,one_year,no,credit_card_(automatic),50.55,3431.75,0
1665,female,0,yes,no,17,yes,yes,fiber_optic,yes,no,no,no,no,no,month_to_month,no,electronic_check,78.9,1348.95,0
1666,male,0,no,no,44,no,no_phone_service,dsl,yes,no,yes,no,yes,yes,one_year,yes,electronic_check,54.0,2440.25,0
1667,male,1,yes,no,13,yes,no,fiber_optic,no,yes,yes,no,yes,yes,month_to_month,yes,electronic_check,98.0,1237.85,1
1668,male,0,yes,yes,53,yes,yes,dsl,no,no,yes,yes,yes,yes,one_year,yes,mailed_check,78.75,3942.45,0
1669,male,0,no,no,41,yes,no,fiber_optic,no,yes,no,yes,yes,no,one_year,yes,electronic_check,89.55,3729.75,0
1670,female,1,no,no,1,no,no_phone_service,dsl,no,no,no,no,no,no,month_to_month,yes,electronic_check,25.2,25.2,1
1671,female,0,no,no,38,yes,yes,dsl,no,yes,no,yes,no,yes,month_to_month,no,credit_card_(automatic),68.15,2656.3,0
1672,female,0,no,yes,61,yes,yes,no,no_internet_service,no_internet_service,no_internet_service,no_internet_service,no_internet_service,no_internet_service,two_year,yes,credit_card_(automatic),25.0,1498.35,0
1673,male,0,no,no,24,yes,no,fiber_optic,no,yes,yes,no,no,yes,month_to_month,yes,electronic_check,89.55,2187.15,0
1674,female,0,no,no,35,no,no_phone_service,dsl,no,no,yes,yes,no,no,month_to_month,yes,mailed_check,33.45,1175.85,0
1675,male,1,no,no,69,yes,no,no,no_internet_service,no_internet_service,no_internet_service,no_internet_service,no_internet_service,no_internet_service,two_year,no,credit_card_(automatic),20.3,1356.3,0
1676,female,0,no,no,34,yes,no,dsl,yes,yes,no,no,no,no,one_year,no,mailed_check,55.0,1885.15,0
1677,male,0,yes,yes,62,yes,yes,fiber_optic,yes,yes,no,no,yes,no,one_year,yes,credit_card_(automatic),94.95,5791.85,0
1678,male,0,yes,no,12,yes,no,dsl,no,no,yes,yes,yes,yes,month_to_month,yes,electronic_check,74.15,741.4,0
1679,female,1,yes,yes,62,yes,yes,fiber_optic,no,yes,yes,no,no,yes,month_to_month,yes,credit_card_(automatic),96.1,6019.35,0
1680,female,1,no,no,2,yes,yes,fiber_optic,no,no,yes,no,no,yes,month_to_month,yes,electronic_check,88.55,179.25,1
1681,female,0,yes,yes,32,no,no_phone_service,dsl,yes,yes,no,no,no,no,month_to_month,yes,electronic_check,35.15,1051.05,0
1682,female,0,yes,no,66,yes,yes,fiber_optic,no,yes,yes,no,yes,yes,month_to_month,yes,electronic_check,105.2,6936.85,0
1683,male,0,yes,no,30,yes,yes,dsl,no,no,no,no,no,no,month_to_month,no,electronic_check,49.9,1441.95,0
1684,female,0,no,no,25,yes,no,dsl,yes,no,no,yes,yes,yes,month_to_month,yes,credit_card_(automatic),76.15,1992.95,0
1685,male,1,yes,no,61,yes,yes,fiber_optic,no,yes,yes,yes,yes,no,one_year,yes,mailed_check,98.3,6066.55,0
1686,male,0,yes,yes,50,yes,yes,fiber_optic,yes,yes,yes,no,yes,yes,one_year,yes,electronic_check,108.25,5431.4,0
1687,female,0,yes,no,50,yes,yes,fiber_optic,yes,no,yes,no,yes,yes,one_year,yes,mailed_check,104.4,5232.9,0
1688,male,1,yes,no,33,yes,yes,fiber_optic,yes,no,yes,yes,yes,yes,month_to_month,yes,bank_transfer_(automatic),109.9,3694.7,0
1689,male,1,yes,no,4,yes,yes,fiber_optic,no,no,no,no,no,no,month_to_month,yes,mailed_check,74.4,306.6,1
1690,female,1,yes,no,34,yes,no,dsl,no,no,yes,yes,yes,no,one_year,no,bank_transfer_(automatic),64.2,2106.3,0
1691,female,1,no,no,1,yes,no,fiber_optic,no,yes,no,no,no,no,month_to_month,yes,electronic_check,73.0,73.0,1
1692,female,0,no,no,1,yes,no,fiber_optic,no,no,yes,no,yes,yes,month_to_month,no,electronic_check,94.4,94.4,1
1693,male,0,no,no,10,yes,no,dsl,no,no,no,no,no,no,month_to_month,no,mailed_check,46.0,492.1,0
1694,male,0,yes,yes,63,yes,no,fiber_optic,no,yes,yes,no,no,no,month_to_month,yes,credit_card_(automatic),80.3,4896.35,0
1695,male,0,no,no,1,yes,no,fiber_optic,no,no,no,no,yes,no,month_to_month,yes,electronic_check,79.05,79.05,1
1696,female,0,no,no,54,yes,yes,fiber_optic,yes,no,yes,no,yes,yes,one_year,yes,bank_transfer_(automatic),103.95,5639.05,1
1697,male,0,yes,no,32,yes,yes,fiber_optic,no,no,yes,no,no,no,month_to_month,yes,electronic_check,78.9,2447.95,1
1698,female,0,yes,yes,64,yes,yes,no,no_internet_service,no_internet_service,no_internet_service,no_internet_service,no_internet_service,no_internet_service,one_year,no,mailed_check,24.9,1595.5,0
1699,female,0,yes,yes,33,yes,no,no,no_internet_service,no_internet_service,no_internet_service,no_internet_service,no_internet_service,no_internet_service,two_year,no,credit_card_(automatic),19.8,641.35,0
1700,male,0,no,no,66,yes,no,dsl,yes,yes,no,no,no,no,one_year,yes,mailed_check,54.8,3465.7,0
1701,male,0,no,no,50,yes,yes,dsl,no,no,yes,yes,no,yes,two_year,no,bank_transfer_(automatic),69.5,3418.2,0
1702,male,1,no,no,24,yes,yes,fiber_optic,no,no,no,no,no,no,month_to_month,yes,electronic_check,76.1,1712.7,1
1703,male,1,yes,no,69,no,no_phone_service,dsl,no,no,yes,no,no,no,one_year,yes,credit_card_(automatic),29.8,2134.3,0
1704,female,0,yes,yes,52,yes,yes,fiber_optic,no,yes,yes,no,yes,no,one_year,yes,credit_card_(automatic),95.7,4976.15,0
1705,female,0,yes,yes,10,yes,yes,no,no_internet_service,no_internet_service,no_internet_service,no_internet_service,no_internet_service,no_internet_service,two_year,no,credit_card_(automatic),26.1,225.55,0
1706,male,0,no,no,48,yes,no,no,no_internet_service,no_internet_service,no_internet_service,no_internet_service,no_internet_service,no_internet_service,one_year,no,bank_transfer_(automatic),19.95,1004.5,0
1707,male,1,no,no,18,yes,yes,fiber_optic,no,no,yes,yes,yes,no,month_to_month,no,bank_transfer_(automatic),93.9,1743.9,0
1708,female,0,no,no,3,yes,no,no,no_internet_service,no_internet_service,no_internet_service,no_internet_service,no_internet_service,no_internet_service,month_to_month,no,electronic_check,19.55,61.05,0
1709,male,1,no,no,71,yes,yes,fiber_optic,no,yes,no,yes,yes,yes,two_year,yes,electronic_check,106.8,7623.2,0
1710,male,0,yes,no,1,yes,no,fiber_optic,no,no,yes,no,no,no,month_to_month,no,electronic_check,76.2,76.2,1
1711,female,0,yes,no,72,yes,yes,dsl,yes,yes,yes,yes,yes,yes,two_year,no,bank_transfer_(automatic),88.05,6520.8,0
1712,male,0,no,no,2,yes,no,dsl,no,no,no,no,no,no,month_to_month,no,mailed_check,45.85,81.0,1
1713,male,0,no,no,50,yes,no,no,no_internet_service,no_internet_service,no_internet_service,no_internet_service,no_internet_service,no_internet_service,one_year,no,credit_card_(automatic),20.15,989.05,0
1714,female,0,yes,yes,54,yes,yes,dsl,yes,yes,yes,yes,yes,yes,two_year,no,credit_card_(automatic),91.3,4965.0,0
1715,female,0,no,no,1,yes,no,fiber_optic,no,no,yes,no,no,no,month_to_month,yes,mailed_check,74.6,74.6,1
1716,male,1,no,no,10,yes,yes,fiber_optic,no,no,no,no,yes,yes,month_to_month,yes,electronic_check,95.35,898.35,1
1717,male,0,no,no,3,yes,no,dsl,no,no,no,yes,no,yes,month_to_month,no,mailed_check,60.65,196.9,0
1718,male,0,no,no,72,yes,yes,dsl,no,yes,yes,yes,yes,yes,two_year,yes,bank_transfer_(automatic),88.6,6201.95,0
1719,female,1,yes,yes,31,yes,no,fiber_optic,no,no,yes,yes,yes,yes,month_to_month,yes,electronic_check,98.9,2911.3,1
1720,male,0,no,yes,1,yes,no,dsl,yes,no,no,no,no,no,month_to_month,no,mailed_check,50.6,50.6,1
1721,female,0,yes,yes,70,yes,no,no,no_internet_service,no_internet_service,no_internet_service,no_internet_service,no_internet_service,no_internet_service,two_year,yes,credit_card_(automatic),20.15,1411.2,0
1722,female,0,no,no,28,yes,yes,dsl,no,no,no,yes,no,no,month_to_month,yes,credit_card_(automatic),54.9,1505.15,0
1723,male,0,no,yes,62,yes,yes,fiber_optic,no,no,yes,yes,yes,yes,two_year,yes,electronic_check,104.05,6590.5,0
1724,male,0,no,no,1,no,no_phone_service,dsl,no,no,no,no,no,no,month_to_month,yes,electronic_check,25.15,25.15,1
1725,male,0,yes,yes,23,yes,no,no,no_internet_service,no_internet_service,no_internet_service,no_internet_service,no_internet_service,no_internet_service,two_year,no,credit_card_(automatic),19.6,426.65,0
1726,female,1,no,no,1,yes,yes,fiber_optic,no,no,no,no,no,no,month_to_month,yes,electronic_check,72.1,72.1,0
1727,female,0,no,no,3,yes,yes,no,no_internet_service,no_internet_service,no_internet_service,no_internet_service,no_internet_service,no_internet_service,month_to_month,no,mailed_check,24.6,86.35,0
1728,female,0,yes,yes,33,yes,no,fiber_optic,no,no,yes,no,yes,yes,one_year,yes,electronic_check,93.8,3124.5,1
1729,female,0,no,no,45,yes,yes,fiber_optic,yes,yes,no,no,no,yes,one_year,no,bank_transfer_(automatic),96.75,4442.75,0
1730,female,1,no,no,8,yes,no,fiber_optic,no,no,yes,no,no,no,month_to_month,yes,bank_transfer_(automatic),74.05,600.15,0
1731,female,0,no,no,68,yes,no,no,no_internet_service,no_internet_service,no_internet_service,no_internet_service,no_internet_service,no_internet_service,two_year,no,credit_card_(automatic),20.5,1424.9,0
1732,male,1,yes,no,5,yes,yes,fiber_optic,no,no,yes,no,no,no,month_to_month,yes,bank_transfer_(automatic),79.9,343.95,1
1733,male,0,no,no,22,yes,no,no,no_internet_service,no_internet_service,no_internet_service,no_internet_service,no_internet_service,no_internet_service,one_year,no,mailed_check,20.3,475.1,0
1734,male,0,yes,yes,66,yes,yes,dsl,yes,no,yes,yes,yes,yes,two_year,yes,mailed_check,84.0,5714.25,0
1735,female,0,no,no,29,yes,no,no,no_internet_service,no_internet_service,no_internet_service,no_internet_service,no_internet_service,no_internet_service,month_to_month,no,credit_card_(automatic),19.35,601.6,0
1736,female,0,no,no,6,yes,no,fiber_optic,no,no,no,no,yes,yes,month_to_month,yes,electronic_check,89.5,573.3,1
1737,female,0,no,no,9,yes,no,dsl,no,yes,no,yes,yes,no,month_to_month,no,mailed_check,66.25,620.55,1
1738,male,0,no,no,12,yes,yes,fiber_optic,no,no,no,no,yes,yes,month_to_month,no,electronic_check,94.55,1173.55,0
1739,female,1,no,no,14,no,no_phone_service,dsl,no,no,no,no,yes,yes,month_to_month,yes,electronic_check,46.35,672.7,0
1740,male,0,no,no,24,yes,no,dsl,no,no,yes,no,no,no,month_to_month,yes,mailed_check,49.7,1167.8,0
1741,male,0,no,no,31,yes,yes,fiber_optic,no,no,no,yes,no,no,one_year,no,credit_card_(automatic),81.7,2548.65,0
1742,female,0,yes,yes,36,yes,no,dsl,yes,no,no,no,no,no,month_to_month,no,credit_card_(automatic),51.05,1815.0,0
1743,female,0,yes,yes,27,yes,no,fiber_optic,yes,no,no,no,no,no,month_to_month,no,mailed_check,74.4,1972.35,0
1744,male,0,yes,no,1,yes,no,fiber_optic,no,no,no,no,no,no,month_to_month,yes,electronic_check,69.15,69.15,1
1745,female,1,no,no,65,yes,yes,fiber_optic,no,yes,yes,no,yes,no,month_to_month,yes,bank_transfer_(automatic),95.45,6223.3,0
1746,male,0,no,no,13,yes,no,no,no_internet_service,no_internet_service,no_internet_service,no_internet_service,no_internet_service,no_internet_service,one_year,no,credit_card_(automatic),19.3,259.65,0
1747,female,1,yes,no,31,yes,yes,fiber_optic,no,no,yes,no,yes,no,one_year,yes,electronic_check,90.7,2835.5,0
1748,female,1,yes,no,2,yes,no,fiber_optic,no,no,no,no,no,no,month_to_month,yes,electronic_check,69.3,153.8,0
1749,female,0,no,no,1,yes,no,fiber_optic,no,no,no,no,no,no,month_to_month,yes,electronic_check,69.5,69.5,1
1750,male,0,no,no,1,yes,no,no,no_internet_service,no_internet_service,no_internet_service,no_internet_service,no_internet_service,no_internet_service,month_to_month,no,electronic_check,19.95,19.95,1
1751,female,0,yes,yes,72,yes,no,fiber_optic,yes,yes,yes,yes,yes,yes,two_year,yes,bank_transfer_(automatic),108.3,7679.65,0
1752,female,0,no,no,2,yes,no,no,no_internet_service,no_internet_service,no_internet_service,no_internet_service,no_internet_service,no_internet_service,month_to_month,yes,mailed_check,20.55,33.6,0
1753,female,0,no,no,2,yes,no,fiber_optic,yes,yes,no,no,yes,no,month_to_month,yes,electronic_check,91.15,168.5,0
1754,male,1,no,no,2,yes,no,dsl,no,no,no,no,no,no,month_to_month,yes,electronic_check,44.7,93.7,1
1755,male,0,no,yes,4,yes,no,dsl,yes,no,no,no,no,no,month_to_month,no,electronic_check,49.35,219.65,1
1756,male,1,no,no,7,yes,yes,fiber_optic,no,no,no,no,no,no,month_to_month,no,mailed_check,73.75,545.15,1
1757,female,0,yes,yes,33,yes,no,no,no_internet_service,no_internet_service,no_internet_service,no_internet_service,no_internet_service,no_internet_service,one_year,no,mailed_check,20.1,579.4,0
1758,male,0,no,no,69,yes,yes,fiber_optic,yes,yes,yes,no,yes,yes,two_year,yes,credit_card_(automatic),110.05,7430.75,0
1759,female,0,yes,yes,51,yes,yes,fiber_optic,no,no,no,yes,no,no,month_to_month,yes,electronic_check,80.75,4116.9,0
1760,male,0,no,no,4,no,no_phone_service,dsl,no,no,no,no,yes,yes,month_to_month,yes,electronic_check,44.55,174.3,1
1761,female,1,no,no,29,yes,yes,dsl,yes,yes,no,no,no,no,month_to_month,yes,bank_transfer_(automatic),58.55,1718.95,0
1762,male,0,no,no,39,yes,yes,fiber_optic,no,no,no,no,no,no,month_to_month,yes,credit_card_(automatic),73.15,2730.85,0
1763,female,0,yes,yes,14,yes,yes,no,no_internet_service,no_internet_service,no_internet_service,no_internet_service,no_internet_service,no_internet_service,month_to_month,no,mailed_check,25.55,372.45,0
1764,male,0,no,no,13,yes,no,no,no_internet_service,no_internet_service,no_internet_service,no_internet_service,no_internet_service,no_internet_service,month_to_month,yes,electronic_check,20.4,251.65,0
1765,female,0,yes,no,24,yes,yes,fiber_optic,no,no,yes,no,no,no,month_to_month,yes,mailed_check,79.65,1928.7,0
1766,male,1,yes,no,31,yes,yes,fiber_optic,yes,no,no,no,yes,no,month_to_month,no,electronic_check,89.45,2807.65,0
1767,female,0,no,no,4,yes,yes,fiber_optic,no,yes,no,yes,no,yes,month_to_month,yes,electronic_check,93.5,362.2,1
1768,male,0,yes,yes,2,yes,no,fiber_optic,no,no,yes,yes,no,yes,month_to_month,no,credit_card_(automatic),90.0,190.05,1
1769,male,0,no,no,18,yes,no,no,no_internet_service,no_internet_service,no_internet_service,no_internet_service,no_internet_service,no_internet_service,two_year,no,credit_card_(automatic),20.05,388.6,0
1770,male,0,no,yes,28,yes,no,fiber_optic,yes,no,no,no,no,no,month_to_month,yes,bank_transfer_(automatic),74.9,2068.55,1
1771,male,0,no,no,1,yes,no,fiber_optic,no,no,no,no,no,no,month_to_month,yes,electronic_check,69.35,69.35,1
1772,female,0,no,yes,2,yes,no,dsl,no,yes,no,no,no,no,month_to_month,no,mailed_check,51.55,106.2,0
1773,female,1,no,no,70,yes,yes,dsl,no,yes,yes,yes,yes,no,two_year,yes,bank_transfer_(automatic),75.5,5212.65,0
1774,female,0,no,no,30,yes,no,dsl,yes,no,no,no,no,no,month_to_month,yes,mailed_check,48.8,1536.75,0
1775,female,0,no,no,19,yes,yes,no,no_internet_service,no_internet_service,no_internet_service,no_internet_service,no_internet_service,no_internet_service,month_to_month,no,bank_transfer_(automatic),24.7,465.85,0
1776,female,0,yes,yes,61,yes,no,no,no_internet_service,no_internet_service,no_internet_service,no_internet_service,no_internet_service,no_internet_service,month_to_month,yes,mailed_check,19.4,1182.55,1
1777,male,0,no,no,20,yes,no,fiber_optic,yes,yes,yes,yes,yes,yes,month_to_month,yes,bank_transfer_(automatic),108.2,2203.7,0
1778,male,1,no,no,8,yes,no,fiber_optic,no,no,no,no,no,no,month_to_month,yes,credit_card_(automatic),69.95,562.7,0
1779,female,1,no,no,6,no,no_phone_service,dsl,no,no,no,no,yes,yes,month_to_month,yes,electronic_check,44.4,263.05,0
1780,female,0,yes,yes,60,yes,no,no,no_internet_service,no_internet_service,no_internet_service,no_internet_service,no_internet_service,no_internet_service,two_year,yes,credit_card_(automatic),19.25,1103.25,0
1781,male,1,yes,no,72,yes,yes,fiber_optic,yes,yes,yes,yes,no,no,two_year,yes,bank_transfer_(automatic),93.05,6735.05,0
1782,male,0,yes,yes,52,yes,yes,fiber_optic,no,yes,no,yes,no,yes,month_to_month,yes,bank_transfer_(automatic),93.25,4631.7,0
1783,female,0,no,no,72,yes,yes,fiber_optic,no,yes,yes,yes,yes,yes,two_year,yes,bank_transfer_(automatic),111.6,8012.75,0
1784,male,0,no,no,4,no,no_phone_service,dsl,no,no,no,yes,no,yes,month_to_month,yes,electronic_check,40.05,162.45,0
1785,female,0,yes,no,1,yes,no,no,no_internet_service,no_internet_service,no_internet_service,no_internet_service,no_internet_service,no_internet_service,month_to_month,yes,bank_transfer_(automatic),20.3,20.3,0
1786,male,0,no,no,58,yes,no,no,no_internet_service,no_internet_service,no_internet_service,no_internet_service,no_internet_service,no_internet_service,two_year,no,credit_card_(automatic),20.3,1131.5,0
1787,male,0,yes,no,72,yes,yes,fiber_optic,no,yes,yes,yes,yes,yes,two_year,yes,credit_card_(automatic),109.75,7758.9,0
1788,female,0,yes,no,41,yes,no,fiber_optic,yes,yes,yes,no,yes,yes,one_year,yes,bank_transfer_(automatic),104.45,4162.05,0
1789,female,1,yes,no,11,yes,yes,fiber_optic,no,no,yes,yes,yes,yes,month_to_month,yes,bank_transfer_(automatic),104.05,1133.65,1
1790,male,0,yes,no,33,yes,yes,fiber_optic,no,yes,yes,no,no,yes,month_to_month,yes,electronic_check,93.35,3092.0,0
1791,male,0,no,no,1,yes,no,fiber_optic,no,no,no,yes,no,no,month_to_month,no,electronic_check,74.0,74.0,0
1792,female,1,no,no,54,yes,yes,dsl,yes,yes,no,yes,yes,yes,one_year,no,bank_transfer_(automatic),82.45,4350.1,1
1793,male,0,yes,yes,69,yes,yes,dsl,yes,no,yes,yes,yes,yes,two_year,no,bank_transfer_(automatic),86.9,6194.1,0
1794,male,0,no,no,10,yes,yes,dsl,yes,no,no,no,no,no,month_to_month,yes,credit_card_(automatic),54.5,568.2,0
1795,female,0,yes,yes,67,no,no_phone_service,dsl,yes,yes,no,no,no,no,two_year,no,bank_transfer_(automatic),36.15,2434.45,0
1796,female,0,no,no,9,yes,no,fiber_optic,no,no,no,no,yes,no,month_to_month,yes,bank_transfer_(automatic),77.65,714.15,1
1797,male,0,yes,no,72,yes,yes,fiber_optic,yes,no,yes,yes,yes,yes,two_year,yes,credit_card_(automatic),110.9,8240.85,0
1798,male,0,no,no,10,yes,no,no,no_internet_service,no_internet_service,no_internet_service,no_internet_service,no_internet_service,no_internet_service,one_year,no,mailed_check,20.35,176.3,0
1799,male,1,yes,no,35,yes,yes,fiber_optic,yes,yes,no,no,no,yes,month_to_month,yes,electronic_check,94.55,3365.4,0
1800,female,0,no,no,47,yes,no,dsl,yes,yes,no,yes,no,no,one_year,yes,mailed_check,58.9,2813.05,0
1801,male,0,yes,yes,31,yes,yes,no,no_internet_service,no_internet_service,no_internet_service,no_internet_service,no_internet_service,no_internet_service,two_year,no,mailed_check,25.75,755.6,0
1802,male,0,no,no,29,yes,yes,dsl,no,yes,yes,no,no,yes,one_year,no,credit_card_(automatic),70.9,1964.6,0
1803,female,0,yes,yes,52,yes,no,no,no_internet_service,no_internet_service,no_internet_service,no_internet_service,no_internet_service,no_internet_service,one_year,no,credit_card_(automatic),19.6,1012.4,0
1804,male,0,yes,yes,66,yes,yes,no,no_internet_service,no_internet_service,no_internet_service,no_internet_service,no_internet_service,no_internet_service,one_year,yes,credit_card_(automatic),25.7,1714.55,0
1805,male,0,yes,yes,54,yes,yes,no,no_internet_service,no_internet_service,no_internet_service,no_internet_service,no_internet_service,no_internet_service,two_year,yes,bank_transfer_(automatic),24.05,1230.9,0
1806,female,0,no,no,15,yes,yes,dsl,no,no,no,no,no,no,month_to_month,yes,mailed_check,48.8,720.1,0
1807,female,0,no,no,13,yes,no,dsl,yes,no,no,yes,no,no,one_year,no,mailed_check,55.15,742.9,0
1808,female,0,yes,no,49,yes,yes,fiber_optic,yes,yes,yes,yes,no,yes,two_year,no,credit_card_(automatic),106.65,5174.35,0
1809,male,0,yes,no,42,yes,yes,fiber_optic,no,no,yes,yes,yes,yes,month_to_month,yes,bank_transfer_(automatic),106.15,4512.7,1
1810,male,0,yes,yes,71,yes,no,no,no_internet_service,no_internet_service,no_internet_service,no_internet_service,no_internet_service,no_internet_service,two_year,no,mailed_check,19.45,1378.45,0
1811,male,0,yes,no,12,yes,no,fiber_optic,no,yes,no,no,no,yes,month_to_month,yes,credit_card_(automatic),85.05,999.8,0
1812,male,1,no,no,2,no,no_phone_service,dsl,no,no,no,no,no,no,month_to_month,yes,mailed_check,24.45,47.5,1
1813,male,0,yes,yes,25,yes,yes,dsl,no,no,no,no,yes,no,month_to_month,no,electronic_check,60.35,1404.65,0
1814,male,0,yes,no,43,yes,yes,dsl,yes,no,yes,no,yes,yes,one_year,yes,electronic_check,80.2,3581.6,0
1815,male,1,yes,no,63,no,no_phone_service,dsl,yes,no,no,yes,no,no,one_year,no,bank_transfer_(automatic),36.1,2298.9,0
1816,female,1,yes,yes,61,yes,yes,dsl,no,no,yes,no,yes,no,one_year,yes,electronic_check,65.2,3965.05,0
1817,female,0,no,no,12,yes,no,dsl,no,no,no,no,no,no,month_to_month,no,bank_transfer_(automatic),43.8,540.95,0
1818,female,0,no,no,7,yes,no,no,no_internet_service,no_internet_service,no_internet_service,no_internet_service,no_internet_service,no_internet_service,month_to_month,no,mailed_check,20.65,155.9,0
1819,male,0,yes,yes,56,yes,yes,no,no_internet_service,no_internet_service,no_internet_service,no_internet_service,no_internet_service,no_internet_service,one_year,yes,mailed_check,24.45,1431.65,0
1820,female,0,yes,no,34,yes,yes,dsl,yes,no,no,yes,no,no,month_to_month,yes,bank_transfer_(automatic),60.85,2003.6,0
1821,female,0,yes,yes,12,no,no_phone_service,dsl,no,no,no,yes,no,no,one_year,no,credit_card_(automatic),30.25,368.85,0
1822,male,0,no,no,1,yes,yes,dsl,no,yes,no,yes,no,no,month_to_month,no,mailed_check,60.1,60.1,1
1823,female,0,no,yes,46,yes,yes,fiber_optic,no,no,yes,yes,no,no,month_to_month,yes,bank_transfer_(automatic),84.8,3958.85,0
1824,female,0,no,no,57,yes,no,dsl,no,yes,yes,yes,yes,no,two_year,no,mailed_check,69.75,3894.4,0
1825,female,0,yes,yes,58,yes,no,no,no_internet_service,no_internet_service,no_internet_service,no_internet_service,no_internet_service,no_internet_service,two_year,no,credit_card_(automatic),20.3,1160.75,0
1826,female,0,yes,yes,4,yes,yes,dsl,no,yes,no,yes,no,no,month_to_month,yes,mailed_check,58.5,224.85,0
1827,female,0,no,no,25,no,no_phone_service,dsl,no,no,yes,no,yes,yes,month_to_month,yes,electronic_check,48.25,1293.8,0
1828,male,0,no,no,15,yes,yes,dsl,no,no,no,no,no,no,month_to_month,yes,electronic_check,49.0,749.25,0
1829,female,1,yes,no,71,yes,yes,fiber_optic,yes,no,no,no,no,no,two_year,yes,credit_card_(automatic),80.7,5676.0,0
1830,female,0,no,no,19,yes,yes,dsl,no,no,yes,no,no,no,month_to_month,yes,mailed_check,56.1,1033.9,0
1831,female,0,no,no,47,yes,no,no,no_internet_service,no_internet_service,no_internet_service,no_internet_service,no_internet_service,no_internet_service,two_year,yes,mailed_check,20.55,945.7,0
1832,female,0,no,no,12,yes,yes,dsl,no,no,no,yes,yes,yes,one_year,yes,mailed_check,75.85,854.45,0
1833,female,0,yes,yes,35,yes,yes,no,no_internet_service,no_internet_service,no_internet_service,no_internet_service,no_internet_service,no_internet_service,two_year,yes,credit_card_(automatic),25.4,949.8,0
1834,male,0,no,no,37,yes,yes,dsl,yes,yes,yes,yes,yes,yes,one_year,yes,bank_transfer_(automatic),90.6,3358.65,0
1835,male,0,yes,no,10,yes,yes,fiber_optic,no,no,no,no,yes,no,month_to_month,yes,electronic_check,85.6,813.85,1
1836,male,0,yes,yes,23,yes,no,fiber_optic,no,yes,yes,yes,no,no,one_year,no,mailed_check,86.8,1940.8,0
1837,female,0,no,no,8,yes,no,dsl,no,no,no,yes,no,no,month_to_month,no,electronic_check,49.4,408.25,0
1838,female,1,no,no,5,yes,yes,fiber_optic,no,no,no,no,yes,no,month_to_month,yes,credit_card_(automatic),83.15,446.05,1
1839,female,0,no,no,54,yes,no,no,no_internet_service,no_internet_service,no_internet_service,no_internet_service,no_internet_service,no_internet_service,two_year,yes,mailed_check,20.5,1035.7,0
1840,female,1,no,no,2,yes,no,fiber_optic,no,no,no,no,no,no,month_to_month,no,electronic_check,70.75,154.85,1
1841,male,0,yes,yes,12,yes,yes,no,no_internet_service,no_internet_service,no_internet_service,no_internet_service,no_internet_service,no_internet_service,one_year,no,mailed_check,26.4,314.95,0
1842,female,0,no,no,65,yes,yes,fiber_optic,yes,yes,yes,no,yes,yes,month_to_month,yes,credit_card_(automatic),111.05,7107.0,0
1843,male,1,yes,no,7,yes,no,fiber_optic,no,no,no,no,yes,yes,month_to_month,yes,electronic_check,89.0,605.45,0
1844,male,0,yes,yes,70,yes,yes,no,no_internet_service,no_internet_service,no_internet_service,no_internet_service,no_internet_service,no_internet_service,two_year,no,credit_card_(automatic),25.15,1790.15,0
1845,female,1,yes,no,1,yes,no,fiber_optic,no,yes,no,no,no,no,month_to_month,yes,mailed_check,76.4,76.4,1
1846,female,0,no,no,2,no,no_phone_service,dsl,no,no,no,no,yes,yes,month_to_month,yes,electronic_check,45.25,85.5,1
1847,male,0,yes,yes,51,yes,yes,no,no_internet_service,no_internet_service,no_internet_service,no_internet_service,no_internet_service,no_internet_service,one_year,yes,mailed_check,23.95,1216.35,0
1848,male,0,no,no,26,yes,yes,fiber_optic,yes,yes,no,no,yes,no,month_to_month,yes,credit_card_(automatic),92.4,2349.8,0
1849,female,0,no,no,1,yes,no,no,no_internet_service,no_internet_service,no_internet_service,no_internet_service,no_internet_service,no_internet_service,month_to_month,yes,mailed_check,20.15,20.15,1
1850,male,0,yes,yes,64,yes,yes,fiber_optic,yes,no,yes,no,no,yes,two_year,no,bank_transfer_(automatic),93.4,5822.3,0
1851,male,0,no,no,2,yes,no,no,no_internet_service,no_internet_service,no_internet_service,no_internet_service,no_internet_service,no_internet_service,month_to_month,no,mailed_check,20.35,33.2,1
1852,female,0,no,no,5,yes,no,dsl,no,yes,no,no,no,no,month_to_month,no,bank_transfer_(automatic),50.55,244.75,0
1853,female,0,yes,yes,27,yes,no,no,no_internet_service,no_internet_service,no_internet_service,no_internet_service,no_internet_service,no_internet_service,two_year,no,mailed_check,19.9,550.1,0
1854,female,0,no,yes,17,yes,yes,fiber_optic,no,yes,yes,yes,no,no,month_to_month,yes,credit_card_(automatic),92.7,1556.85,0
1855,female,0,yes,no,24,yes,no,no,no_internet_service,no_internet_service,no_internet_service,no_internet_service,no_internet_service,no_internet_service,one_year,no,credit_card_(automatic),20.4,482.8,0
1856,male,0,no,yes,8,no,no_phone_service,dsl,no,no,no,no,no,no,month_to_month,no,mailed_check,25.5,215.2,1
1857,female,0,yes,no,20,yes,no,fiber_optic,no,no,no,no,no,no,month_to_month,yes,bank_transfer_(automatic),69.8,1540.35,0
1858,female,0,no,yes,10,yes,no,fiber_optic,no,no,yes,yes,yes,no,month_to_month,yes,electronic_check,91.1,964.35,0
1859,male,0,yes,yes,8,yes,yes,dsl,yes,yes,no,yes,no,yes,two_year,yes,credit_card_(automatic),76.15,645.8,0
1860,female,0,no,no,42,yes,yes,dsl,yes,yes,no,no,no,no,one_year,yes,bank_transfer_(automatic),60.15,2421.6,0
1861,female,1,no,no,27,yes,yes,fiber_optic,no,no,yes,no,no,yes,month_to_month,no,credit_card_(automatic),88.3,2467.75,1
1862,female,0,no,no,5,yes,no,no,no_internet_service,no_internet_service,no_internet_service,no_internet_service,no_internet_service,no_internet_service,month_to_month,yes,credit_card_(automatic),19.65,92.05,0
1863,male,1,no,no,7,yes,yes,fiber_optic,no,no,no,no,yes,no,month_to_month,yes,electronic_check,84.8,546.95,1
1864,female,0,no,no,65,yes,yes,fiber_optic,yes,yes,no,yes,no,no,one_year,yes,electronic_check,89.85,5844.65,0
1865,female,0,no,no,3,yes,no,fiber_optic,no,yes,no,no,yes,yes,month_to_month,yes,electronic_check,95.1,307.4,1
1866,male,0,no,no,6,yes,no,dsl,no,no,yes,no,yes,no,month_to_month,no,mailed_check,60.9,414.1,0
1867,female,0,no,yes,13,no,no_phone_service,dsl,no,yes,no,no,no,no,month_to_month,no,electronic_check,30.15,382.2,0
1868,female,0,yes,yes,33,yes,yes,fiber_optic,no,no,no,no,no,yes,month_to_month,no,credit_card_(automatic),86.15,2745.7,1
1869,male,0,yes,yes,7,yes,no,dsl,no,no,yes,no,no,no,month_to_month,no,electronic_check,48.7,340.25,1
1870,male,0,no,yes,22,yes,yes,fiber_optic,no,yes,no,no,yes,no,month_to_month,yes,credit_card_(automatic),89.1,1949.4,0
1871,male,0,yes,no,47,yes,no,no,no_internet_service,no_internet_service,no_internet_service,no_internet_service,no_internet_service,no_internet_service,two_year,no,mailed_check,19.65,973.1,0
1872,female,0,no,no,1,yes,no,fiber_optic,no,no,no,no,no,no,month_to_month,yes,electronic_check,70.1,70.1,1
1873,female,0,no,no,1,yes,no,fiber_optic,no,no,no,no,no,yes,month_to_month,no,credit_card_(automatic),80.15,80.15,1
1874,male,0,yes,no,50,yes,yes,fiber_optic,no,yes,no,no,yes,yes,one_year,yes,electronic_check,98.25,4858.7,0
1875,female,1,yes,no,61,yes,yes,fiber_optic,no,yes,yes,no,yes,yes,one_year,yes,credit_card_(automatic),104.4,6405.0,1
1876,female,0,yes,yes,17,yes,yes,no,no_internet_service,no_internet_service,no_internet_service,no_internet_service,no_internet_service,no_internet_service,month_to_month,no,mailed_check,24.1,409.9,1
1877,female,0,no,no,12,yes,no,no,no_internet_service,no_internet_service,no_internet_service,no_internet_service,no_internet_service,no_internet_service,one_year,yes,bank_transfer_(automatic),19.35,219.35,0
1878,male,0,no,no,26,yes,no,fiber_optic,no,yes,yes,yes,no,no,one_year,yes,electronic_check,85.2,2184.6,0
1879,female,0,no,no,19,yes,no,dsl,no,no,no,no,no,yes,month_to_month,yes,electronic_check,56.2,1093.4,0
1880,female,0,yes,yes,33,yes,yes,fiber_optic,yes,no,yes,no,yes,yes,one_year,yes,mailed_check,103.7,3467.0,1
1881,male,0,yes,no,55,yes,no,dsl,yes,yes,yes,no,no,no,two_year,no,electronic_check,58.6,3068.6,0
1882,male,0,yes,no,36,yes,no,no,no_internet_service,no_internet_service,no_internet_service,no_internet_service,no_internet_service,no_internet_service,one_year,no,bank_transfer_(automatic),20.85,720.05,0
1883,male,0,yes,no,52,yes,yes,fiber_optic,yes,no,yes,yes,no,no,two_year,yes,credit_card_(automatic),91.6,4627.8,0
1884,female,0,no,no,72,yes,yes,dsl,yes,yes,no,no,no,no,two_year,no,bank_transfer_(automatic),59.75,4265.0,0
1885,female,0,no,no,52,yes,yes,dsl,yes,no,yes,yes,yes,no,one_year,no,credit_card_(automatic),74.0,3877.65,0
1886,female,0,yes,no,72,yes,yes,dsl,yes,yes,yes,yes,yes,yes,two_year,no,bank_transfer_(automatic),92.0,6474.4,0
1887,female,1,yes,no,22,yes,yes,dsl,yes,yes,no,yes,no,no,month_to_month,yes,mailed_check,63.55,1381.8,0
1888,female,0,no,no,1,yes,no,no,no_internet_service,no_internet_service,no_internet_service,no_internet_service,no_internet_service,no_internet_service,month_to_month,no,mailed_check,19.1,19.1,0
1889,female,0,no,yes,44,yes,yes,dsl,no,yes,no,no,yes,yes,one_year,yes,mailed_check,77.55,3471.1,0
1890,male,0,no,no,46,yes,yes,fiber_optic,no,yes,yes,yes,yes,yes,two_year,no,electronic_check,108.65,4903.2,0
1891,male,0,no,no,54,yes,yes,dsl,yes,no,yes,yes,yes,yes,two_year,no,bank_transfer_(automatic),87.1,4735.2,0
1892,male,0,no,no,27,yes,no,dsl,yes,no,no,no,no,no,month_to_month,no,mailed_check,50.35,1411.35,0
1893,female,1,no,no,45,yes,yes,fiber_optic,yes,yes,no,yes,yes,no,month_to_month,yes,electronic_check,97.05,4385.05,0
1894,male,0,no,yes,9,yes,no,dsl,no,yes,no,no,no,no,month_to_month,yes,electronic_check,50.1,484.05,0
1895,male,0,yes,yes,64,yes,no,dsl,yes,no,yes,no,yes,yes,one_year,yes,credit_card_(automatic),73.05,4688.65,0
1896,female,0,yes,yes,41,yes,no,fiber_optic,no,no,yes,no,yes,yes,month_to_month,yes,bank_transfer_(automatic),94.9,3848.0,0
1897,female,0,yes,yes,24,no,no_phone_service,dsl,yes,yes,yes,yes,no,yes,two_year,yes,mailed_check,52.5,1208.15,0
1898,male,0,yes,yes,52,no,no_phone_service,dsl,yes,no,yes,no,no,yes,one_year,no,bank_transfer_(automatic),44.25,2276.1,0
1899,female,0,yes,no,19,yes,no,fiber_optic,yes,no,no,no,no,no,month_to_month,yes,electronic_check,73.2,1441.1,1
1900,female,1,no,no,53,yes,no,fiber_optic,yes,yes,no,yes,no,yes,one_year,yes,mailed_check,96.75,5206.55,0
1901,male,0,no,no,11,yes,no,no,no_internet_service,no_internet_service,no_internet_service,no_internet_service,no_internet_service,no_internet_service,month_to_month,yes,credit_card_(automatic),20.45,237.3,0
1902,male,0,no,no,48,yes,yes,dsl,yes,no,no,yes,no,yes,one_year,yes,bank_transfer_(automatic),70.95,3629.2,0
1903,male,0,no,yes,1,yes,no,fiber_optic,no,no,no,no,no,no,month_to_month,no,bank_transfer_(automatic),69.75,69.75,1
1904,female,0,yes,yes,72,yes,yes,fiber_optic,no,yes,yes,yes,no,yes,two_year,yes,bank_transfer_(automatic),98.65,7129.45,0
1905,female,0,yes,yes,10,yes,no,no,no_internet_service,no_internet_service,no_internet_service,no_internet_service,no_internet_service,no_internet_service,two_year,no,mailed_check,20.15,220.8,0
1906,male,0,no,no,37,yes,no,dsl,yes,yes,yes,yes,no,no,two_year,no,bank_transfer_(automatic),65.6,2313.8,0
1907,male,1,no,no,67,yes,yes,fiber_optic,no,no,no,no,no,no,month_to_month,yes,mailed_check,75.7,5060.85,0
1908,male,0,no,yes,3,yes,no,dsl,no,no,no,no,yes,no,month_to_month,yes,credit_card_(automatic),54.7,169.45,1
1909,female,1,no,no,26,yes,no,fiber_optic,no,no,no,no,yes,yes,month_to_month,yes,electronic_check,91.25,2351.8,1
1910,female,0,yes,yes,1,yes,no,no,no_internet_service,no_internet_service,no_internet_service,no_internet_service,no_internet_service,no_internet_service,month_to_month,no,electronic_check,19.25,19.25,0
1911,male,0,no,no,34,yes,yes,no,no_internet_service,no_internet_service,no_internet_service,no_internet_service,no_internet_service,no_internet_service,two_year,no,bank_transfer_(automatic),26.1,980.35,0
1912,female,0,no,no,2,yes,no,dsl,no,no,no,no,no,no,month_to_month,no,electronic_check,44.45,82.7,0
1913,female,0,no,yes,26,yes,no,fiber_optic,no,yes,yes,yes,yes,yes,two_year,yes,electronic_check,105.45,2715.3,0
1914,female,0,yes,no,51,yes,no,dsl,yes,yes,no,yes,no,no,one_year,yes,bank_transfer_(automatic),60.5,3145.15,0
1915,female,0,no,yes,25,no,no_phone_service,dsl,yes,no,no,yes,no,no,two_year,no,bank_transfer_(automatic),35.05,844.45,0
1916,male,0,no,no,9,yes,yes,fiber_optic,no,no,no,no,yes,yes,month_to_month,yes,electronic_check,95.5,829.1,1
1917,male,0,no,no,1,yes,no,fiber_optic,no,no,no,no,no,no,month_to_month,yes,electronic_check,69.85,69.85,1
1918,male,0,no,no,27,yes,no,dsl,yes,no,yes,yes,yes,yes,one_year,no,electronic_check,81.7,2212.55,0
1919,male,1,yes,no,72,yes,yes,fiber_optic,yes,yes,yes,yes,yes,yes,two_year,yes,bank_transfer_(automatic),116.05,8404.9,0
1920,female,0,yes,yes,5,yes,no,fiber_optic,no,no,no,yes,yes,no,month_to_month,yes,electronic_check,85.75,470.95,1
1921,female,0,no,no,11,no,no_phone_service,dsl,no,yes,yes,yes,no,no,one_year,yes,credit_card_(automatic),40.4,422.6,0
1922,female,0,no,no,22,yes,yes,no,no_internet_service,no_internet_service,no_internet_service,no_internet_service,no_internet_service,no_internet_service,two_year,no,mailed_check,26.25,605.9,0
1923,female,0,no,no,13,yes,yes,fiber_optic,no,yes,yes,yes,no,no,month_to_month,no,electronic_check,89.4,1132.35,1
1924,male,0,no,no,19,yes,no,fiber_optic,no,yes,no,no,no,no,month_to_month,yes,credit_card_(automatic),73.85,1424.5,1
1925,female,0,yes,yes,35,yes,yes,no,no_internet_service,no_internet_service,no_internet_service,no_internet_service,no_internet_service,no_internet_service,month_to_month,yes,electronic_check,25.75,882.55,0
1926,female,1,yes,yes,55,yes,yes,dsl,yes,no,yes,yes,yes,no,one_year,no,electronic_check,76.25,4154.55,0
1927,female,0,no,no,60,no,no_phone_service,dsl,yes,no,yes,no,yes,yes,two_year,no,electronic_check,53.6,3237.05,0
1928,female,0,no,no,66,yes,yes,dsl,yes,yes,yes,yes,yes,yes,two_year,yes,credit_card_(automatic),90.05,5965.95,0
1929,male,0,no,yes,3,yes,no,dsl,yes,no,yes,no,no,no,month_to_month,no,mailed_check,55.9,157.55,0
1930,male,0,no,no,52,yes,no,no,no_internet_service,no_internet_service,no_internet_service,no_internet_service,no_internet_service,no_internet_service,two_year,no,mailed_check,19.65,1025.05,0
1931,female,0,no,no,10,yes,no,dsl,no,no,no,no,no,no,month_to_month,no,mailed_check,45.25,428.7,0
1932,female,0,no,no,25,yes,yes,fiber_optic,no,no,no,no,yes,no,month_to_month,yes,mailed_check,84.6,2088.05,0
1933,male,0,yes,yes,55,yes,no,dsl,yes,no,no,no,no,yes,one_year,no,credit_card_(automatic),59.45,3157.0,0
1934,female,0,no,no,3,yes,yes,dsl,no,no,no,no,yes,no,month_to_month,yes,electronic_check,60.25,170.5,0
1935,male,0,yes,no,56,yes,no,fiber_optic,no,no,no,no,no,yes,one_year,yes,electronic_check,80.9,4557.5,0
1936,female,0,yes,yes,71,yes,no,no,no_internet_service,no_internet_service,no_internet_service,no_internet_service,no_internet_service,no_internet_service,two_year,no,bank_transfer_(automatic),19.85,1326.35,0
1937,female,0,no,no,30,yes,no,dsl,yes,yes,no,no,no,no,month_to_month,yes,bank_transfer_(automatic),55.3,1530.6,0
1938,male,0,no,no,42,yes,yes,no,no_internet_service,no_internet_service,no_internet_service,no_internet_service,no_internet_service,no_internet_service,one_year,no,electronic_check,25.05,949.85,0
1939,female,0,no,no,4,yes,no,no,no_internet_service,no_internet_service,no_internet_service,no_internet_service,no_internet_service,no_internet_service,month_to_month,no,credit_card_(automatic),20.45,82.85,0
1940,male,0,no,yes,1,yes,no,dsl,yes,yes,no,yes,no,yes,month_to_month,yes,bank_transfer_(automatic),70.45,70.45,0
1941,male,0,yes,yes,9,yes,yes,fiber_optic,no,yes,yes,no,yes,yes,month_to_month,yes,credit_card_(automatic),102.6,897.75,0
1942,male,0,yes,yes,68,yes,no,fiber_optic,yes,yes,yes,no,yes,yes,two_year,yes,bank_transfer_(automatic),105.25,7173.15,0
1943,female,0,no,no,3,no,no_phone_service,dsl,no,yes,no,no,no,no,month_to_month,no,mailed_check,29.2,98.5,0
1944,female,0,yes,no,6,yes,no,dsl,no,no,no,no,no,no,month_to_month,no,mailed_check,45.65,323.45,0
1945,female,0,no,no,37,yes,yes,dsl,yes,no,no,no,yes,no,one_year,no,bank_transfer_(automatic),64.65,2347.85,0
1946,male,0,yes,no,72,yes,yes,fiber_optic,yes,yes,no,yes,no,yes,two_year,yes,bank_transfer_(automatic),100.55,7325.1,0
1947,male,1,yes,no,71,yes,yes,fiber_optic,yes,yes,yes,yes,yes,yes,two_year,yes,bank_transfer_(automatic),115.05,8016.6,0
1948,male,0,no,no,69,yes,yes,dsl,yes,yes,yes,yes,no,yes,one_year,yes,credit_card_(automatic),78.6,5356.45,1
1949,female,1,no,no,41,yes,yes,fiber_optic,yes,yes,yes,no,yes,yes,month_to_month,yes,electronic_check,113.2,4689.5,1
1950,female,0,yes,no,72,yes,yes,fiber_optic,yes,yes,yes,no,yes,yes,two_year,yes,credit_card_(automatic),110.65,8065.65,0
1951,female,0,no,no,3,no,no_phone_service,dsl,no,yes,no,no,yes,yes,month_to_month,yes,electronic_check,50.6,155.35,1
1952,male,0,yes,no,17,yes,yes,fiber_optic,no,yes,yes,no,yes,yes,month_to_month,yes,electronic_check,102.55,1742.5,0
1953,male,1,yes,no,30,yes,yes,fiber_optic,yes,yes,yes,yes,yes,no,month_to_month,yes,bank_transfer_(automatic),105.7,3181.8,0
1954,female,0,no,yes,8,no,no_phone_service,dsl,yes,no,no,no,no,yes,month_to_month,yes,electronic_check,38.5,330.8,0
1955,male,0,no,no,54,yes,yes,fiber_optic,no,yes,no,no,no,no,month_to_month,yes,bank_transfer_(automatic),79.85,4308.25,0
1956,female,1,yes,no,62,yes,yes,fiber_optic,no,yes,yes,no,yes,no,one_year,yes,credit_card_(automatic),97.95,5936.55,0
1957,female,0,no,no,14,yes,no,fiber_optic,no,yes,no,yes,no,no,month_to_month,yes,credit_card_(automatic),80.05,1112.3,0
1958,male,0,yes,yes,70,yes,yes,dsl,yes,yes,yes,yes,no,yes,one_year,no,bank_transfer_(automatic),78.35,5445.95,0
1959,male,1,no,no,56,yes,yes,fiber_optic,no,no,yes,no,yes,yes,month_to_month,yes,electronic_check,101.05,5594.0,0
1960,male,0,yes,yes,45,yes,yes,dsl,no,yes,yes,no,yes,yes,one_year,no,credit_card_(automatic),78.75,3600.65,0
1961,male,0,yes,no,65,yes,yes,dsl,yes,no,yes,yes,no,yes,two_year,no,bank_transfer_(automatic),76.15,4929.55,0
1962,female,1,yes,no,3,no,no_phone_service,dsl,no,yes,no,no,no,no,month_to_month,yes,electronic_check,30.75,82.85,0
1963,female,0,yes,yes,3,yes,no,no,no_internet_service,no_internet_service,no_internet_service,no_internet_service,no_internet_service,no_internet_service,month_to_month,no,mailed_check,19.3,54.7,0
1964,male,0,yes,yes,71,yes,yes,fiber_optic,yes,no,no,no,yes,yes,two_year,yes,electronic_check,97.2,6910.3,0
1965,male,0,yes,no,61,yes,yes,fiber_optic,no,no,no,no,yes,yes,one_year,yes,bank_transfer_(automatic),96.5,5673.7,0
1966,male,1,yes,no,16,yes,yes,fiber_optic,no,no,yes,no,yes,yes,month_to_month,yes,electronic_check,98.75,1587.55,1
1967,male,0,no,no,22,yes,no,dsl,no,yes,no,yes,no,no,one_year,yes,credit_card_(automatic),55.15,1193.05,1
1968,female,0,no,no,5,yes,no,fiber_optic,no,no,no,no,yes,no,month_to_month,yes,credit_card_(automatic),81.0,389.6,1
1969,female,0,yes,yes,8,yes,no,no,no_internet_service,no_internet_service,no_internet_service,no_internet_service,no_internet_service,no_internet_service,two_year,yes,mailed_check,19.85,146.6,0
1970,female,0,no,no,49,yes,no,dsl,yes,yes,yes,yes,no,no,two_year,no,bank_transfer_(automatic),67.4,3306.85,0
1971,female,1,yes,no,1,yes,no,fiber_optic,no,no,no,no,no,no,month_to_month,yes,mailed_check,70.45,70.45,1
1972,female,1,no,no,1,yes,no,dsl,no,no,no,no,no,no,month_to_month,no,mailed_check,45.1,45.1,1
1973,female,0,no,no,36,yes,no,fiber_optic,no,yes,no,no,yes,yes,month_to_month,yes,credit_card_(automatic),94.8,3565.65,0
1974,male,1,no,no,3,no,no_phone_service,dsl,no,no,yes,no,no,yes,month_to_month,yes,electronic_check,41.15,132.2,1
1975,male,0,no,no,5,yes,no,fiber_optic,no,no,no,no,no,no,month_to_month,yes,electronic_check,69.7,316.9,1
1976,male,0,yes,yes,2,yes,no,no,no_internet_service,no_internet_service,no_internet_service,no_internet_service,no_internet_service,no_internet_service,one_year,no,mailed_check,20.2,34.75,0
1977,male,0,no,no,1,yes,no,no,no_internet_service,no_internet_service,no_internet_service,no_internet_service,no_internet_service,no_internet_service,month_to_month,no,bank_transfer_(automatic),20.95,20.95,0
1978,male,0,no,no,40,yes,no,dsl,no,no,no,yes,no,no,month_to_month,yes,electronic_check,51.1,2092.9,0
1979,female,1,yes,no,57,yes,yes,fiber_optic,no,yes,yes,no,no,yes,month_to_month,no,credit_card_(automatic),94.0,5438.95,0
1980,male,0,no,no,1,yes,no,fiber_optic,no,no,no,no,no,no,month_to_month,yes,electronic_check,69.6,69.6,1
1981,male,0,no,no,1,no,no_phone_service,dsl,no,no,no,no,no,no,month_to_month,no,mailed_check,25.35,25.35,0
1982,female,0,no,no,7,yes,no,fiber_optic,no,no,yes,yes,yes,yes,month_to_month,yes,electronic_check,100.4,715.0,0
1983,male,0,no,no,44,yes,yes,fiber_optic,yes,yes,yes,no,yes,yes,month_to_month,yes,electronic_check,111.5,4915.15,0
1984,female,0,no,no,62,yes,yes,fiber_optic,yes,yes,yes,no,no,no,one_year,yes,electronic_check,92.05,5755.8,0
1985,female,0,yes,yes,14,yes,no,no,no_internet_service,no_internet_service,no_internet_service,no_internet_service,no_internet_service,no_internet_service,two_year,no,mailed_check,18.8,255.55,0
1986,female,0,no,no,26,yes,no,fiber_optic,yes,no,yes,yes,no,yes,one_year,yes,bank_transfer_(automatic),95.85,2475.35,0
1987,female,0,yes,no,33,no,no_phone_service,dsl,yes,no,yes,yes,yes,yes,two_year,no,bank_transfer_(automatic),59.55,2016.3,0
1988,female,0,no,no,4,yes,no,fiber_optic,yes,no,yes,yes,no,yes,month_to_month,yes,bank_transfer_(automatic),94.4,387.2,1
1989,female,0,no,yes,2,yes,yes,fiber_optic,yes,no,no,no,no,no,month_to_month,no,credit_card_(automatic),80.55,188.1,0
1990,male,0,no,no,4,yes,no,fiber_optic,no,no,yes,yes,no,yes,month_to_month,yes,electronic_check,90.4,356.65,0
1991,female,1,no,no,59,yes,yes,fiber_optic,no,yes,no,no,no,no,two_year,yes,credit_card_(automatic),79.2,4590.35,0
1992,female,1,yes,yes,12,no,no_phone_service,dsl,no,no,no,yes,no,no,month_to_month,yes,mailed_check,29.3,355.9,0
1993,male,0,no,no,1,yes,no,no,no_internet_service,no_internet_service,no_internet_service,no_internet_service,no_internet_service,no_internet_service,month_to_month,no,mailed_check,20.2,20.2,0
1994,male,0,yes,no,10,yes,no,no,no_internet_service,no_internet_service,no_internet_service,no_internet_service,no_internet_service,no_internet_service,one_year,no,bank_transfer_(automatic),19.6,189.45,0
1995,female,0,yes,yes,17,yes,yes,fiber_optic,yes,no,yes,no,yes,yes,month_to_month,yes,electronic_check,104.2,1743.5,1
1996,female,0,yes,yes,29,yes,no,no,no_internet_service,no_internet_service,no_internet_service,no_internet_service,no_internet_service,no_internet_service,two_year,no,mailed_check,20.2,558.8,0
1997,male,0,yes,no,58,yes,no,dsl,no,no,yes,no,no,no,one_year,no,credit_card_(automatic),50.3,2878.55,0
1998,male,0,no,no,16,yes,no,no,no_internet_service,no_internet_service,no_internet_service,no_internet_service,no_internet_service,no_internet_service,month_to_month,no,credit_card_(automatic),19.75,294.9,0
1999,female,0,yes,yes,23,yes,no,no,no_internet_service,no_internet_service,no_internet_service,no_internet_service,no_internet_service,no_internet_service,two_year,no,bank_transfer_(automatic),20.4,478.75,0
2000,male,0,yes,yes,72,yes,yes,fiber_optic,no,no,yes,no,no,yes,two_year,yes,credit_card_(automatic),90.8,6511.8,0
2001,female,0,no,no,1,yes,no,no,no_internet_service,no_internet_service,no_internet_service,no_internet_service,no_internet_service,no_internet_service,month_to_month,no,electronic_check,20.7,20.7,0
2002,female,0,yes,no,27,yes,yes,fiber_optic,no,no,yes,no,no,yes,month_to_month,no,bank_transfer_(automatic),90.15,2423.4,0
2003,female,0,yes,yes,71,yes,yes,no,no_internet_service,no_internet_service,no_internet_service,no_internet_service,no_internet_service,no_internet_service,two_year,no,bank_transfer_(automatic),25.45,1813.35,0
2004,female,0,yes,no,48,no,no_phone_service,dsl,yes,no,yes,no,no,yes,month_to_month,yes,bank_transfer_(automatic),45.3,2145.0,1
2005,male,1,no,no,16,no,no_phone_service,dsl,no,yes,no,no,yes,no,month_to_month,yes,mailed_check,39.0,679.85,1
2006,male,0,yes,yes,56,yes,yes,dsl,yes,yes,no,yes,no,yes,two_year,yes,credit_card_(automatic),75.85,4261.2,0
2007,male,0,no,no,1,no,no_phone_service,dsl,no,no,no,no,no,no,month_to_month,no,bank_transfer_(automatic),24.8,24.8,1
2008,female,0,yes,yes,7,yes,no,fiber_optic,no,no,no,no,no,no,month_to_month,yes,electronic_check,69.0,506.9,1
2009,male,0,yes,yes,5,yes,yes,fiber_optic,no,yes,no,no,no,no,month_to_month,yes,electronic_check,80.15,385.0,1
2010,female,0,no,no,60,yes,no,fiber_optic,yes,no,yes,yes,yes,yes,month_to_month,yes,bank_transfer_(automatic),104.95,6236.75,0
2011,female,0,yes,no,70,yes,yes,fiber_optic,no,no,yes,no,yes,yes,one_year,yes,electronic_check,97.65,6982.5,0
2012,male,0,yes,no,70,yes,yes,fiber_optic,yes,yes,yes,no,yes,no,two_year,yes,credit_card_(automatic),99.35,6944.5,0
2013,female,0,no,no,2,yes,no,dsl,no,yes,no,no,no,no,month_to_month,yes,mailed_check,49.6,114.7,1
2014,male,0,no,no,10,yes,no,fiber_optic,yes,no,yes,no,yes,yes,one_year,yes,electronic_check,98.9,1064.95,0
2015,male,0,no,no,1,yes,no,no,no_internet_service,no_internet_service,no_internet_service,no_internet_service,no_internet_service,no_internet_service,month_to_month,no,mailed_check,19.55,19.55,1
2016,female,0,no,no,36,no,no_phone_service,dsl,no,yes,no,yes,no,no,month_to_month,yes,bank_transfer_(automatic),34.85,1267.2,0
2017,male,0,no,no,33,yes,yes,fiber_optic,yes,no,no,no,no,no,one_year,no,bank_transfer_(automatic),80.1,2603.3,0
2018,male,1,yes,no,59,no,no_phone_service,dsl,yes,no,yes,yes,yes,yes,two_year,yes,credit_card_(automatic),64.05,3886.85,0
2019,male,0,yes,yes,17,yes,yes,dsl,yes,no,yes,no,yes,no,one_year,yes,bank_transfer_(automatic),70.35,1201.65,0
2020,male,0,no,no,7,yes,no,dsl,no,no,no,no,no,no,month_to_month,yes,bank_transfer_(automatic),44.65,322.5,0
2021,female,0,no,no,12,yes,no,fiber_optic,no,yes,no,no,no,yes,month_to_month,yes,electronic_check,84.6,1017.35,0
2022,female,0,no,no,13,yes,yes,fiber_optic,no,no,no,no,no,yes,month_to_month,yes,electronic_check,85.95,1215.65,0
2023,male,1,yes,no,24,yes,yes,fiber_optic,yes,no,no,no,no,no,month_to_month,yes,electronic_check,78.85,1772.25,1
2024,male,0,no,no,7,yes,yes,fiber_optic,no,no,no,no,yes,yes,month_to_month,yes,electronic_check,93.85,635.6,1
2025,male,0,yes,no,14,no,no_phone_service,dsl,no,no,no,no,yes,yes,month_to_month,no,electronic_check,46.35,667.7,1
2026,female,0,yes,yes,72,yes,yes,fiber_optic,yes,yes,yes,yes,no,yes,two_year,no,credit_card_(automatic),107.45,7658.3,0
2027,male,0,no,no,23,yes,no,no,no_internet_service,no_internet_service,no_internet_service,no_internet_service,no_internet_service,no_internet_service,one_year,no,mailed_check,20.45,481.1,0
2028,female,0,no,no,27,yes,no,no,no_internet_service,no_internet_service,no_internet_service,no_internet_service,no_internet_service,no_internet_service,two_year,yes,bank_transfer_(automatic),20.25,538.2,0
2029,female,0,no,no,2,yes,no,dsl,no,yes,no,no,yes,no,month_to_month,yes,electronic_check,59.0,114.15,0
2030,female,0,yes,yes,72,yes,yes,dsl,yes,yes,yes,yes,no,yes,two_year,no,bank_transfer_(automatic),80.85,5824.75,0
2031,male,0,yes,no,29,no,no_phone_service,dsl,no,no,no,no,yes,no,month_to_month,no,mailed_check,33.75,1009.25,0
2032,female,0,yes,yes,7,yes,no,no,no_internet_service,no_internet_service,no_internet_service,no_internet_service,no_internet_service,no_internet_service,one_year,no,mailed_check,20.65,134.05,0
2033,female,0,yes,yes,67,yes,yes,fiber_optic,no,no,yes,yes,yes,yes,two_year,yes,bank_transfer_(automatic),105.65,6717.9,0
2034,female,1,no,no,7,yes,no,dsl,no,yes,no,no,no,no,month_to_month,yes,mailed_check,51.3,419.35,0
2035,male,0,no,yes,17,yes,no,dsl,no,no,no,no,no,no,one_year,no,mailed_check,44.6,681.4,0
2036,female,0,yes,yes,67,no,no_phone_service,dsl,yes,no,no,yes,no,no,two_year,no,credit_card_(automatic),35.7,2545.7,0
2037,male,0,no,no,2,no,no_phone_service,dsl,no,no,no,no,no,no,month_to_month,no,mailed_check,24.3,38.45,0
2038,male,0,yes,yes,64,yes,no,dsl,yes,no,yes,yes,yes,no,two_year,no,mailed_check,69.25,4447.75,0
2039,male,1,yes,yes,50,yes,yes,dsl,yes,yes,yes,no,no,yes,two_year,yes,bank_transfer_(automatic),75.15,3822.45,0
2040,female,0,no,no,59,yes,yes,dsl,yes,no,no,yes,no,yes,one_year,no,bank_transfer_(automatic),68.7,4070.95,0
2041,female,1,no,no,6,yes,no,fiber_optic,no,no,yes,no,no,no,month_to_month,no,electronic_check,74.4,434.1,1
2042,female,0,no,no,70,yes,yes,fiber_optic,no,yes,yes,yes,no,no,one_year,yes,bank_transfer_(automatic),90.25,6385.95,0
2043,female,0,yes,yes,23,yes,no,no,no_internet_service,no_internet_service,no_internet_service,no_internet_service,no_internet_service,no_internet_service,one_year,no,mailed_check,20.05,415.1,0
2044,female,0,no,yes,51,no,no_phone_service,dsl,yes,no,yes,yes,yes,yes,one_year,no,bank_transfer_(automatic),60.15,3077.0,0
2045,male,0,no,no,63,yes,no,dsl,yes,yes,yes,yes,yes,yes,two_year,yes,bank_transfer_(automatic),86.7,5309.5,0
2046,female,0,yes,no,62,yes,yes,dsl,yes,yes,no,yes,yes,yes,two_year,yes,electronic_check,84.95,5150.55,0
2047,female,0,no,no,40,yes,yes,dsl,no,no,yes,yes,yes,yes,one_year,yes,mailed_check,80.75,3208.65,0
2048,male,0,no,no,62,yes,no,no,no_internet_service,no_internet_service,no_internet_service,no_internet_service,no_internet_service,no_internet_service,two_year,no,bank_transfer_(automatic),19.85,1253.65,0
2049,male,0,yes,no,65,yes,yes,fiber_optic,no,yes,no,no,no,yes,month_to_month,yes,electronic_check,90.65,5931.0,0
2050,male,0,no,no,42,yes,no,no,no_internet_service,no_internet_service,no_internet_service,no_internet_service,no_internet_service,no_internet_service,one_year,yes,mailed_check,19.55,839.4,0
2051,male,1,no,no,1,no,no_phone_service,dsl,no,no,no,no,no,no,month_to_month,yes,electronic_check,25.1,25.1,1
2052,female,0,no,no,37,yes,yes,dsl,yes,yes,yes,yes,yes,no,month_to_month,yes,credit_card_(automatic),78.9,2976.95,0
2053,male,0,yes,no,67,yes,no,fiber_optic,yes,yes,no,no,no,yes,one_year,yes,credit_card_(automatic),90.6,6056.15,1
2054,female,0,no,no,66,yes,yes,fiber_optic,yes,yes,yes,yes,yes,no,one_year,yes,bank_transfer_(automatic),104.55,6779.05,0
2055,male,0,yes,yes,62,yes,no,no,no_internet_service,no_internet_service,no_internet_service,no_internet_service,no_internet_service,no_internet_service,two_year,no,bank_transfer_(automatic),20.45,1297.35,0
2056,female,0,yes,yes,64,yes,no,no,no_internet_service,no_internet_service,no_internet_service,no_internet_service,no_internet_service,no_internet_service,two_year,no,mailed_check,20.2,1277.75,0
2057,male,0,no,no,44,yes,no,no,no_internet_service,no_internet_service,no_internet_service,no_internet_service,no_internet_service,no_internet_service,one_year,no,credit_card_(automatic),19.5,835.5,0
2058,female,0,no,no,7,yes,no,fiber_optic,no,no,no,no,no,no,month_to_month,yes,bank_transfer_(automatic),69.85,515.45,0
2059,male,0,yes,no,63,yes,no,no,no_internet_service,no_internet_service,no_internet_service,no_internet_service,no_internet_service,no_internet_service,two_year,yes,bank_transfer_(automatic),19.95,1234.8,0
2060,male,0,no,yes,66,yes,yes,no,no_internet_service,no_internet_service,no_internet_service,no_internet_service,no_internet_service,no_internet_service,two_year,yes,credit_card_(automatic),25.3,1673.8,0
2061,male,0,no,no,71,yes,yes,fiber_optic,no,no,yes,yes,no,no,two_year,yes,credit_card_(automatic),86.4,6172.0,0
2062,female,0,no,no,36,yes,yes,dsl,no,no,yes,no,no,no,one_year,no,electronic_check,55.8,1941.5,0
2063,male,0,no,no,7,yes,no,no,no_internet_service,no_internet_service,no_internet_service,no_internet_service,no_internet_service,no_internet_service,month_to_month,no,electronic_check,19.25,112.3,1
2064,female,0,yes,no,64,yes,yes,dsl,no,no,yes,yes,no,no,one_year,no,bank_transfer_(automatic),58.35,3756.45,0
2065,female,0,yes,yes,1,yes,no,dsl,no,no,yes,no,no,no,month_to_month,no,mailed_check,50.45,50.45,1
2066,female,0,yes,no,9,yes,no,fiber_optic,no,no,no,no,no,yes,month_to_month,yes,electronic_check,79.75,769.1,0
2067,male,0,no,yes,3,yes,yes,fiber_optic,no,no,yes,no,no,yes,month_to_month,no,electronic_check,91.85,257.05,1
2068,female,0,no,no,31,yes,no,no,no_internet_service,no_internet_service,no_internet_service,no_internet_service,no_internet_service,no_internet_service,two_year,no,credit_card_(automatic),20.9,689.35,0
2069,female,0,yes,yes,34,yes,no,dsl,yes,yes,yes,yes,yes,yes,two_year,no,mailed_check,84.75,2839.45,0
2070,female,0,no,no,58,yes,yes,dsl,yes,yes,yes,yes,no,no,one_year,yes,credit_card_(automatic),71.1,4299.2,0
2071,female,0,no,no,70,yes,yes,fiber_optic,yes,yes,yes,yes,yes,yes,two_year,yes,credit_card_(automatic),111.95,7795.95,0
2072,male,0,yes,no,67,yes,no,fiber_optic,yes,yes,yes,yes,yes,yes,two_year,yes,electronic_check,111.05,7321.05,0
2073,male,0,no,yes,71,yes,no,dsl,yes,yes,yes,yes,yes,no,two_year,yes,credit_card_(automatic),76.9,5522.7,0
2074,female,0,no,no,26,no,no_phone_service,dsl,no,no,yes,yes,yes,no,month_to_month,yes,credit_card_(automatic),44.45,1183.8,0
2075,female,0,no,no,53,yes,no,no,no_internet_service,no_internet_service,no_internet_service,no_internet_service,no_internet_service,no_internet_service,two_year,no,credit_card_(automatic),19.85,1049.6,0
2076,male,0,yes,yes,71,yes,no,fiber_optic,yes,yes,yes,no,yes,yes,one_year,yes,bank_transfer_(automatic),104.65,7288.4,0
2077,male,1,yes,no,46,yes,yes,fiber_optic,no,no,yes,no,yes,yes,month_to_month,yes,electronic_check,101.0,4680.05,1
2078,male,0,yes,yes,38,yes,yes,no,no_internet_service,no_internet_service,no_internet_service,no_internet_service,no_internet_service,no_internet_service,two_year,no,credit_card_(automatic),25.05,963.95,0
2079,female,0,yes,yes,60,no,no_phone_service,dsl,yes,no,yes,yes,yes,yes,two_year,no,credit_card_(automatic),59.85,3590.2,0
2080,male,1,no,no,3,yes,yes,fiber_optic,no,no,yes,no,yes,no,month_to_month,no,electronic_check,91.05,289.1,1
2081,female,1,no,no,5,yes,no,fiber_optic,no,no,no,no,no,no,month_to_month,yes,mailed_check,69.05,318.5,1
2082,female,0,yes,yes,65,yes,yes,dsl,yes,yes,yes,yes,yes,yes,two_year,yes,mailed_check,90.45,5957.9,0
2083,female,1,no,no,66,yes,yes,fiber_optic,yes,no,no,no,yes,yes,two_year,yes,bank_transfer_(automatic),102.4,6471.85,0
2084,male,0,yes,yes,28,yes,no,fiber_optic,no,yes,yes,yes,yes,no,one_year,no,bank_transfer_(automatic),92.9,2768.35,0
2085,female,0,no,no,27,yes,no,dsl,yes,yes,no,no,no,no,two_year,no,bank_transfer_(automatic),52.85,1498.65,0
2086,male,0,yes,yes,28,yes,no,fiber_optic,no,no,yes,no,yes,no,month_to_month,no,electronic_check,85.45,2289.9,0
2087,male,0,yes,yes,16,yes,no,dsl,yes,yes,no,no,no,no,one_year,yes,mailed_check,55.85,857.8,0
2088,male,0,no,no,1,yes,no,dsl,no,no,no,no,no,no,month_to_month,yes,mailed_check,45.8,45.8,0
2089,female,0,no,no,47,yes,no,no,no_internet_service,no_internet_service,no_internet_service,no_internet_service,no_internet_service,no_internet_service,two_year,no,credit_card_(automatic),20.25,1029.8,0
2090,female,0,yes,no,16,yes,yes,fiber_optic,no,yes,no,no,yes,yes,month_to_month,yes,electronic_check,100.0,1534.75,1
2091,female,0,yes,no,64,yes,yes,dsl,yes,yes,yes,yes,no,yes,two_year,yes,mailed_check,81.3,5129.3,0
2092,male,0,yes,no,23,yes,yes,fiber_optic,yes,yes,yes,no,yes,no,month_to_month,yes,electronic_check,99.25,2186.4,1
2093,male,0,yes,no,40,yes,no,dsl,no,yes,no,no,no,no,month_to_month,yes,mailed_check,50.15,2058.5,0
2094,male,0,no,no,3,no,no_phone_service,dsl,no,yes,no,yes,no,no,month_to_month,yes,mailed_check,36.85,108.7,1
2095,male,1,no,no,65,yes,yes,fiber_optic,yes,no,yes,yes,yes,yes,two_year,yes,electronic_check,109.05,7108.2,0
2096,male,1,no,no,33,no,no_phone_service,dsl,no,no,yes,yes,yes,yes,month_to_month,yes,electronic_check,54.6,1803.7,0
2097,female,0,yes,no,35,yes,no,dsl,no,yes,no,yes,no,no,month_to_month,no,electronic_check,56.85,1861.1,0
2098,male,0,no,no,62,yes,yes,fiber_optic,no,no,yes,no,yes,yes,one_year,yes,electronic_check,96.75,6125.4,1
2099,male,0,yes,no,50,no,no_phone_service,dsl,yes,no,no,yes,yes,no,one_year,yes,bank_transfer_(automatic),44.45,2188.45,0
2100,male,0,no,no,58,yes,yes,fiber_optic,no,no,no,yes,no,no,month_to_month,no,bank_transfer_(automatic),80.65,4807.35,0
2101,female,0,yes,no,63,yes,yes,fiber_optic,no,yes,yes,yes,yes,yes,two_year,yes,bank_transfer_(automatic),109.25,6841.4,0
2102,female,0,no,no,13,yes,no,dsl,yes,no,no,no,yes,yes,month_to_month,yes,electronic_check,71.95,923.85,0
2103,male,1,yes,no,35,yes,yes,fiber_optic,no,no,yes,no,no,no,one_year,yes,bank_transfer_(automatic),81.6,2815.25,0
2104,male,1,yes,no,3,yes,yes,fiber_optic,no,yes,yes,no,yes,yes,month_to_month,yes,electronic_check,105.9,334.65,1
2105,female,0,no,no,1,yes,no,no,no_internet_service,no_internet_service,no_internet_service,no_internet_service,no_internet_service,no_internet_service,month_to_month,no,mailed_check,20.9,20.9,1
2106,female,0,yes,yes,68,yes,yes,fiber_optic,no,no,no,no,yes,no,one_year,yes,electronic_check,83.0,5685.8,1
2107,female,0,no,no,4,yes,no,fiber_optic,no,no,no,no,no,no,month_to_month,no,electronic_check,70.4,281.0,1
2108,female,0,no,no,8,yes,yes,fiber_optic,no,no,no,no,no,no,month_to_month,yes,credit_card_(automatic),74.6,548.9,0
2109,male,0,no,no,1,yes,no,no,no_internet_service,no_internet_service,no_internet_service,no_internet_service,no_internet_service,no_internet_service,month_to_month,no,mailed_check,20.15,20.15,1
2110,female,0,no,no,3,yes,no,no,no_internet_service,no_internet_service,no_internet_service,no_internet_service,no_internet_service,no_internet_service,month_to_month,no,mailed_check,19.85,57.2,0
2111,female,0,no,no,3,yes,no,dsl,no,yes,no,yes,yes,yes,month_to_month,yes,electronic_check,75.3,244.1,0
2112,female,1,no,no,7,yes,no,fiber_optic,yes,no,no,no,no,no,month_to_month,no,bank_transfer_(automatic),76.45,503.6,1
2113,male,0,yes,no,27,yes,no,dsl,yes,no,no,no,no,no,one_year,no,credit_card_(automatic),48.7,1421.75,0
2114,male,0,yes,no,14,yes,yes,dsl,no,no,no,yes,yes,no,month_to_month,yes,credit_card_(automatic),66.6,979.5,0
2115,male,0,no,no,6,yes,yes,fiber_optic,no,no,no,yes,no,yes,month_to_month,yes,bank_transfer_(automatic),87.95,522.35,0
2116,male,0,yes,no,66,yes,yes,fiber_optic,yes,yes,yes,yes,no,no,two_year,no,mailed_check,96.6,6424.25,0
2117,male,0,yes,yes,47,yes,yes,fiber_optic,no,yes,no,no,yes,yes,month_to_month,yes,electronic_check,99.35,4749.15,1
2118,male,0,yes,yes,50,yes,yes,dsl,yes,no,no,yes,yes,no,two_year,yes,credit_card_(automatic),70.5,3486.65,0
2119,male,1,yes,yes,72,yes,yes,fiber_optic,yes,yes,yes,yes,yes,yes,two_year,yes,credit_card_(automatic),115.75,8399.15,0
2120,male,0,no,no,13,yes,yes,fiber_optic,no,no,no,yes,yes,yes,month_to_month,yes,mailed_check,99.0,1301.7,1
2121,female,0,yes,yes,3,yes,no,fiber_optic,no,yes,no,yes,no,no,month_to_month,yes,electronic_check,80.0,241.3,0
2122,female,0,yes,yes,71,yes,yes,fiber_optic,yes,yes,yes,yes,yes,yes,two_year,no,bank_transfer_(automatic),114.6,8100.25,0
2123,female,0,no,no,2,yes,no,fiber_optic,no,no,no,no,no,no,month_to_month,yes,electronic_check,70.15,123.8,0
2124,female,1,yes,no,66,yes,yes,fiber_optic,no,yes,yes,yes,yes,yes,one_year,yes,credit_card_(automatic),108.1,7181.95,0
2125,male,0,no,no,2,yes,no,no,no_internet_service,no_internet_service,no_internet_service,no_internet_service,no_internet_service,no_internet_service,month_to_month,no,mailed_check,19.4,50.6,0
2126,male,0,yes,yes,69,yes,no,fiber_optic,yes,yes,no,yes,yes,yes,two_year,yes,credit_card_(automatic),106.35,7261.75,0
2127,male,1,no,no,11,yes,yes,dsl,yes,yes,no,no,no,no,month_to_month,no,bank_transfer_(automatic),60.25,662.95,0
2128,female,0,no,no,3,yes,no,fiber_optic,no,no,yes,no,no,no,month_to_month,yes,mailed_check,74.75,238.1,0
2129,male,0,no,no,24,yes,yes,dsl,yes,no,no,no,no,no,month_to_month,yes,bank_transfer_(automatic),55.65,1400.55,1
2130,female,0,yes,yes,24,yes,no,no,no_internet_service,no_internet_service,no_internet_service,no_internet_service,no_internet_service,no_internet_service,two_year,no,mailed_check,19.7,452.55,0
2131,female,0,yes,yes,1,yes,no,no,no_internet_service,no_internet_service,no_internet_service,no_internet_service,no_internet_service,no_internet_service,month_to_month,no,mailed_check,19.45,19.45,1
2132,female,0,no,no,70,yes,no,no,no_internet_service,no_internet_service,no_internet_service,no_internet_service,no_internet_service,no_internet_service,one_year,no,bank_transfer_(automatic),19.7,1341.5,0
2133,female,0,yes,no,16,no,no_phone_service,dsl,no,no,no,yes,yes,yes,month_to_month,yes,electronic_check,49.95,810.2,1
2134,female,0,yes,yes,3,yes,yes,fiber_optic,no,no,no,no,no,yes,month_to_month,yes,bank_transfer_(automatic),84.75,264.85,1
2135,female,0,yes,yes,22,no,no_phone_service,dsl,no,yes,no,no,yes,no,month_to_month,no,electronic_check,39.2,849.9,0
2136,male,0,no,no,46,yes,yes,fiber_optic,no,yes,yes,no,yes,no,one_year,yes,credit_card_(automatic),94.9,4422.95,0
2137,female,0,no,no,28,yes,no,fiber_optic,no,no,no,no,no,yes,month_to_month,yes,electronic_check,80.6,2244.95,0
2138,female,0,yes,yes,70,yes,yes,fiber_optic,yes,yes,yes,yes,yes,yes,two_year,yes,bank_transfer_(automatic),114.2,7723.9,1
2139,male,0,no,no,46,yes,yes,fiber_optic,no,no,no,no,no,no,month_to_month,no,bank_transfer_(automatic),72.8,3249.4,0
2140,female,0,yes,yes,25,yes,no,no,no_internet_service,no_internet_service,no_internet_service,no_internet_service,no_internet_service,no_internet_service,two_year,no,mailed_check,20.1,486.05,0
2141,male,0,yes,no,65,yes,no,no,no_internet_service,no_internet_service,no_internet_service,no_internet_service,no_internet_service,no_internet_service,two_year,yes,credit_card_(automatic),20.4,1414.45,0
2142,male,0,no,no,14,yes,no,no,no_internet_service,no_internet_service,no_internet_service,no_internet_service,no_internet_service,no_internet_service,month_to_month,yes,electronic_check,20.05,299.3,0
2143,female,1,yes,no,28,yes,yes,fiber_optic,no,no,no,yes,yes,yes,month_to_month,yes,credit_card_(automatic),101.3,2812.2,1
2144,male,0,yes,yes,17,yes,no,no,no_internet_service,no_internet_service,no_internet_service,no_internet_service,no_internet_service,no_internet_service,one_year,no,bank_transfer_(automatic),19.9,329.75,0
2145,female,0,yes,no,65,yes,no,dsl,no,no,no,yes,yes,no,two_year,yes,credit_card_(automatic),59.8,3808.2,0
2146,male,0,no,no,9,yes,no,dsl,yes,no,no,yes,no,yes,month_to_month,no,mailed_check,64.95,547.8,0
2147,male,0,no,no,3,yes,no,no,no_internet_service,no_internet_service,no_internet_service,no_internet_service,no_internet_service,no_internet_service,one_year,no,mailed_check,19.6,61.35,0
2148,female,0,yes,no,60,yes,yes,fiber_optic,no,yes,no,no,yes,yes,month_to_month,yes,electronic_check,99.8,5985.75,0
2149,female,0,no,no,47,yes,yes,dsl,yes,no,yes,yes,no,no,two_year,yes,mailed_check,65.0,2879.9,0
2150,male,0,yes,no,53,yes,yes,dsl,yes,no,yes,yes,yes,no,one_year,no,bank_transfer_(automatic),77.4,4155.95,0
2151,male,0,no,no,30,yes,yes,fiber_optic,no,no,no,yes,no,yes,month_to_month,yes,credit_card_(automatic),89.9,2723.15,0
2152,male,0,no,no,4,yes,no,fiber_optic,no,no,no,no,yes,no,month_to_month,no,electronic_check,77.85,299.2,1
2153,female,1,yes,no,72,yes,yes,no,no_internet_service,no_internet_service,no_internet_service,no_internet_service,no_internet_service,no_internet_service,two_year,yes,credit_card_(automatic),25.7,1937.4,0
2154,female,0,no,no,12,yes,yes,fiber_optic,yes,yes,yes,no,no,yes,month_to_month,yes,bank_transfer_(automatic),99.7,1238.45,1
2155,female,0,no,no,10,no,no_phone_service,dsl,yes,no,no,no,no,no,month_to_month,no,mailed_check,29.75,301.9,0
2156,male,0,no,yes,14,yes,no,no,no_internet_service,no_internet_service,no_internet_service,no_internet_service,no_internet_service,no_internet_service,month_to_month,no,mailed_check,19.95,268.4,0
2157,male,0,yes,yes,67,yes,no,dsl,yes,yes,yes,no,yes,yes,two_year,no,credit_card_(automatic),81.35,5398.6,0
2158,female,0,no,no,20,yes,no,fiber_optic,yes,no,yes,no,yes,no,month_to_month,yes,bank_transfer_(automatic),89.4,1871.15,0
2159,male,0,no,no,12,yes,yes,fiber_optic,no,no,no,no,yes,yes,month_to_month,yes,electronic_check,96.05,1148.1,1
2160,male,0,yes,yes,46,yes,no,dsl,yes,no,yes,yes,no,no,one_year,no,mailed_check,56.9,2560.1,0
2161,female,1,yes,no,18,yes,yes,fiber_optic,no,no,no,yes,yes,yes,month_to_month,no,bank_transfer_(automatic),99.75,1836.25,1
2162,male,0,yes,yes,33,yes,no,no,no_internet_service,no_internet_service,no_internet_service,no_internet_service,no_internet_service,no_internet_service,one_year,no,mailed_check,20.6,690.25,0
2163,female,1,yes,no,48,yes,yes,fiber_optic,yes,yes,yes,yes,yes,yes,month_to_month,no,electronic_check,117.45,5438.9,1
2164,male,0,yes,no,69,yes,yes,fiber_optic,yes,yes,yes,yes,yes,yes,two_year,yes,bank_transfer_(automatic),112.55,7806.5,0
2165,male,0,yes,no,2,yes,no,fiber_optic,no,no,yes,no,no,no,month_to_month,no,electronic_check,76.4,151.8,1
2166,male,0,yes,yes,63,no,no_phone_service,dsl,no,yes,yes,yes,no,no,two_year,no,bank_transfer_(automatic),39.35,2395.05,0
2167,male,0,no,no,30,yes,yes,dsl,yes,no,no,no,no,yes,month_to_month,yes,mailed_check,64.5,1888.45,0
2168,male,0,no,no,21,no,no_phone_service,dsl,yes,no,no,yes,yes,no,month_to_month,yes,mailed_check,43.55,1011.5,0
2169,female,0,yes,yes,24,yes,no,dsl,yes,no,no,yes,no,no,month_to_month,no,electronic_check,55.15,1319.85,0
2170,female,0,yes,yes,13,yes,no,no,no_internet_service,no_internet_service,no_internet_service,no_internet_service,no_internet_service,no_internet_service,two_year,no,mailed_check,19.55,265.3,0
2171,female,0,no,no,7,yes,no,fiber_optic,no,no,no,no,yes,no,month_to_month,yes,electronic_check,79.0,522.95,1
2172,female,0,no,no,2,yes,yes,fiber_optic,no,no,no,no,no,no,month_to_month,yes,electronic_check,75.9,143.35,1
2173,male,0,no,no,22,yes,no,dsl,yes,no,no,yes,no,no,month_to_month,no,mailed_check,55.1,1253.15,0
2174,female,0,no,no,51,no,no_phone_service,dsl,no,yes,yes,no,yes,yes,one_year,yes,credit_card_(automatic),56.4,2928.5,0
2175,female,0,no,no,29,no,no_phone_service,dsl,no,no,no,yes,no,no,month_to_month,yes,electronic_check,31.2,926.2,0
2176,male,0,yes,yes,54,yes,yes,dsl,no,no,yes,no,no,yes,two_year,no,credit_card_(automatic),63.35,3409.1,0
2177,male,0,no,no,10,yes,no,no,no_internet_service,no_internet_service,no_internet_service,no_internet_service,no_internet_service,no_internet_service,month_to_month,no,credit_card_(automatic),20.0,198.7,0
2178,male,0,yes,yes,28,yes,yes,dsl,no,yes,no,no,no,yes,month_to_month,no,electronic_check,64.4,1802.15,0
2179,male,0,no,no,40,yes,yes,fiber_optic,no,yes,yes,no,yes,yes,month_to_month,yes,credit_card_(automatic),104.5,4036.85,1
2180,female,1,no,no,14,yes,no,fiber_optic,yes,yes,no,no,no,no,month_to_month,no,electronic_check,78.85,1043.8,0
2181,male,0,no,yes,57,yes,no,no,no_internet_service,no_internet_service,no_internet_service,no_internet_service,no_internet_service,no_internet_service,two_year,yes,mailed_check,19.6,1170.55,0
2182,male,0,no,no,1,yes,no,no,no_internet_service,no_internet_service,no_internet_service,no_internet_service,no_internet_service,no_internet_service,month_to_month,yes,bank_transfer_(automatic),20.2,20.2,1
2183,female,0,no,no,16,yes,no,fiber_optic,no,yes,no,no,no,yes,month_to_month,yes,electronic_check,86.25,1340.1,0
2184,female,0,yes,yes,2,yes,no,fiber_optic,no,no,no,no,no,no,month_to_month,no,electronic_check,70.4,147.15,1
2185,female,0,no,no,2,yes,no,no,no_internet_service,no_internet_service,no_internet_service,no_internet_service,no_internet_service,no_internet_service,month_to_month,no,mailed_check,20.1,39.8,0
2186,female,0,no,no,1,yes,no,no,no_internet_service,no_internet_service,no_internet_service,no_internet_service,no_internet_service,no_internet_service,month_to_month,no,mailed_check,20.4,20.4,1
2187,male,0,yes,yes,41,yes,yes,dsl,no,yes,yes,no,yes,no,one_year,no,bank_transfer_(automatic),68.5,2839.95,0
2188,male,0,yes,yes,62,yes,no,fiber_optic,yes,yes,yes,yes,yes,yes,two_year,no,mailed_check,108.15,6825.65,0
2189,male,0,yes,no,72,yes,no,dsl,yes,yes,yes,yes,yes,yes,two_year,no,mailed_check,84.45,6033.1,0
2190,female,0,yes,yes,72,yes,yes,fiber_optic,yes,yes,no,no,yes,no,two_year,yes,bank_transfer_(automatic),95.9,6954.15,0
2191,female,0,no,no,7,yes,no,fiber_optic,no,no,no,no,no,no,month_to_month,yes,mailed_check,69.9,497.3,0
2192,female,0,no,no,9,yes,no,dsl,no,no,no,no,no,no,month_to_month,yes,electronic_check,43.75,405.7,0
2193,male,0,no,no,7,no,no_phone_service,dsl,yes,no,yes,no,no,no,one_year,no,mailed_check,35.3,264.8,0
2194,male,0,yes,yes,72,yes,yes,no,no_internet_service,no_internet_service,no_internet_service,no_internet_service,no_internet_service,no_internet_service,two_year,yes,bank_transfer_(automatic),25.2,1798.9,0
2195,male,0,no,no,26,yes,no,fiber_optic,no,yes,no,no,yes,no,month_to_month,yes,electronic_check,85.75,2146.5,0
2196,male,0,yes,yes,4,no,no_phone_service,dsl,yes,no,no,no,yes,no,month_to_month,no,credit_card_(automatic),38.55,156.1,0
2197,male,1,yes,no,60,yes,no,fiber_optic,no,yes,yes,no,yes,yes,one_year,yes,electronic_check,97.95,5867.0,0
2198,male,1,yes,no,7,yes,no,fiber_optic,no,no,no,no,yes,yes,month_to_month,yes,electronic_check,89.5,676.7,1
2199,male,0,no,no,28,yes,no,fiber_optic,no,no,yes,yes,no,yes,month_to_month,no,electronic_check,91.0,2626.15,0
2200,male,0,yes,yes,33,yes,no,dsl,no,no,yes,yes,yes,yes,one_year,yes,mailed_check,73.9,2405.05,1
2201,male,0,no,no,18,yes,no,no,no_internet_service,no_internet_service,no_internet_service,no_internet_service,no_internet_service,no_internet_service,one_year,no,mailed_check,20.1,401.85,0
2202,male,0,no,no,31,yes,yes,fiber_optic,no,yes,no,no,no,no,month_to_month,yes,electronic_check,80.45,2429.1,0
2203,male,0,no,no,12,yes,no,no,no_internet_service,no_internet_service,no_internet_service,no_internet_service,no_internet_service,no_internet_service,one_year,no,credit_card_(automatic),20.05,267.0,0
2204,male,0,yes,yes,41,yes,no,no,no_internet_service,no_internet_service,no_internet_service,no_internet_service,no_internet_service,no_internet_service,one_year,no,bank_transfer_(automatic),19.5,798.2,0
2205,male,0,yes,no,18,yes,yes,fiber_optic,no,no,no,no,yes,yes,month_to_month,yes,electronic_check,94.7,1687.95,1
2206,female,1,no,no,1,yes,no,fiber_optic,no,no,no,no,no,no,month_to_month,yes,electronic_check,69.85,69.85,1
2207,male,1,yes,no,29,yes,yes,fiber_optic,no,no,yes,no,yes,yes,month_to_month,yes,electronic_check,98.5,3004.15,1
2208,female,0,yes,no,50,yes,no,no,no_internet_service,no_internet_service,no_internet_service,no_internet_service,no_internet_service,no_internet_service,one_year,yes,bank_transfer_(automatic),19.85,943.1,0
2209,male,0,yes,yes,42,yes,no,no,no_internet_service,no_internet_service,no_internet_service,no_internet_service,no_internet_service,no_internet_service,two_year,no,mailed_check,20.7,828.85,0
2210,female,0,no,no,67,yes,yes,dsl,yes,no,yes,yes,yes,yes,two_year,yes,mailed_check,85.25,5714.2,0
2211,male,1,yes,no,23,yes,no,fiber_optic,no,no,no,no,yes,yes,month_to_month,yes,electronic_check,90.45,2117.25,0
2212,female,0,yes,yes,71,yes,yes,fiber_optic,yes,no,yes,yes,no,yes,two_year,no,electronic_check,100.45,7159.7,0
2213,male,0,yes,yes,52,yes,no,no,no_internet_service,no_internet_service,no_internet_service,no_internet_service,no_internet_service,no_internet_service,one_year,yes,credit_card_(automatic),20.85,1071.6,0
2214,female,1,no,no,26,yes,yes,fiber_optic,yes,yes,no,no,no,yes,month_to_month,yes,electronic_check,95.0,2497.2,1
2215,male,0,yes,yes,16,yes,no,dsl,yes,no,yes,no,yes,no,two_year,no,mailed_check,64.25,1024.0,0
2216,male,0,yes,no,52,yes,yes,dsl,no,yes,no,yes,no,no,month_to_month,no,bank_transfer_(automatic),61.35,3169.55,0
2217,male,0,no,no,30,yes,no,dsl,yes,no,yes,no,no,no,two_year,yes,mailed_check,55.65,1653.85,0
2218,female,0,no,no,15,yes,no,no,no_internet_service,no_internet_service,no_internet_service,no_internet_service,no_internet_service,no_internet_service,month_to_month,no,mailed_check,19.9,320.45,0
2219,female,0,yes,yes,49,yes,no,dsl,yes,yes,yes,yes,yes,yes,one_year,yes,mailed_check,87.2,4345.0,0
2220,male,1,no,no,1,yes,no,dsl,no,no,no,no,no,no,month_to_month,no,electronic_check,45.1,45.1,1
2221,female,0,yes,yes,65,yes,no,dsl,yes,yes,yes,no,no,no,one_year,no,bank_transfer_(automatic),61.35,3874.1,0
2222,male,0,yes,yes,15,no,no_phone_service,dsl,yes,no,no,no,no,no,month_to_month,yes,bank_transfer_(automatic),30.2,469.65,0
2223,female,1,yes,no,55,yes,no,fiber_optic,no,no,yes,yes,yes,no,two_year,no,credit_card_(automatic),88.8,4805.3,0
2224,male,0,no,yes,23,no,no_phone_service,dsl,yes,no,yes,yes,no,no,two_year,no,mailed_check,40.1,857.75,0
2225,female,1,no,no,71,yes,yes,dsl,yes,yes,yes,yes,yes,yes,two_year,no,mailed_check,89.85,6293.45,0
2226,female,0,yes,yes,41,yes,yes,fiber_optic,yes,yes,no,no,yes,no,month_to_month,yes,bank_transfer_(automatic),94.3,3893.6,0
2227,male,0,yes,no,70,yes,no,fiber_optic,yes,yes,yes,yes,no,yes,two_year,no,credit_card_(automatic),101.0,7085.5,0
2228,female,0,no,no,12,yes,yes,fiber_optic,no,no,yes,no,yes,yes,month_to_month,yes,bank_transfer_(automatic),100.15,1164.3,1
2229,female,1,yes,yes,29,no,no_phone_service,dsl,no,yes,yes,no,no,no,month_to_month,yes,mailed_check,35.65,1025.15,0
2230,male,0,no,no,4,yes,no,dsl,yes,no,yes,no,no,no,month_to_month,no,electronic_check,56.75,245.15,0
2231,female,0,yes,yes,69,no,no_phone_service,dsl,yes,yes,yes,yes,no,no,two_year,no,bank_transfer_(automatic),46.25,3121.4,0
2232,female,0,no,yes,22,no,no_phone_service,dsl,no,no,yes,no,yes,yes,one_year,yes,credit_card_(automatic),49.45,1031.4,0
2233,female,0,no,no,68,yes,yes,dsl,yes,no,no,no,no,no,month_to_month,no,mailed_check,54.45,3687.75,0
2234,male,0,no,no,1,yes,no,fiber_optic,no,no,no,no,yes,yes,month_to_month,yes,electronic_check,89.25,89.25,0
2235,male,0,no,no,5,yes,no,no,no_internet_service,no_internet_service,no_internet_service,no_internet_service,no_internet_service,no_internet_service,month_to_month,no,mailed_check,20.25,109.8,0
2236,male,0,yes,no,11,yes,no,no,no_internet_service,no_internet_service,no_internet_service,no_internet_service,no_internet_service,no_internet_service,one_year,yes,mailed_check,20.55,184.95,0
2237,female,0,yes,yes,67,yes,yes,fiber_optic,no,yes,no,yes,yes,no,two_year,no,credit_card_(automatic),94.1,6302.8,0
2238,male,0,yes,no,27,yes,yes,dsl,yes,no,no,yes,yes,yes,one_year,no,mailed_check,80.85,2204.35,0
2239,male,0,yes,no,22,yes,no,dsl,yes,no,no,no,yes,no,one_year,yes,bank_transfer_(automatic),59.75,1374.35,0
2240,female,0,no,no,30,yes,no,no,no_internet_service,no_internet_service,no_internet_service,no_internet_service,no_internet_service,no_internet_service,two_year,no,credit_card_(automatic),19.4,578.5,0
2241,male,1,yes,no,65,yes,yes,fiber_optic,yes,yes,no,no,yes,no,two_year,yes,credit_card_(automatic),92.7,5968.4,0
2242,female,1,no,no,49,yes,yes,fiber_optic,yes,yes,yes,yes,no,yes,one_year,no,bank_transfer_(automatic),103.0,5166.2,0
2243,male,0,yes,yes,4,yes,no,no,no_internet_service,no_internet_service,no_internet_service,no_internet_service,no_internet_service,no_internet_service,two_year,no,credit_card_(automatic),19.55,68.8,0
2244,female,0,yes,yes,17,yes,yes,fiber_optic,no,no,no,no,no,yes,month_to_month,yes,electronic_check,85.45,1451.6,1
2245,male,0,yes,yes,18,yes,no,no,no_internet_service,no_internet_service,no_internet_service,no_internet_service,no_internet_service,no_internet_service,one_year,no,bank_transfer_(automatic),19.8,342.3,0
2246,male,0,no,no,1,yes,no,dsl,no,no,no,no,no,yes,month_to_month,yes,electronic_check,55.25,55.25,0
2247,female,0,yes,yes,71,yes,no,no,no_internet_service,no_internet_service,no_internet_service,no_internet_service,no_internet_service,no_internet_service,two_year,no,bank_transfer_(automatic),20.1,1389.6,0
2248,male,0,no,no,5,yes,yes,fiber_optic,no,no,no,no,no,no,month_to_month,yes,bank_transfer_(automatic),75.9,357.75,1
2249,female,0,no,no,35,yes,no,no,no_internet_service,no_internet_service,no_internet_service,no_internet_service,no_internet_service,no_internet_service,one_year,no,mailed_check,20.75,700.45,0
2250,male,0,no,no,43,no,no_phone_service,dsl,no,no,yes,yes,no,yes,one_year,no,electronic_check,44.15,1931.3,0
2251,male,1,yes,no,59,yes,yes,fiber_optic,no,no,no,no,yes,yes,month_to_month,yes,bank_transfer_(automatic),93.85,5574.75,1
2252,male,0,yes,yes,1,yes,no,fiber_optic,no,no,no,no,no,no,month_to_month,yes,mailed_check,69.9,69.9,1
2253,female,0,no,no,15,yes,no,dsl,no,yes,no,no,no,no,month_to_month,no,electronic_check,48.85,736.8,0
2254,male,0,no,no,51,yes,no,fiber_optic,yes,no,no,no,yes,no,one_year,no,mailed_check,86.35,4267.15,0
2255,female,0,yes,no,50,yes,yes,fiber_optic,yes,yes,no,yes,yes,yes,month_to_month,yes,bank_transfer_(automatic),109.65,5405.8,0
2256,female,0,yes,no,3,yes,yes,fiber_optic,no,no,no,no,yes,yes,month_to_month,yes,electronic_check,95.2,292.85,1
2257,female,0,yes,no,63,yes,yes,fiber_optic,no,no,no,yes,no,no,one_year,yes,credit_card_(automatic),81.2,4965.1,0
2258,female,0,yes,no,64,yes,yes,no,no_internet_service,no_internet_service,no_internet_service,no_internet_service,no_internet_service,no_internet_service,two_year,no,credit_card_(automatic),25.0,1584.8,0
2259,male,0,no,yes,27,yes,no,no,no_internet_service,no_internet_service,no_internet_service,no_internet_service,no_internet_service,no_internet_service,two_year,no,credit_card_(automatic),19.7,509.3,0
2260,female,0,yes,no,48,no,no_phone_service,dsl,no,yes,yes,no,no,no,one_year,no,mailed_check,34.7,1604.5,1
2261,male,0,yes,yes,5,yes,no,fiber_optic,yes,no,yes,no,no,yes,month_to_month,yes,mailed_check,90.35,434.5,0
2262,female,0,yes,no,7,yes,no,fiber_optic,no,no,no,no,no,no,month_to_month,yes,bank_transfer_(automatic),69.2,477.55,0
2263,male,0,no,no,1,yes,yes,dsl,no,no,no,no,yes,no,month_to_month,yes,electronic_check,59.85,59.85,1
2264,male,0,no,no,28,no,no_phone_service,dsl,no,no,no,yes,no,no,month_to_month,yes,credit_card_(automatic),30.1,810.85,0
2265,male,0,no,no,51,yes,yes,fiber_optic,no,yes,no,no,no,no,month_to_month,no,bank_transfer_(automatic),81.0,4085.75,0
2266,male,0,no,no,3,yes,no,dsl,no,yes,no,no,no,no,month_to_month,yes,mailed_check,49.9,130.1,1
2267,female,0,yes,yes,41,yes,no,dsl,yes,no,no,yes,yes,yes,one_year,yes,credit_card_(automatic),74.7,3187.65,0
2268,male,0,yes,yes,64,yes,yes,fiber_optic,no,no,yes,no,no,yes,one_year,no,credit_card_(automatic),90.25,5629.15,0
2269,male,0,yes,yes,66,yes,yes,no,no_internet_service,no_internet_service,no_internet_service,no_internet_service,no_internet_service,no_internet_service,two_year,yes,credit_card_(automatic),25.3,1672.35,0
2270,female,0,yes,yes,51,no,no_phone_service,dsl,yes,no,no,yes,no,no,two_year,no,bank_transfer_(automatic),34.2,1782.0,0
2271,female,0,yes,yes,69,yes,no,no,no_internet_service,no_internet_service,no_internet_service,no_internet_service,no_internet_service,no_internet_service,two_year,no,mailed_check,19.4,1346.2,0
2272,male,1,no,no,49,yes,yes,fiber_optic,no,no,no,no,yes,yes,month_to_month,yes,electronic_check,96.2,4718.25,1
2273,female,0,yes,no,68,yes,no,dsl,yes,no,no,yes,no,no,one_year,no,bank_transfer_(automatic),55.9,3848.8,0
2274,female,0,no,no,25,yes,no,dsl,no,yes,no,yes,no,yes,month_to_month,yes,bank_transfer_(automatic),65.8,1679.65,0
2275,female,1,no,no,43,yes,yes,fiber_optic,no,yes,no,no,yes,no,month_to_month,yes,electronic_check,90.25,3838.75,0
2276,male,0,yes,no,60,yes,no,dsl,yes,yes,no,yes,no,no,two_year,yes,mailed_check,61.35,3766.2,0
2277,male,1,no,yes,7,yes,no,dsl,no,no,no,no,no,no,month_to_month,yes,mailed_check,45.75,344.2,0
2278,female,1,no,no,2,yes,no,fiber_optic,no,no,no,no,no,no,month_to_month,yes,electronic_check,70.65,142.35,1
2279,female,0,no,no,13,no,no_phone_service,dsl,no,no,no,no,no,yes,month_to_month,yes,electronic_check,35.1,446.1,1
2280,male,0,no,no,1,yes,no,dsl,no,no,no,yes,no,no,month_to_month,yes,electronic_check,49.3,49.3,0
2281,male,0,no,no,9,yes,yes,fiber_optic,no,no,no,no,yes,no,month_to_month,yes,electronic_check,85.35,758.6,1
2282,male,0,no,no,1,yes,no,dsl,yes,no,no,yes,no,no,month_to_month,yes,electronic_check,53.95,53.95,1
2283,male,0,no,no,7,yes,no,fiber_optic,no,no,no,no,no,no,month_to_month,yes,electronic_check,69.55,521.35,0
2284,male,1,no,no,64,yes,yes,fiber_optic,no,no,yes,yes,yes,yes,one_year,no,electronic_check,102.1,6688.1,0
2285,male,0,yes,no,70,yes,yes,dsl,no,yes,yes,yes,yes,no,two_year,no,credit_card_(automatic),76.1,5264.25,0
2286,male,0,no,yes,62,yes,no,dsl,yes,yes,no,no,no,no,one_year,no,bank_transfer_(automatic),56.15,3487.95,0
2287,female,0,yes,yes,23,yes,yes,fiber_optic,no,no,no,no,yes,no,month_to_month,yes,electronic_check,83.75,1849.95,0
2288,female,0,no,no,29,yes,yes,dsl,no,yes,no,no,no,no,one_year,yes,electronic_check,55.25,1620.2,0
2289,female,0,no,no,7,yes,no,fiber_optic,no,no,yes,no,no,no,month_to_month,yes,electronic_check,75.15,525.0,0
2290,female,0,no,yes,34,yes,yes,fiber_optic,yes,yes,yes,yes,yes,yes,two_year,yes,credit_card_(automatic),116.15,3946.9,0
2291,male,0,no,no,3,yes,no,no,no_internet_service,no_internet_service,no_internet_service,no_internet_service,no_internet_service,no_internet_service,month_to_month,yes,mailed_check,19.65,68.35,0
2292,male,0,no,no,69,yes,yes,dsl,yes,yes,yes,yes,no,yes,two_year,yes,credit_card_(automatic),81.5,5553.25,0
2293,male,0,no,no,1,yes,no,no,no_internet_service,no_internet_service,no_internet_service,no_internet_service,no_internet_service,no_internet_service,month_to_month,no,mailed_check,21.1,21.1,0
2294,male,0,no,no,10,yes,no,dsl,no,no,no,no,no,yes,month_to_month,yes,bank_transfer_(automatic),56.75,503.25,0
2295,female,0,yes,no,19,yes,yes,fiber_optic,no,yes,no,no,no,yes,month_to_month,yes,electronic_check,89.1,1620.8,0
2296,female,0,no,no,30,yes,yes,dsl,yes,no,yes,no,yes,yes,one_year,yes,credit_card_(automatic),79.3,2427.1,0
2297,male,0,no,no,32,yes,yes,fiber_optic,no,no,no,no,no,yes,month_to_month,yes,bank_transfer_(automatic),85.65,2664.3,0
2298,female,0,no,no,12,yes,no,no,no_internet_service,no_internet_service,no_internet_service,no_internet_service,no_internet_service,no_internet_service,one_year,no,electronic_check,20.15,260.7,0
2299,female,0,no,no,55,yes,yes,fiber_optic,no,no,no,no,no,no,month_to_month,yes,electronic_check,73.1,4144.9,0
2300,male,0,yes,yes,47,yes,no,no,no_internet_service,no_internet_service,no_internet_service,no_internet_service,no_internet_service,no_internet_service,one_year,no,mailed_check,20.05,951.55,0
2301,male,1,yes,no,70,yes,yes,fiber_optic,no,yes,yes,no,yes,yes,one_year,yes,electronic_check,104.8,7308.95,0
2302,female,0,no,yes,22,yes,yes,fiber_optic,no,no,no,no,no,yes,month_to_month,yes,electronic_check,84.75,1816.75,0
2303,male,0,no,no,15,yes,yes,dsl,no,yes,no,yes,no,no,month_to_month,yes,credit_card_(automatic),58.6,939.7,1
2304,male,0,yes,yes,41,yes,yes,dsl,yes,yes,yes,no,yes,no,month_to_month,yes,credit_card_(automatic),74.55,3023.55,0
2305,male,1,yes,no,24,yes,no,fiber_optic,no,no,yes,no,yes,yes,month_to_month,yes,electronic_check,93.15,2231.05,1
2306,male,0,yes,yes,22,yes,no,dsl,yes,no,yes,yes,yes,no,one_year,yes,bank_transfer_(automatic),67.5,1544.05,1
2307,female,1,no,no,72,yes,yes,fiber_optic,yes,yes,yes,yes,yes,yes,two_year,yes,credit_card_(automatic),117.35,8436.25,0
2308,male,0,yes,yes,6,yes,yes,no,no_internet_service,no_internet_service,no_internet_service,no_internet_service,no_internet_service,no_internet_service,two_year,no,mailed_check,25.4,153.3,0
2309,female,0,no,no,62,yes,no,no,no_internet_service,no_internet_service,no_internet_service,no_internet_service,no_internet_service,no_internet_service,two_year,yes,credit_card_(automatic),19.2,1123.65,0
2310,male,0,yes,yes,68,yes,no,fiber_optic,yes,yes,yes,no,yes,yes,two_year,yes,credit_card_(automatic),103.25,7074.4,0
2311,female,1,no,no,54,yes,yes,fiber_optic,no,yes,no,no,no,no,month_to_month,yes,electronic_check,79.5,4370.25,1
2312,female,0,no,no,49,yes,no,dsl,no,no,yes,yes,yes,yes,two_year,yes,bank_transfer_(automatic),74.45,3721.9,0
2313,female,0,yes,yes,10,yes,yes,fiber_optic,no,no,no,no,no,yes,month_to_month,no,electronic_check,85.95,858.6,0
2314,female,0,yes,no,70,yes,yes,dsl,yes,yes,yes,yes,yes,yes,two_year,yes,credit_card_(automatic),94.8,6859.05,0
2315,male,0,no,no,13,yes,no,no,no_internet_service,no_internet_service,no_internet_service,no_internet_service,no_internet_service,no_internet_service,one_year,yes,mailed_check,19.95,257.0,0
2316,female,0,yes,yes,72,no,no_phone_service,dsl,yes,no,yes,no,yes,yes,two_year,yes,credit_card_(automatic),53.8,3952.45,0
2317,male,0,yes,yes,7,yes,no,no,no_internet_service,no_internet_service,no_internet_service,no_internet_service,no_internet_service,no_internet_service,month_to_month,no,mailed_check,20.25,144.35,0
2318,female,0,yes,yes,21,yes,no,dsl,no,yes,no,no,yes,no,one_year,yes,credit_card_(automatic),58.85,1215.45,0
2319,female,0,no,no,65,yes,yes,fiber_optic,no,yes,no,yes,yes,yes,one_year,yes,bank_transfer_(automatic),105.05,6744.25,0
2320,male,1,no,no,32,yes,yes,fiber_optic,no,no,no,no,yes,yes,month_to_month,yes,credit_card_(automatic),96.15,3019.25,1
2321,male,1,yes,no,57,yes,yes,fiber_optic,no,yes,no,no,no,yes,month_to_month,yes,electronic_check,89.85,4925.35,0
2322,male,0,no,no,10,yes,no,no,no_internet_service,no_internet_service,no_internet_service,no_internet_service,no_internet_service,no_internet_service,month_to_month,yes,mailed_check,19.85,193.05,0
2323,male,0,yes,yes,34,no,no_phone_service,dsl,no,no,no,yes,yes,no,two_year,yes,electronic_check,40.55,1325.85,0
2324,male,0,no,no,38,yes,yes,fiber_optic,no,yes,yes,no,no,yes,month_to_month,yes,credit_card_(automatic),95.1,3691.2,0
2325,male,0,no,no,49,no,no_phone_service,dsl,no,no,yes,no,no,no,month_to_month,yes,bank_transfer_(automatic),30.2,1453.1,0
2326,male,0,no,no,28,yes,yes,fiber_optic,no,yes,yes,no,yes,yes,month_to_month,yes,electronic_check,105.7,2979.5,1
2327,female,0,yes,no,2,yes,yes,fiber_optic,no,no,yes,yes,yes,yes,month_to_month,yes,electronic_check,104.4,242.8,1
2328,male,0,no,no,39,yes,no,dsl,no,no,no,yes,no,no,two_year,yes,bank_transfer_(automatic),49.8,1971.15,0
2329,male,0,yes,no,46,yes,no,dsl,yes,yes,yes,yes,no,no,two_year,no,mailed_check,65.65,3047.15,0
2330,male,0,yes,no,24,yes,no,dsl,yes,no,no,yes,yes,yes,one_year,no,bank_transfer_(automatic),74.4,1712.9,0
2331,female,0,no,no,56,yes,yes,fiber_optic,no,yes,yes,no,yes,yes,one_year,yes,electronic_check,106.8,5914.4,0
2332,female,0,yes,yes,72,yes,yes,fiber_optic,yes,yes,yes,yes,yes,no,two_year,no,credit_card_(automatic),106.1,7657.4,0
2333,female,0,no,no,37,yes,no,dsl,no,no,no,no,yes,yes,month_to_month,yes,electronic_check,64.75,2345.2,1
2334,male,0,yes,no,28,yes,no,fiber_optic,no,no,no,yes,no,no,month_to_month,no,bank_transfer_(automatic),76.55,2065.4,0
2335,male,0,yes,no,61,yes,yes,dsl,no,yes,yes,no,yes,yes,one_year,yes,electronic_check,79.8,4914.8,0
2336,female,0,no,no,41,yes,yes,no,no_internet_service,no_internet_service,no_internet_service,no_internet_service,no_internet_service,no_internet_service,one_year,yes,mailed_check,24.85,962.25,0
2337,female,0,yes,no,11,yes,yes,fiber_optic,no,no,yes,no,yes,yes,month_to_month,yes,electronic_check,99.5,1056.95,1
2338,female,1,no,no,22,yes,no,no,no_internet_service,no_internet_service,no_internet_service,no_internet_service,no_internet_service,no_internet_service,one_year,yes,mailed_check,20.05,417.0,0
2339,male,0,no,no,71,yes,yes,no,no_internet_service,no_internet_service,no_internet_service,no_internet_service,no_internet_service,no_internet_service,two_year,no,bank_transfer_(automatic),25.55,1898.1,0
2340,female,0,yes,yes,67,no,no_phone_service,dsl,yes,yes,yes,yes,yes,no,two_year,no,credit_card_(automatic),54.2,3623.95,0
2341,male,0,yes,no,37,yes,yes,fiber_optic,no,no,yes,yes,yes,no,two_year,no,mailed_check,94.3,3460.95,0
2342,female,1,no,no,72,yes,yes,fiber_optic,yes,yes,no,yes,yes,yes,two_year,yes,bank_transfer_(automatic),110.1,7746.7,0
2343,female,0,yes,yes,55,yes,no,no,no_internet_service,no_internet_service,no_internet_service,no_internet_service,no_internet_service,no_internet_service,two_year,no,mailed_check,21.0,1210.3,0
2344,male,1,no,no,54,no,no_phone_service,dsl,no,yes,yes,no,yes,yes,one_year,yes,electronic_check,55.45,2966.95,0
2345,female,0,yes,no,59,yes,yes,fiber_optic,no,no,yes,yes,yes,no,month_to_month,no,electronic_check,93.35,5386.5,0
2346,female,0,yes,no,37,yes,yes,fiber_optic,yes,no,yes,yes,no,yes,one_year,yes,electronic_check,99.2,3754.6,1
2347,female,0,no,no,3,yes,no,no,no_internet_service,no_internet_service,no_internet_service,no_internet_service,no_internet_service,no_internet_service,month_to_month,yes,mailed_check,19.6,59.75,1
2348,female,1,no,no,18,yes,yes,fiber_optic,no,yes,no,yes,yes,yes,month_to_month,yes,credit_card_(automatic),103.6,1806.35,0
2349,male,0,no,no,44,yes,no,fiber_optic,yes,yes,yes,no,yes,yes,one_year,yes,electronic_check,106.05,4510.8,0
2350,female,0,no,no,1,yes,no,dsl,no,no,no,yes,no,no,month_to_month,yes,electronic_check,52.2,52.2,1
2351,male,0,yes,yes,9,yes,yes,fiber_optic,no,no,yes,no,no,no,month_to_month,yes,bank_transfer_(automatic),79.35,661.25,1
2352,female,0,no,no,17,yes,yes,fiber_optic,no,no,yes,no,no,no,month_to_month,no,bank_transfer_(automatic),80.05,1345.65,0
2353,female,0,no,no,33,yes,yes,fiber_optic,no,yes,yes,no,yes,yes,month_to_month,no,electronic_check,107.55,3645.5,0
2354,female,0,no,no,1,yes,no,no,no_internet_service,no_internet_service,no_internet_service,no_internet_service,no_internet_service,no_internet_service,month_to_month,no,mailed_check,19.55,19.55,0
2355,male,0,yes,yes,67,yes,yes,no,no_internet_service,no_internet_service,no_internet_service,no_internet_service,no_internet_service,no_internet_service,two_year,no,bank_transfer_(automatic),24.65,1620.45,0
2356,male,0,yes,yes,37,yes,no,dsl,yes,no,yes,yes,no,no,one_year,yes,mailed_check,58.75,2203.1,0
2357,male,1,yes,no,29,yes,yes,dsl,no,no,no,no,no,no,month_to_month,yes,electronic_check,51.6,1442.0,0
2358,female,0,yes,yes,40,yes,yes,fiber_optic,no,no,yes,yes,no,no,month_to_month,yes,electronic_check,84.85,3303.05,1
2359,female,0,no,no,7,yes,yes,fiber_optic,yes,no,no,no,no,no,month_to_month,yes,mailed_check,79.65,604.7,1
2360,male,0,yes,no,42,yes,yes,fiber_optic,no,yes,yes,yes,no,yes,month_to_month,yes,electronic_check,99.45,4138.05,1
2361,male,1,yes,no,72,yes,yes,fiber_optic,no,yes,yes,yes,yes,yes,two_year,yes,bank_transfer_(automatic),111.65,8022.85,0
2362,female,0,no,no,54,yes,yes,fiber_optic,no,yes,yes,yes,yes,yes,month_to_month,no,electronic_check,111.1,6014.85,1
2363,female,0,yes,no,1,yes,no,dsl,no,no,no,no,yes,no,month_to_month,yes,mailed_check,55.3,55.3,0
2364,female,0,yes,yes,49,no,no_phone_service,dsl,yes,no,no,yes,no,no,one_year,yes,credit_card_(automatic),35.8,1782.0,0
2365,female,1,yes,no,20,yes,yes,fiber_optic,no,no,yes,no,yes,no,month_to_month,no,electronic_check,90.8,1951.0,1
2366,male,0,no,no,1,yes,no,no,no_internet_service,no_internet_service,no_internet_service,no_internet_service,no_internet_service,no_internet_service,month_to_month,no,mailed_check,19.95,19.95,0
2367,female,0,yes,yes,37,yes,no,dsl,yes,yes,no,no,yes,yes,one_year,no,bank_transfer_(automatic),75.1,2658.8,0
2368,male,0,yes,no,9,yes,no,fiber_optic,no,yes,yes,yes,yes,no,month_to_month,yes,mailed_check,94.85,890.6,1
2369,male,0,no,no,1,yes,no,fiber_optic,no,no,no,no,no,no,month_to_month,yes,electronic_check,70.3,70.3,1
2370,female,0,yes,no,49,no,no_phone_service,dsl,no,yes,no,yes,yes,yes,one_year,yes,credit_card_(automatic),56.3,2780.6,0
2371,male,0,yes,no,16,yes,yes,fiber_optic,no,no,no,no,no,no,month_to_month,yes,bank_transfer_(automatic),73.85,1284.2,1
2372,female,0,no,no,13,yes,yes,fiber_optic,yes,no,no,no,no,no,month_to_month,yes,credit_card_(automatic),80.0,1029.35,0
2373,female,0,no,no,1,yes,no,dsl,no,no,yes,no,no,no,month_to_month,yes,mailed_check,50.45,50.45,1
2374,male,1,no,no,39,yes,yes,fiber_optic,no,yes,no,no,no,yes,month_to_month,no,electronic_check,90.7,3413.25,0
2375,male,0,no,no,18,yes,yes,dsl,yes,no,yes,no,yes,no,month_to_month,no,mailed_check,69.5,1199.4,0
2376,male,0,no,no,55,yes,yes,fiber_optic,no,no,no,no,yes,yes,month_to_month,yes,electronic_check,96.8,5283.95,1
2377,male,0,no,no,36,yes,no,no,no_internet_service,no_internet_service,no_internet_service,no_internet_service,no_internet_service,no_internet_service,one_year,yes,credit_card_(automatic),20.35,695.85,0
2378,female,1,no,no,5,yes,no,dsl,yes,yes,no,yes,no,no,month_to_month,no,credit_card_(automatic),59.9,287.85,0
2379,female,0,yes,yes,52,yes,no,no,no_internet_service,no_internet_service,no_internet_service,no_internet_service,no_internet_service,no_internet_service,two_year,no,mailed_check,19.85,1070.5,0
2380,male,1,yes,no,51,yes,yes,fiber_optic,yes,no,yes,no,yes,no,month_to_month,yes,bank_transfer_(automatic),93.8,4750.95,1
2381,female,0,yes,yes,22,yes,no,dsl,no,yes,no,no,yes,yes,one_year,yes,bank_transfer_(automatic),69.5,1498.2,1
2382,male,0,no,no,50,no,no_phone_service,dsl,yes,no,no,yes,no,no,one_year,yes,mailed_check,35.4,1748.9,0
2383,male,0,yes,no,4,yes,no,fiber_optic,no,no,no,no,yes,no,month_to_month,yes,electronic_check,80.35,307.4,1
2384,female,0,no,no,1,yes,yes,fiber_optic,no,no,yes,no,no,no,month_to_month,yes,mailed_check,79.55,79.55,1
2385,male,0,no,no,15,no,no_phone_service,dsl,no,no,no,yes,no,no,month_to_month,yes,electronic_check,29.7,438.25,1
2386,male,0,no,no,32,yes,yes,fiber_optic,yes,yes,no,yes,yes,yes,month_to_month,yes,credit_card_(automatic),108.15,3432.9,1
2387,female,1,no,no,56,yes,yes,fiber_optic,yes,yes,yes,no,yes,yes,one_year,no,electronic_check,110.5,6139.5,0
2388,male,0,no,no,37,yes,no,no,no_internet_service,no_internet_service,no_internet_service,no_internet_service,no_internet_service,no_internet_service,one_year,no,credit_card_(automatic),20.15,785.75,0
2389,male,0,yes,yes,60,yes,no,fiber_optic,no,yes,yes,no,yes,no,one_year,no,electronic_check,90.95,5453.4,1
2390,female,0,no,no,6,no,no_phone_service,dsl,no,no,no,yes,yes,yes,one_year,yes,mailed_check,49.25,255.6,0
2391,male,1,yes,no,33,yes,yes,fiber_optic,no,yes,no,no,yes,yes,month_to_month,yes,bank_transfer_(automatic),100.6,3270.25,0
2392,male,0,yes,yes,52,yes,yes,no,no_internet_service,no_internet_service,no_internet_service,no_internet_service,no_internet_service,no_internet_service,two_year,no,mailed_check,25.75,1345.85,0
2393,female,0,no,no,7,yes,yes,fiber_optic,no,no,no,no,no,no,month_to_month,yes,electronic_check,74.9,541.15,1
2394,male,0,no,no,46,no,no_phone_service,dsl,yes,no,yes,yes,yes,yes,two_year,yes,bank_transfer_(automatic),60.75,2893.4,0
2395,male,0,yes,no,31,yes,yes,fiber_optic,no,no,yes,no,yes,no,month_to_month,no,credit_card_(automatic),88.65,2683.2,0
2396,female,0,yes,yes,51,yes,yes,fiber_optic,yes,no,no,yes,yes,no,one_year,yes,mailed_check,95.15,5000.05,0
2397,male,0,no,no,9,yes,no,no,no_internet_service,no_internet_service,no_internet_service,no_internet_service,no_internet_service,no_internet_service,month_to_month,no,mailed_check,19.85,178.8,0
2398,female,0,yes,yes,67,yes,yes,no,no_internet_service,no_internet_service,no_internet_service,no_internet_service,no_internet_service,no_internet_service,two_year,yes,mailed_check,24.9,1680.25,0
2399,male,0,no,no,20,yes,yes,fiber_optic,no,no,yes,no,yes,no,month_to_month,yes,credit_card_(automatic),90.7,1781.35,0
2400,male,1,no,no,64,yes,no,no,no_internet_service,no_internet_service,no_internet_service,no_internet_service,no_internet_service,no_internet_service,two_year,yes,bank_transfer_(automatic),20.05,1198.05,0
2401,female,0,yes,no,26,yes,no,dsl,no,yes,no,yes,yes,yes,month_to_month,yes,electronic_check,73.05,1959.5,0
2402,male,0,no,no,1,yes,no,fiber_optic,no,no,no,no,no,no,month_to_month,yes,electronic_check,70.35,70.35,0
2403,female,1,yes,no,3,yes,no,fiber_optic,no,yes,no,no,no,no,month_to_month,yes,bank_transfer_(automatic),74.6,239.05,0
2404,male,1,no,no,35,yes,yes,fiber_optic,no,no,yes,no,yes,yes,month_to_month,yes,electronic_check,99.05,3395.8,1
2405,female,0,yes,no,28,yes,yes,no,no_internet_service,no_internet_service,no_internet_service,no_internet_service,no_internet_service,no_internet_service,one_year,no,mailed_check,25.55,672.2,0
2406,male,0,yes,yes,54,no,no_phone_service,dsl,no,no,yes,yes,no,yes,two_year,no,credit_card_(automatic),46.0,2424.05,0
2407,male,0,no,no,1,yes,no,fiber_optic,no,no,no,no,yes,yes,month_to_month,yes,electronic_check,89.9,89.9,1
2408,female,0,yes,no,65,yes,no,no,no_internet_service,no_internet_service,no_internet_service,no_internet_service,no_internet_service,no_internet_service,two_year,no,bank_transfer_(automatic),19.35,1319.95,0
2409,male,0,yes,no,33,yes,no,fiber_optic,no,no,no,no,yes,yes,month_to_month,no,electronic_check,91.25,2964.05,0
2410,female,1,no,no,17,yes,no,no,no_internet_service,no_internet_service,no_internet_service,no_internet_service,no_internet_service,no_internet_service,one_year,no,mailed_check,20.65,330.6,0
2411,male,0,no,no,4,yes,yes,fiber_optic,no,yes,no,no,no,yes,month_to_month,yes,electronic_check,90.05,368.1,1
2412,female,0,yes,yes,61,yes,yes,fiber_optic,no,yes,no,no,yes,yes,month_to_month,yes,electronic_check,99.15,6010.05,1
2413,female,0,yes,no,55,yes,yes,dsl,yes,yes,no,yes,no,no,one_year,yes,credit_card_(automatic),66.05,3462.1,0
2414,male,0,no,no,5,yes,no,no,no_internet_service,no_internet_service,no_internet_service,no_internet_service,no_internet_service,no_internet_service,month_to_month,no,mailed_check,19.95,107.05,0
2415,male,0,no,no,3,yes,yes,fiber_optic,no,no,no,no,no,no,month_to_month,yes,electronic_check,74.4,229.55,1
2416,male,0,yes,no,48,yes,yes,fiber_optic,yes,yes,yes,no,yes,no,two_year,yes,bank_transfer_(automatic),96.9,4473.45,0
2417,male,0,no,no,12,yes,yes,no,no_internet_service,no_internet_service,no_internet_service,no_internet_service,no_internet_service,no_internet_service,month_to_month,no,electronic_check,25.0,316.2,0
2418,male,0,no,no,24,no,no_phone_service,dsl,yes,no,no,no,yes,yes,one_year,yes,mailed_check,50.6,1288.75,0
2419,male,0,no,no,4,no,no_phone_service,dsl,yes,yes,no,yes,no,no,month_to_month,no,mailed_check,42.4,146.4,0
2420,male,0,yes,yes,2,yes,no,fiber_optic,yes,no,no,no,yes,yes,month_to_month,no,electronic_check,97.1,184.15,0
2421,female,0,no,no,1,yes,no,dsl,no,no,no,no,no,no,month_to_month,no,mailed_check,45.95,45.95,1
2422,male,1,yes,no,57,yes,yes,dsl,no,yes,yes,no,yes,no,one_year,yes,credit_card_(automatic),71.1,4140.1,0
2423,male,0,yes,yes,60,yes,no,dsl,yes,yes,no,yes,yes,yes,month_to_month,yes,credit_card_(automatic),79.05,4663.4,0
2424,male,0,no,no,4,yes,yes,dsl,no,no,no,no,no,no,month_to_month,no,mailed_check,50.4,206.6,1
2425,male,0,no,no,6,yes,no,dsl,yes,yes,no,no,no,no,month_to_month,yes,bank_transfer_(automatic),55.7,335.65,0
2426,male,0,no,no,51,yes,yes,dsl,yes,no,no,yes,no,no,one_year,no,credit_card_(automatic),59.9,3043.6,0
2427,female,0,yes,yes,12,no,no_phone_service,dsl,yes,no,no,yes,no,no,one_year,no,credit_card_(automatic),33.15,444.75,0
2428,male,0,yes,no,56,yes,yes,fiber_optic,no,yes,no,no,yes,yes,one_year,no,credit_card_(automatic),100.3,5614.45,1
2429,female,0,no,yes,1,yes,no,dsl,no,no,no,no,no,no,month_to_month,no,mailed_check,45.95,45.95,1
2430,male,0,no,no,10,yes,no,dsl,no,yes,no,no,yes,no,month_to_month,yes,mailed_check,59.65,638.95,0
2431,female,0,no,no,69,yes,yes,dsl,yes,no,yes,yes,yes,yes,two_year,yes,credit_card_(automatic),85.35,5897.4,0
2432,female,0,yes,no,71,yes,yes,dsl,no,yes,yes,yes,yes,yes,two_year,yes,credit_card_(automatic),83.3,5894.5,0
2433,male,0,yes,yes,65,yes,no,no,no_internet_service,no_internet_service,no_internet_service,no_internet_service,no_internet_service,no_internet_service,two_year,yes,credit_card_(automatic),19.85,1267.05,0
2434,male,0,yes,yes,16,yes,yes,dsl,yes,yes,no,yes,yes,yes,month_to_month,no,electronic_check,84.9,1398.25,0
2435,female,0,yes,yes,28,yes,yes,fiber_optic,no,no,no,yes,no,yes,one_year,yes,electronic_check,90.45,2509.25,0
2436,female,0,yes,yes,6,yes,no,no,no_internet_service,no_internet_service,no_internet_service,no_internet_service,no_internet_service,no_internet_service,month_to_month,no,mailed_check,19.7,113.5,0
2437,male,1,yes,yes,35,yes,no,dsl,no,yes,no,yes,yes,yes,month_to_month,yes,electronic_check,76.05,2747.2,0
2438,female,0,no,no,59,yes,no,fiber_optic,no,no,yes,no,yes,yes,two_year,no,electronic_check,95.8,5655.45,0
2439,female,0,yes,no,11,yes,yes,fiber_optic,no,yes,no,no,yes,yes,month_to_month,yes,electronic_check,102.0,1145.35,1
2440,male,0,yes,yes,65,yes,yes,dsl,yes,yes,yes,no,no,yes,one_year,no,credit_card_(automatic),72.45,4653.85,1
2441,female,0,no,no,1,no,no_phone_service,dsl,no,no,no,no,no,no,month_to_month,yes,mailed_check,25.1,25.1,1
2442,male,0,yes,yes,54,yes,yes,dsl,no,yes,no,yes,yes,no,one_year,yes,electronic_check,70.7,3770.0,0
2443,male,0,no,no,14,no,no_phone_service,dsl,no,no,yes,yes,yes,yes,month_to_month,yes,electronic_check,55.0,771.95,0
2444,male,0,yes,yes,58,yes,yes,fiber_optic,no,yes,no,yes,yes,no,one_year,yes,credit_card_(automatic),94.7,5430.35,0
2445,female,0,no,no,29,no,no_phone_service,dsl,no,no,no,no,no,no,month_to_month,yes,credit_card_(automatic),25.1,712.85,1
2446,male,0,no,no,17,yes,no,dsl,no,no,no,yes,no,no,month_to_month,no,mailed_check,51.5,900.5,1
2447,female,0,no,no,1,yes,no,no,no_internet_service,no_internet_service,no_internet_service,no_internet_service,no_internet_service,no_internet_service,month_to_month,yes,mailed_check,20.25,20.25,1
2448,female,0,yes,yes,23,yes,yes,dsl,no,yes,no,yes,yes,no,month_to_month,yes,credit_card_(automatic),69.5,1652.1,0
2449,male,0,no,no,29,yes,no,dsl,no,no,yes,yes,yes,yes,one_year,yes,bank_transfer_(automatic),75.35,2243.9,0
2450,female,0,yes,yes,69,no,no_phone_service,dsl,yes,no,yes,no,no,yes,two_year,yes,credit_card_(automatic),43.95,2960.1,0
2451,male,1,yes,yes,72,no,no_phone_service,dsl,yes,yes,yes,yes,yes,yes,two_year,yes,bank_transfer_(automatic),64.8,4732.35,0
2452,male,0,yes,yes,54,yes,yes,fiber_optic,no,yes,no,yes,yes,yes,one_year,yes,electronic_check,105.2,5637.85,0
2453,male,1,yes,no,67,yes,no,dsl,yes,yes,no,yes,no,no,one_year,yes,bank_transfer_(automatic),60.95,4119.4,0
2454,male,0,yes,yes,8,yes,no,dsl,no,no,no,no,yes,no,month_to_month,yes,electronic_check,54.4,475.1,0
2455,female,1,yes,no,70,yes,yes,dsl,yes,yes,yes,yes,yes,yes,two_year,yes,bank_transfer_(automatic),92.2,6474.45,0
2456,male,0,no,yes,5,yes,no,no,no_internet_service,no_internet_service,no_internet_service,no_internet_service,no_internet_service,no_internet_service,two_year,no,mailed_check,20.45,106.9,0
2457,male,0,yes,yes,52,yes,yes,no,no_internet_service,no_internet_service,no_internet_service,no_internet_service,no_internet_service,no_internet_service,two_year,no,mailed_check,24.55,1331.05,0
2458,female,1,yes,no,17,yes,yes,fiber_optic,no,no,no,no,yes,yes,month_to_month,yes,electronic_check,92.55,1614.7,0
2459,male,0,yes,yes,43,yes,no,no,no_internet_service,no_internet_service,no_internet_service,no_internet_service,no_internet_service,no_internet_service,one_year,yes,mailed_check,19.2,776.25,0
2460,female,1,no,no,57,yes,yes,fiber_optic,yes,no,yes,yes,no,yes,two_year,no,credit_card_(automatic),101.3,5779.6,0
2461,male,0,yes,no,60,yes,yes,no,no_internet_service,no_internet_service,no_internet_service,no_internet_service,no_internet_service,no_internet_service,one_year,no,bank_transfer_(automatic),24.15,1505.9,0
2462,male,0,no,no,32,yes,no,no,no_internet_service,no_internet_service,no_internet_service,no_internet_service,no_internet_service,no_internet_service,one_year,no,credit_card_(automatic),20.35,707.5,0
2463,male,0,no,no,1,yes,no,fiber_optic,no,no,no,no,no,yes,month_to_month,no,electronic_check,79.9,79.9,1
2464,male,0,yes,no,3,no,no_phone_service,dsl,no,no,no,yes,no,no,month_to_month,yes,electronic_check,29.9,92.25,0
2465,male,0,no,no,2,yes,no,dsl,no,no,no,no,no,no,month_to_month,no,bank_transfer_(automatic),46.05,80.35,1
2466,female,0,yes,no,17,yes,no,no,no_internet_service,no_internet_service,no_internet_service,no_internet_service,no_internet_service,no_internet_service,one_year,no,mailed_check,19.35,307.0,0
2467,female,1,yes,no,67,yes,no,no,no_internet_service,no_internet_service,no_internet_service,no_internet_service,no_internet_service,no_internet_service,two_year,yes,bank_transfer_(automatic),20.05,1263.05,0
2468,female,0,yes,yes,16,yes,no,no,no_internet_service,no_internet_service,no_internet_service,no_internet_service,no_internet_service,no_internet_service,two_year,no,mailed_check,19.7,301.55,0
2469,male,0,no,no,32,yes,no,fiber_optic,no,no,no,no,yes,yes,month_to_month,no,electronic_check,91.05,2871.5,0
2470,female,0,no,no,41,yes,no,no,no_internet_service,no_internet_service,no_internet_service,no_internet_service,no_internet_service,no_internet_service,two_year,yes,mailed_check,19.85,810.45,0
2471,male,0,no,no,7,yes,no,fiber_optic,no,yes,no,no,yes,yes,month_to_month,yes,electronic_check,94.25,669.0,1
2472,male,0,no,no,59,yes,yes,no,no_internet_service,no_internet_service,no_internet_service,no_internet_service,no_internet_service,no_internet_service,two_year,no,mailed_check,25.0,1510.5,0
2473,female,0,yes,yes,62,yes,yes,dsl,no,no,no,no,yes,yes,month_to_month,yes,credit_card_(automatic),70.45,4300.45,0
2474,male,1,yes,no,35,yes,yes,fiber_optic,no,no,yes,no,yes,yes,month_to_month,yes,electronic_check,100.8,3437.5,0
2475,female,0,yes,yes,52,yes,yes,fiber_optic,yes,yes,yes,no,no,yes,month_to_month,no,bank_transfer_(automatic),98.15,4993.4,0
2476,male,0,yes,yes,35,yes,no,no,no_internet_service,no_internet_service,no_internet_service,no_internet_service,no_internet_service,no_internet_service,two_year,no,mailed_check,19.6,686.95,0
2477,male,0,no,no,29,yes,no,fiber_optic,no,yes,no,yes,yes,no,month_to_month,no,mailed_check,89.65,2623.65,0
2478,female,0,yes,no,54,yes,yes,fiber_optic,yes,yes,yes,yes,yes,yes,one_year,yes,mailed_check,114.65,6049.5,0
2479,female,0,yes,yes,67,yes,yes,dsl,yes,no,no,no,yes,yes,two_year,yes,electronic_check,75.5,5229.45,0
2480,male,0,yes,yes,71,yes,no,fiber_optic,yes,yes,yes,yes,yes,no,two_year,no,credit_card_(automatic),100.2,7209.0,0
2481,male,0,no,no,35,no,no_phone_service,dsl,no,no,yes,no,yes,yes,month_to_month,no,electronic_check,49.2,1701.65,0
2482,male,0,yes,yes,64,yes,yes,fiber_optic,no,yes,yes,yes,yes,yes,two_year,yes,credit_card_(automatic),109.2,6741.15,0
2483,male,1,yes,yes,11,yes,yes,fiber_optic,no,no,no,no,no,no,month_to_month,yes,credit_card_(automatic),75.2,775.3,0
2484,female,0,yes,yes,13,yes,no,dsl,yes,no,no,yes,no,no,one_year,no,bank_transfer_(automatic),54.15,701.05,0
2485,female,0,yes,yes,33,yes,no,dsl,yes,yes,yes,no,no,no,one_year,yes,mailed_check,58.45,1955.4,0
2486,male,1,no,no,1,yes,no,dsl,no,no,no,no,no,no,month_to_month,no,electronic_check,44.0,44.0,0
2487,male,0,yes,yes,55,yes,no,dsl,yes,yes,no,yes,no,no,two_year,no,bank_transfer_(automatic),57.55,3046.4,1
2488,male,0,no,no,31,yes,no,no,no_internet_service,no_internet_service,no_internet_service,no_internet_service,no_internet_service,no_internet_service,two_year,no,mailed_check,20.45,638.55,0
2489,male,0,no,yes,2,yes,no,dsl,no,no,no,no,no,yes,month_to_month,yes,electronic_check,55.3,108.65,0
2490,male,1,yes,no,32,yes,yes,fiber_optic,no,yes,yes,no,yes,yes,month_to_month,no,bank_transfer_(automatic),106.35,3520.75,1
2491,male,1,yes,no,2,yes,no,fiber_optic,no,no,yes,no,no,no,month_to_month,yes,electronic_check,74.2,140.1,0
2492,female,0,yes,yes,11,yes,no,no,no_internet_service,no_internet_service,no_internet_service,no_internet_service,no_internet_service,no_internet_service,one_year,yes,mailed_check,20.0,196.35,0
2493,male,0,no,yes,39,yes,yes,no,no_internet_service,no_internet_service,no_internet_service,no_internet_service,no_internet_service,no_internet_service,one_year,no,bank_transfer_(automatic),25.45,958.45,0
2494,male,0,no,no,53,yes,no,dsl,no,no,yes,no,no,yes,one_year,yes,electronic_check,61.1,3357.9,0
2495,female,0,no,no,70,no,no_phone_service,dsl,yes,no,yes,yes,yes,yes,two_year,yes,bank_transfer_(automatic),58.35,4214.25,0
2496,female,0,yes,no,56,yes,yes,no,no_internet_service,no_internet_service,no_internet_service,no_internet_service,no_internet_service,no_internet_service,one_year,no,electronic_check,24.3,1261.7,0
2497,female,0,no,no,2,yes,no,no,no_internet_service,no_internet_service,no_internet_service,no_internet_service,no_internet_service,no_internet_service,month_to_month,no,mailed_check,19.3,44.4,0
2498,male,1,yes,no,50,yes,yes,fiber_optic,yes,no,yes,no,yes,yes,two_year,yes,credit_card_(automatic),105.05,5163.3,0
2499,female,0,yes,no,68,yes,yes,fiber_optic,no,yes,yes,no,no,no,one_year,no,credit_card_(automatic),86.45,5762.95,0
2500,male,0,yes,no,72,yes,yes,dsl,yes,yes,yes,yes,yes,yes,two_year,yes,bank_transfer_(automatic),89.05,6254.45,0
2501,female,0,no,yes,31,yes,no,no,no_internet_service,no_internet_service,no_internet_service,no_internet_service,no_internet_service,no_internet_service,one_year,no,credit_card_(automatic),20.1,589.25,0
2502,male,0,yes,yes,17,no,no_phone_service,dsl,yes,no,yes,no,yes,no,one_year,no,credit_card_(automatic),44.45,792.15,0
2503,female,0,no,no,2,yes,no,fiber_optic,no,no,no,no,yes,no,month_to_month,yes,electronic_check,80.65,144.15,1
2504,male,1,yes,no,57,yes,yes,fiber_optic,no,yes,yes,no,no,yes,month_to_month,yes,bank_transfer_(automatic),95.25,5427.05,1
2505,female,0,yes,yes,32,yes,yes,fiber_optic,no,yes,no,no,yes,yes,month_to_month,yes,electronic_check,98.85,3089.6,0
2506,male,0,yes,yes,58,yes,yes,fiber_optic,no,no,yes,yes,yes,yes,one_year,yes,bank_transfer_(automatic),105.05,6004.85,0
2507,female,0,no,no,34,yes,no,fiber_optic,no,yes,no,no,no,no,month_to_month,yes,credit_card_(automatic),73.95,2524.45,1
2508,female,0,yes,yes,14,yes,yes,fiber_optic,no,no,no,no,yes,no,month_to_month,yes,electronic_check,84.8,1203.9,0
2509,female,0,no,no,48,yes,yes,dsl,no,yes,yes,yes,yes,no,one_year,yes,bank_transfer_(automatic),73.85,3581.4,0
2510,female,0,no,no,1,yes,no,no,no_internet_service,no_internet_service,no_internet_service,no_internet_service,no_internet_service,no_internet_service,month_to_month,yes,mailed_check,19.6,19.6,1
2511,male,0,yes,yes,70,yes,yes,dsl,yes,yes,yes,yes,yes,no,two_year,yes,bank_transfer_(automatic),79.25,5731.85,0
2512,male,0,yes,yes,48,yes,yes,fiber_optic,yes,yes,yes,yes,yes,yes,two_year,no,credit_card_(automatic),111.8,5443.65,0
2513,female,1,yes,no,1,no,no_phone_service,dsl,no,no,no,no,no,no,month_to_month,yes,electronic_check,24.8,24.8,1
2514,male,0,yes,no,47,yes,yes,fiber_optic,no,yes,yes,no,yes,yes,month_to_month,yes,electronic_check,104.1,5135.15,0
2515,male,1,yes,no,69,yes,yes,fiber_optic,yes,no,yes,yes,yes,yes,one_year,yes,mailed_check,110.55,7610.1,0
2516,male,0,yes,yes,34,yes,no,no,no_internet_service,no_internet_service,no_internet_service,no_internet_service,no_internet_service,no_internet_service,one_year,no,credit_card_(automatic),19.6,678.8,0
2517,female,0,yes,yes,71,yes,yes,dsl,yes,yes,yes,yes,no,no,two_year,no,mailed_check,71.1,5224.95,0
2518,male,0,no,no,1,yes,no,dsl,no,no,yes,no,no,no,month_to_month,yes,electronic_check,50.5,50.5,1
2519,female,1,no,no,5,yes,no,fiber_optic,no,no,yes,no,no,no,month_to_month,yes,credit_card_(automatic),75.55,349.65,1
2520,male,0,no,no,72,yes,yes,fiber_optic,yes,yes,yes,yes,yes,yes,two_year,no,bank_transfer_(automatic),113.4,8164.1,0
2521,male,0,no,no,16,yes,no,no,no_internet_service,no_internet_service,no_internet_service,no_internet_service,no_internet_service,no_internet_service,month_to_month,no,bank_transfer_(automatic),20.25,327.45,1
2522,male,0,yes,no,18,yes,yes,fiber_optic,no,no,no,no,no,no,month_to_month,yes,electronic_check,73.15,1305.95,0
2523,male,0,yes,no,5,no,no_phone_service,dsl,no,no,no,no,no,no,month_to_month,yes,electronic_check,24.95,100.4,1
2524,female,0,no,no,4,yes,yes,fiber_optic,no,no,no,no,yes,no,month_to_month,yes,electronic_check,85.65,321.65,1
2525,female,0,yes,no,3,yes,yes,fiber_optic,no,no,no,no,no,no,month_to_month,yes,credit_card_(automatic),75.15,216.75,1
2526,male,0,yes,yes,46,yes,no,no,no_internet_service,no_internet_service,no_internet_service,no_internet_service,no_internet_service,no_internet_service,one_year,yes,bank_transfer_(automatic),20.2,845.6,0
2527,female,0,no,no,69,yes,yes,no,no_internet_service,no_internet_service,no_internet_service,no_internet_service,no_internet_service,no_internet_service,two_year,no,credit_card_(automatic),24.6,1678.05,0
2528,female,1,yes,no,42,yes,yes,fiber_optic,yes,no,yes,no,yes,yes,one_year,yes,bank_transfer_(automatic),105.2,4599.15,0
2529,male,0,no,no,6,yes,no,fiber_optic,no,yes,no,no,yes,no,month_to_month,yes,electronic_check,85.35,489.45,1
2530,female,0,no,no,39,no,no_phone_service,dsl,yes,yes,no,yes,no,no,one_year,yes,bank_transfer_(automatic),40.3,1630.4,0
2531,female,0,yes,yes,4,yes,no,dsl,no,yes,no,yes,no,no,month_to_month,no,mailed_check,56.5,235.1,1
2532,male,1,no,no,8,yes,no,fiber_optic,no,no,no,no,no,no,month_to_month,yes,electronic_check,69.7,572.85,0
2533,female,0,yes,no,17,no,no_phone_service,dsl,no,yes,yes,no,no,no,month_to_month,yes,credit_card_(automatic),35.65,646.05,0
2534,male,1,yes,no,16,yes,no,fiber_optic,no,no,yes,yes,no,yes,month_to_month,yes,electronic_check,91.55,1540.05,0
2535,female,0,no,no,68,yes,no,dsl,yes,yes,yes,yes,yes,yes,two_year,yes,credit_card_(automatic),82.45,5646.6,0
2536,male,0,no,no,1,yes,yes,no,no_internet_service,no_internet_service,no_internet_service,no_internet_service,no_internet_service,no_internet_service,month_to_month,yes,mailed_check,24.05,24.05,1
2537,male,0,yes,yes,18,no,no_phone_service,dsl,no,yes,yes,no,yes,no,one_year,no,credit_card_(automatic),46.4,812.4,0
2538,female,0,no,no,2,yes,no,fiber_optic,no,yes,no,no,yes,no,month_to_month,yes,bank_transfer_(automatic),87.15,183.75,1
2539,female,0,no,no,7,yes,no,no,no_internet_service,no_internet_service,no_internet_service,no_internet_service,no_internet_service,no_internet_service,month_to_month,no,mailed_check,20.05,164.85,1
2540,female,0,yes,no,70,yes,no,no,no_internet_service,no_internet_service,no_internet_service,no_internet_service,no_internet_service,no_internet_service,two_year,no,bank_transfer_(automatic),19.45,1303.5,0
2541,female,0,no,no,8,yes,no,no,no_internet_service,no_internet_service,no_internet_service,no_internet_service,no_internet_service,no_internet_service,one_year,yes,bank_transfer_(automatic),20.2,140.95,0
2542,female,0,yes,no,68,yes,yes,fiber_optic,yes,yes,yes,yes,yes,yes,two_year,no,mailed_check,118.6,7990.05,0
2543,female,1,yes,no,43,yes,yes,fiber_optic,no,no,yes,yes,yes,yes,one_year,yes,electronic_check,107.55,4533.9,1
2544,male,0,no,no,66,yes,yes,fiber_optic,no,yes,no,no,no,yes,month_to_month,no,credit_card_(automatic),89.4,5976.9,0
2545,male,0,yes,no,47,yes,no,dsl,no,yes,yes,no,yes,yes,two_year,no,electronic_check,73.6,3522.65,0
2546,male,1,no,no,1,yes,no,dsl,no,no,no,no,no,no,month_to_month,no,bank_transfer_(automatic),45.25,45.25,0
2547,female,0,no,no,15,yes,no,no,no_internet_service,no_internet_service,no_internet_service,no_internet_service,no_internet_service,no_internet_service,one_year,no,credit_card_(automatic),20.1,302.45,0
2548,male,0,yes,yes,17,yes,yes,dsl,yes,no,no,yes,no,no,one_year,yes,mailed_check,62.1,1096.65,0
2549,female,1,yes,no,24,yes,yes,fiber_optic,no,no,no,no,yes,yes,month_to_month,yes,electronic_check,93.55,2264.05,1
2550,female,0,no,no,24,yes,yes,fiber_optic,no,no,yes,no,yes,yes,month_to_month,yes,electronic_check,98.75,2407.3,1
2551,female,1,yes,no,8,yes,yes,fiber_optic,no,no,no,no,no,yes,month_to_month,yes,electronic_check,84.0,613.4,1
2552,female,0,yes,yes,69,yes,yes,fiber_optic,yes,yes,yes,yes,yes,no,one_year,yes,credit_card_(automatic),105.1,7234.8,0
2553,male,0,yes,yes,71,yes,no,dsl,yes,no,yes,yes,no,yes,two_year,yes,credit_card_(automatic),70.85,4973.4,0
2554,male,0,yes,yes,13,no,no_phone_service,dsl,yes,yes,no,yes,no,no,two_year,no,mailed_check,40.55,590.35,0
2555,male,0,no,no,65,yes,yes,fiber_optic,no,yes,yes,no,yes,yes,two_year,no,credit_card_(automatic),105.1,6631.85,0
2556,male,1,no,no,35,yes,yes,fiber_optic,no,no,yes,no,yes,yes,month_to_month,yes,electronic_check,101.4,3496.3,1
2557,female,0,no,yes,3,yes,no,dsl,yes,no,no,yes,no,yes,month_to_month,yes,bank_transfer_(automatic),64.5,177.4,0
2558,male,0,no,no,1,yes,no,dsl,no,yes,no,no,no,no,month_to_month,no,electronic_check,50.8,50.8,1
2559,male,0,no,yes,48,yes,yes,dsl,yes,no,yes,no,yes,yes,one_year,yes,credit_card_(automatic),78.75,3682.45,0
2560,male,0,yes,yes,68,yes,yes,dsl,yes,yes,yes,yes,yes,yes,two_year,yes,credit_card_(automatic),92.2,6392.85,0
2561,female,0,no,yes,1,yes,yes,no,no_internet_service,no_internet_service,no_internet_service,no_internet_service,no_internet_service,no_internet_service,month_to_month,no,mailed_check,25.4,25.4,0
2562,female,0,yes,yes,69,yes,yes,fiber_optic,no,yes,yes,no,yes,yes,month_to_month,yes,electronic_check,103.95,7446.9,1
2563,male,0,no,yes,1,yes,yes,fiber_optic,no,no,no,no,yes,yes,month_to_month,yes,electronic_check,93.3,93.3,1
2564,female,0,no,no,48,no,no_phone_service,dsl,yes,yes,no,no,yes,no,month_to_month,yes,electronic_check,44.8,2104.55,0
2565,male,1,yes,no,50,yes,yes,fiber_optic,yes,yes,yes,no,yes,no,one_year,yes,bank_transfer_(automatic),101.9,5265.5,0
2566,male,0,yes,no,65,yes,yes,fiber_optic,no,yes,no,no,yes,no,month_to_month,yes,bank_transfer_(automatic),91.85,5940.85,1
2567,male,0,no,no,3,yes,no,fiber_optic,no,no,yes,no,no,no,month_to_month,yes,credit_card_(automatic),73.6,232.5,0
2568,female,0,no,no,70,yes,yes,dsl,yes,yes,yes,yes,yes,yes,two_year,no,credit_card_(automatic),89.75,6367.2,0
2569,female,0,no,no,11,yes,no,fiber_optic,yes,no,no,no,no,no,month_to_month,no,electronic_check,76.4,838.7,0
2570,male,0,no,no,66,yes,no,fiber_optic,no,yes,yes,no,yes,yes,month_to_month,no,electronic_check,99.5,6710.5,1
2571,female,0,yes,yes,44,yes,no,no,no_internet_service,no_internet_service,no_internet_service,no_internet_service,no_internet_service,no_internet_service,month_to_month,no,mailed_check,19.6,780.25,0
2572,female,0,no,no,67,yes,no,dsl,yes,no,yes,yes,no,yes,one_year,yes,bank_transfer_(automatic),72.35,4991.5,0
2573,male,1,yes,no,27,yes,no,fiber_optic,no,no,no,no,no,no,month_to_month,yes,electronic_check,70.55,1943.9,0
2574,male,0,no,no,1,no,no_phone_service,dsl,no,no,no,no,no,no,month_to_month,yes,electronic_check,24.25,24.25,1
2575,male,0,yes,yes,61,yes,no,no,no_internet_service,no_internet_service,no_internet_service,no_internet_service,no_internet_service,no_internet_service,two_year,no,credit_card_(automatic),20.55,1305.95,0
2576,male,0,no,no,35,yes,no,dsl,yes,yes,yes,no,no,no,one_year,no,mailed_check,61.2,2021.2,0
2577,male,0,no,no,40,yes,yes,fiber_optic,no,yes,yes,no,yes,yes,month_to_month,yes,mailed_check,102.65,4108.15,0
2578,female,0,no,no,11,yes,yes,dsl,no,no,no,no,no,yes,month_to_month,yes,mailed_check,58.95,601.6,0
2579,male,0,no,no,70,no,no_phone_service,dsl,no,no,no,yes,no,yes,two_year,yes,mailed_check,40.05,2799.75,0
2580,male,0,yes,yes,27,no,no_phone_service,dsl,no,yes,yes,no,no,yes,one_year,yes,credit_card_(automatic),45.85,1246.4,0
2581,male,0,yes,no,38,yes,no,fiber_optic,yes,yes,no,no,no,no,month_to_month,yes,electronic_check,79.45,3013.05,1
2582,female,0,no,no,53,yes,no,fiber_optic,no,yes,yes,yes,no,yes,one_year,yes,credit_card_(automatic),94.45,5042.75,0
2583,male,0,no,no,30,yes,no,fiber_optic,no,yes,no,no,yes,yes,one_year,yes,bank_transfer_(automatic),97.0,3021.3,0
2584,male,1,no,no,12,no,no_phone_service,dsl,no,no,yes,yes,no,yes,month_to_month,yes,electronic_check,43.65,526.95,1
2585,female,0,no,no,63,yes,yes,fiber_optic,yes,yes,yes,no,yes,no,two_year,no,credit_card_(automatic),98.0,6218.45,0
2586,female,0,yes,yes,1,yes,no,no,no_internet_service,no_internet_service,no_internet_service,no_internet_service,no_internet_service,no_internet_service,two_year,no,mailed_check,20.35,20.35,0
2587,male,0,yes,yes,63,yes,yes,dsl,yes,yes,yes,yes,yes,yes,two_year,yes,credit_card_(automatic),89.4,5597.65,0
2588,male,0,yes,no,34,yes,yes,fiber_optic,no,yes,no,no,no,yes,month_to_month,no,mailed_check,88.85,3000.25,0
2589,male,1,no,no,9,yes,no,dsl,no,no,no,yes,no,no,month_to_month,no,mailed_check,49.2,447.9,0
2590,female,0,no,no,14,yes,no,dsl,no,no,no,yes,yes,yes,month_to_month,yes,electronic_check,69.65,921.4,0
2591,female,0,yes,no,18,yes,no,fiber_optic,no,no,yes,no,yes,yes,month_to_month,yes,credit_card_(automatic),95.95,1745.5,0
2592,female,0,yes,no,47,yes,yes,fiber_optic,no,no,yes,no,yes,yes,month_to_month,yes,electronic_check,100.5,4707.1,0
2593,male,0,yes,yes,69,yes,yes,fiber_optic,no,yes,yes,no,yes,no,one_year,no,credit_card_(automatic),95.75,6511.25,0
2594,female,0,no,no,1,yes,no,dsl,no,yes,no,no,no,no,month_to_month,no,electronic_check,49.95,49.95,0
2595,female,0,no,no,47,yes,no,dsl,no,no,yes,yes,yes,yes,two_year,no,mailed_check,74.45,3510.3,0
2596,male,0,yes,yes,29,no,no_phone_service,dsl,yes,yes,yes,yes,no,yes,one_year,yes,credit_card_(automatic),55.35,1636.95,0
2597,male,0,no,no,3,yes,no,fiber_optic,no,no,no,no,yes,no,month_to_month,yes,electronic_check,78.5,242.05,1
2598,male,0,yes,no,45,yes,yes,fiber_optic,no,yes,yes,no,yes,yes,month_to_month,yes,bank_transfer_(automatic),107.75,4882.8,0
2599,male,0,yes,no,18,yes,no,dsl,no,no,no,no,no,no,month_to_month,yes,bank_transfer_(automatic),44.35,768.05,0
2600,male,0,yes,yes,16,yes,no,no,no_internet_service,no_internet_service,no_internet_service,no_internet_service,no_internet_service,no_internet_service,two_year,no,mailed_check,20.5,290.55,0
2601,female,0,yes,no,69,yes,yes,no,no_internet_service,no_internet_service,no_internet_service,no_internet_service,no_internet_service,no_internet_service,one_year,yes,electronic_check,26.3,1763.55,0
2602,male,1,yes,no,40,yes,yes,fiber_optic,yes,no,no,no,yes,yes,month_to_month,no,electronic_check,101.85,4086.3,1
2603,female,1,no,no,14,yes,yes,fiber_optic,no,yes,yes,no,yes,yes,month_to_month,yes,electronic_check,104.85,1531.4,1
2604,male,0,yes,no,70,yes,yes,dsl,yes,no,yes,yes,no,yes,two_year,no,credit_card_(automatic),77.3,5498.2,0
2605,male,0,no,no,8,no,no_phone_service,dsl,no,no,no,no,no,no,month_to_month,yes,credit_card_(automatic),25.25,186.3,0
2606,female,0,yes,no,63,yes,yes,fiber_optic,no,yes,no,no,no,no,month_to_month,yes,bank_transfer_(automatic),81.55,5029.05,0
2607,female,1,no,no,40,no,no_phone_service,dsl,yes,yes,no,no,yes,yes,month_to_month,yes,electronic_check,55.8,2109.35,1
2608,female,0,no,no,1,yes,no,fiber_optic,no,no,no,no,no,no,month_to_month,no,electronic_check,68.65,68.65,1
2609,female,0,no,no,4,yes,no,dsl,no,yes,no,no,no,no,month_to_month,no,credit_card_(automatic),50.7,151.3,1
2610,female,0,no,no,1,yes,yes,fiber_optic,no,no,no,no,yes,no,month_to_month,yes,electronic_check,84.6,84.6,0
2611,male,0,yes,yes,71,yes,no,no,no_internet_service,no_internet_service,no_internet_service,no_internet_service,no_internet_service,no_internet_service,two_year,yes,bank_transfer_(automatic),19.6,1387.45,0
2612,male,0,yes,no,64,yes,no,fiber_optic,yes,yes,no,yes,yes,yes,two_year,yes,credit_card_(automatic),104.05,6605.55,0
2613,female,1,no,no,4,yes,yes,fiber_optic,no,no,yes,no,yes,no,month_to_month,yes,electronic_check,89.2,346.2,1
2614,male,0,yes,no,44,yes,no,dsl,no,yes,yes,yes,yes,no,one_year,yes,electronic_check,70.95,3250.45,0
2615,female,0,no,no,51,yes,yes,no,no_internet_service,no_internet_service,no_internet_service,no_internet_service,no_internet_service,no_internet_service,two_year,no,bank_transfer_(automatic),24.95,1288.0,0
2616,female,0,yes,no,20,yes,no,fiber_optic,yes,yes,no,yes,yes,no,month_to_month,yes,electronic_check,96.55,1901.65,0
2617,male,0,yes,no,64,yes,yes,dsl,no,yes,yes,yes,yes,no,two_year,yes,bank_transfer_(automatic),76.1,4818.8,0
2618,male,0,yes,no,14,yes,no,dsl,no,yes,yes,yes,yes,yes,two_year,no,mailed_check,81.95,1181.75,0
2619,female,0,yes,no,55,yes,no,fiber_optic,yes,no,no,no,yes,yes,one_year,yes,electronic_check,94.75,5276.1,0
2620,male,0,no,no,1,yes,no,dsl,no,yes,no,no,no,no,month_to_month,yes,mailed_check,50.15,50.15,0
2621,female,0,yes,no,1,yes,no,fiber_optic,no,no,no,no,no,no,month_to_month,yes,electronic_check,68.95,68.95,1
2622,female,0,no,no,2,yes,no,dsl,no,no,no,no,no,no,month_to_month,yes,mailed_check,45.25,74.2,0
2623,male,0,no,no,37,yes,yes,fiber_optic,yes,no,no,no,yes,no,month_to_month,yes,electronic_check,91.15,3369.25,0
2624,male,0,yes,no,22,yes,yes,fiber_optic,no,no,no,no,no,yes,month_to_month,yes,electronic_check,85.1,1873.7,1
2625,male,1,no,no,39,yes,yes,fiber_optic,no,no,no,no,yes,yes,month_to_month,yes,bank_transfer_(automatic),95.65,3759.05,1
2626,female,1,no,no,3,yes,yes,fiber_optic,no,yes,no,no,no,no,month_to_month,yes,electronic_check,79.4,205.05,1
2627,male,0,yes,no,46,yes,no,no,no_internet_service,no_internet_service,no_internet_service,no_internet_service,no_internet_service,no_internet_service,month_to_month,no,electronic_check,19.6,851.2,0
2628,male,0,yes,no,71,yes,yes,dsl,yes,yes,yes,yes,no,yes,two_year,yes,mailed_check,80.1,5585.4,0
2629,male,0,yes,yes,1,yes,no,no,no_internet_service,no_internet_service,no_internet_service,no_internet_service,no_internet_service,no_internet_service,month_to_month,no,mailed_check,19.9,19.9,1
2630,female,0,no,no,40,yes,yes,fiber_optic,no,no,yes,yes,yes,yes,one_year,yes,credit_card_(automatic),105.95,4335.2,0
2631,female,0,no,no,46,yes,yes,dsl,yes,no,yes,no,yes,yes,two_year,no,mailed_check,79.2,3593.8,0
2632,female,0,yes,no,10,yes,no,dsl,no,no,yes,no,yes,yes,month_to_month,yes,credit_card_(automatic),67.8,653.15,0
2633,female,0,yes,yes,64,yes,yes,fiber_optic,no,yes,yes,yes,yes,yes,one_year,yes,electronic_check,111.45,7266.95,0
2634,female,0,yes,yes,59,yes,yes,dsl,yes,no,yes,yes,yes,no,two_year,yes,mailed_check,76.45,4519.5,0
2635,female,0,yes,yes,59,yes,yes,dsl,yes,yes,no,yes,no,no,one_year,no,mailed_check,65.5,3801.3,0
2636,male,0,no,no,38,yes,no,no,no_internet_service,no_internet_service,no_internet_service,no_internet_service,no_internet_service,no_internet_service,one_year,no,mailed_check,20.1,730.1,0
2637,male,0,no,no,18,yes,yes,no,no_internet_service,no_internet_service,no_internet_service,no_internet_service,no_internet_service,no_internet_service,one_year,no,mailed_check,23.75,424.5,0
2638,female,0,no,no,3,yes,no,dsl,yes,yes,no,yes,no,yes,two_year,no,mailed_check,71.1,213.35,0
2639,male,0,yes,yes,68,yes,no,no,no_internet_service,no_internet_service,no_internet_service,no_internet_service,no_internet_service,no_internet_service,two_year,no,bank_transfer_(automatic),19.95,1377.7,0
2640,female,1,yes,no,65,yes,yes,fiber_optic,yes,yes,yes,no,yes,yes,month_to_month,yes,credit_card_(automatic),109.4,7227.45,0
2641,female,0,yes,no,58,yes,yes,fiber_optic,yes,yes,yes,no,yes,yes,one_year,yes,credit_card_(automatic),110.65,6526.65,0
2642,male,1,no,no,45,yes,yes,fiber_optic,no,no,no,no,yes,yes,month_to_month,yes,bank_transfer_(automatic),93.9,4200.25,0
2643,male,0,no,no,24,yes,yes,fiber_optic,no,no,no,no,yes,yes,month_to_month,yes,electronic_check,94.1,2322.85,0
2644,female,0,yes,yes,43,yes,yes,no,no_internet_service,no_internet_service,no_internet_service,no_internet_service,no_internet_service,no_internet_service,one_year,yes,bank_transfer_(automatic),24.45,993.15,0
2645,male,0,no,yes,53,yes,no,dsl,yes,yes,no,yes,no,no,one_year,no,credit_card_(automatic),62.85,3419.5,0
2646,male,1,no,no,30,yes,no,dsl,yes,yes,no,no,yes,yes,month_to_month,yes,electronic_check,74.75,2111.3,0
2647,male,0,yes,no,72,yes,yes,dsl,yes,no,yes,yes,yes,yes,two_year,no,credit_card_(automatic),86.65,6094.25,0
2648,male,0,no,no,1,yes,no,dsl,no,no,no,no,no,no,month_to_month,no,electronic_check,45.3,45.3,1
2649,male,0,no,no,1,yes,no,fiber_optic,no,yes,no,no,no,yes,month_to_month,yes,electronic_check,85.0,85.0,0
2650,female,0,yes,yes,16,yes,no,fiber_optic,no,yes,no,no,no,no,month_to_month,no,bank_transfer_(automatic),73.25,1195.75,0
2651,female,0,no,no,50,yes,no,no,no_internet_service,no_internet_service,no_internet_service,no_internet_service,no_internet_service,no_internet_service,one_year,no,bank_transfer_(automatic),19.75,989.05,0
2652,female,0,yes,no,16,yes,yes,fiber_optic,no,no,no,no,yes,no,month_to_month,yes,electronic_check,84.95,1378.25,1
2653,male,0,yes,yes,44,no,no_phone_service,dsl,no,no,yes,yes,yes,yes,one_year,yes,electronic_check,54.3,2317.1,0
2654,female,1,yes,no,33,yes,yes,fiber_optic,no,yes,no,no,no,no,month_to_month,yes,bank_transfer_(automatic),80.6,2656.5,1
2655,male,0,yes,yes,1,yes,no,no,no_internet_service,no_internet_service,no_internet_service,no_internet_service,no_internet_service,no_internet_service,one_year,no,mailed_check,19.65,19.65,0
2656,female,0,no,no,4,yes,no,no,no_internet_service,no_internet_service,no_internet_service,no_internet_service,no_internet_service,no_internet_service,month_to_month,no,mailed_check,20.35,77.5,1
2657,female,1,no,no,47,yes,yes,fiber_optic,no,yes,yes,no,no,no,month_to_month,yes,bank_transfer_(automatic),85.2,3969.35,1
2658,female,0,no,yes,3,yes,no,dsl,yes,no,no,yes,no,no,month_to_month,yes,mailed_check,55.1,154.65,1
2659,female,0,yes,no,10,yes,yes,fiber_optic,yes,no,no,no,no,no,month_to_month,yes,credit_card_(automatic),78.15,765.15,0
2660,female,1,no,no,5,no,no_phone_service,dsl,no,no,no,no,yes,yes,month_to_month,no,electronic_check,45.7,198.0,1
2661,female,0,yes,no,4,no,no_phone_service,dsl,yes,no,no,no,no,no,month_to_month,yes,electronic_check,29.05,129.6,0
2662,male,0,yes,yes,5,yes,no,no,no_internet_service,no_internet_service,no_internet_service,no_internet_service,no_internet_service,no_internet_service,one_year,no,mailed_check,20.1,85.1,0
2663,male,0,no,no,16,no,no_phone_service,dsl,yes,yes,yes,yes,yes,no,two_year,no,mailed_check,54.85,916.15,0
2664,male,0,no,no,1,yes,no,no,no_internet_service,no_internet_service,no_internet_service,no_internet_service,no_internet_service,no_internet_service,month_to_month,no,mailed_check,19.2,19.2,0
2665,male,1,no,no,5,yes,no,no,no_internet_service,no_internet_service,no_internet_service,no_internet_service,no_internet_service,no_internet_service,month_to_month,no,bank_transfer_(automatic),20.05,94.15,0
2666,male,0,no,no,1,yes,yes,fiber_optic,no,no,no,no,no,no,month_to_month,yes,electronic_check,75.45,75.45,1
2667,male,0,no,no,16,yes,no,fiber_optic,no,no,no,no,no,no,month_to_month,yes,credit_card_(automatic),69.95,1205.5,0
2668,male,0,yes,yes,64,no,no_phone_service,dsl,yes,no,yes,yes,yes,yes,two_year,yes,bank_transfer_(automatic),60.05,3845.45,0
2669,male,0,yes,no,60,yes,no,fiber_optic,no,yes,no,no,yes,yes,one_year,yes,electronic_check,94.4,5610.25,1
2670,male,0,yes,yes,45,yes,yes,dsl,yes,yes,no,yes,yes,no,two_year,no,credit_card_(automatic),73.85,3371.0,0
2671,female,0,no,no,51,yes,no,no,no_internet_service,no_internet_service,no_internet_service,no_internet_service,no_internet_service,no_internet_service,one_year,yes,bank_transfer_(automatic),19.85,996.95,0
2672,male,0,yes,no,24,yes,yes,fiber_optic,no,yes,yes,no,yes,yes,month_to_month,yes,electronic_check,104.65,2542.45,1
2673,male,0,yes,no,35,no,no_phone_service,dsl,yes,no,yes,no,yes,yes,one_year,no,credit_card_(automatic),53.15,1930.9,0
2674,male,0,yes,no,42,no,no_phone_service,dsl,no,no,no,no,no,no,month_to_month,yes,credit_card_(automatic),25.1,1097.15,0
2675,female,0,no,no,4,yes,no,fiber_optic,no,no,no,no,no,no,month_to_month,yes,electronic_check,70.15,268.35,1
2676,female,0,no,yes,1,yes,no,fiber_optic,no,no,no,no,yes,yes,month_to_month,yes,electronic_check,89.35,89.35,0
2677,male,0,yes,no,49,yes,yes,fiber_optic,no,yes,no,no,yes,yes,month_to_month,yes,bank_transfer_(automatic),99.05,4853.75,1
2678,female,0,yes,yes,72,yes,yes,dsl,yes,no,yes,yes,yes,yes,two_year,yes,bank_transfer_(automatic),84.2,5986.55,0
2679,female,0,yes,yes,63,yes,no,dsl,yes,yes,yes,yes,yes,no,two_year,no,credit_card_(automatic),75.55,4707.85,0
2680,male,0,no,no,1,yes,no,dsl,yes,no,no,no,no,no,month_to_month,no,electronic_check,49.75,49.75,0
2681,male,0,no,no,5,yes,no,dsl,no,yes,no,yes,no,yes,month_to_month,yes,bank_transfer_(automatic),65.6,339.9,0
2682,female,0,no,no,1,yes,no,dsl,no,no,no,no,no,no,month_to_month,yes,mailed_check,45.3,45.3,1
2683,female,0,no,no,16,yes,no,dsl,yes,no,no,no,no,no,month_to_month,yes,electronic_check,50.15,762.25,1
2684,male,0,yes,no,57,no,no_phone_service,dsl,no,yes,yes,yes,yes,yes,two_year,yes,bank_transfer_(automatic),57.5,3265.95,0
2685,male,0,yes,yes,15,yes,no,no,no_internet_service,no_internet_service,no_internet_service,no_internet_service,no_internet_service,no_internet_service,month_to_month,yes,electronic_check,20.0,288.05,1
2686,female,0,yes,yes,3,no,no_phone_service,dsl,no,yes,no,no,no,yes,month_to_month,no,mailed_check,40.3,92.5,0
2687,male,0,no,no,1,yes,no,fiber_optic,no,no,no,no,no,no,month_to_month,yes,mailed_check,70.6,70.6,0
2688,male,0,yes,yes,52,yes,yes,no,no_internet_service,no_internet_service,no_internet_service,no_internet_service,no_internet_service,no_internet_service,two_year,no,mailed_check,24.8,1229.1,0
2689,male,0,yes,yes,28,yes,yes,fiber_optic,no,no,no,no,yes,yes,one_year,no,bank_transfer_(automatic),92.2,2568.15,0
2690,male,0,no,no,1,yes,no,dsl,no,no,yes,yes,no,no,month_to_month,no,mailed_check,55.05,55.05,0
2691,male,0,yes,no,72,yes,yes,no,no_internet_service,no_internet_service,no_internet_service,no_internet_service,no_internet_service,no_internet_service,two_year,no,mailed_check,25.4,1710.9,0
2692,male,0,yes,no,4,yes,no,dsl,no,no,no,yes,no,no,month_to_month,no,mailed_check,50.05,179.35,1
2693,male,0,no,no,20,yes,yes,fiber_optic,no,no,no,no,yes,no,month_to_month,yes,electronic_check,85.25,1734.5,1
2694,male,0,no,no,15,yes,yes,fiber_optic,no,no,no,no,no,no,month_to_month,yes,mailed_check,76.0,1130.85,1
2695,female,1,no,no,11,yes,no,fiber_optic,no,no,no,no,yes,yes,month_to_month,no,bank_transfer_(automatic),89.7,1047.7,1
2696,female,0,no,yes,4,yes,no,no,no_internet_service,no_internet_service,no_internet_service,no_internet_service,no_internet_service,no_internet_service,month_to_month,no,credit_card_(automatic),20.4,94.5,0
2697,male,0,yes,yes,32,no,no_phone_service,dsl,no,no,yes,no,yes,yes,month_to_month,no,credit_card_(automatic),50.6,1653.45,0
2698,female,0,yes,yes,59,yes,no,no,no_internet_service,no_internet_service,no_internet_service,no_internet_service,no_internet_service,no_internet_service,two_year,no,mailed_check,20.6,1286.0,0
2699,female,0,yes,yes,68,yes,no,dsl,yes,yes,yes,yes,yes,yes,two_year,yes,credit_card_(automatic),85.0,5607.75,0
2700,female,0,yes,no,56,yes,yes,fiber_optic,yes,yes,yes,no,yes,yes,one_year,no,bank_transfer_(automatic),109.8,6109.65,0
2701,female,0,yes,yes,46,yes,no,no,no_internet_service,no_internet_service,no_internet_service,no_internet_service,no_internet_service,no_internet_service,two_year,yes,mailed_check,19.25,864.2,0
2702,female,0,no,no,9,yes,no,fiber_optic,no,yes,yes,no,no,no,month_to_month,no,electronic_check,80.55,653.9,0
2703,male,1,yes,no,61,yes,yes,fiber_optic,no,yes,no,yes,no,no,one_year,yes,bank_transfer_(automatic),85.55,5251.75,0
2704,female,0,yes,yes,4,yes,no,fiber_optic,no,no,yes,no,no,no,month_to_month,yes,electronic_check,73.75,325.45,1
2705,female,0,no,no,30,yes,yes,dsl,no,yes,yes,no,yes,no,one_year,yes,credit_card_(automatic),68.95,2038.7,0
2706,female,0,yes,yes,22,yes,no,fiber_optic,no,no,no,no,no,yes,month_to_month,yes,electronic_check,80.15,1790.65,0
2707,male,0,no,no,31,yes,no,fiber_optic,no,yes,no,yes,no,no,month_to_month,yes,electronic_check,78.45,2435.15,1
2708,male,1,yes,yes,60,yes,yes,fiber_optic,yes,no,no,no,no,no,month_to_month,yes,electronic_check,80.95,4859.1,0
2709,male,0,yes,no,64,yes,yes,fiber_optic,no,yes,no,yes,yes,yes,two_year,yes,electronic_check,105.25,6823.4,0
2710,male,0,yes,yes,70,yes,no,no,no_internet_service,no_internet_service,no_internet_service,no_internet_service,no_internet_service,no_internet_service,two_year,no,credit_card_(automatic),20.05,1360.25,0
2711,female,0,yes,no,21,yes,no,fiber_optic,no,no,no,yes,yes,no,month_to_month,yes,electronic_check,86.05,1818.9,0
2712,female,0,yes,yes,71,yes,yes,fiber_optic,yes,yes,yes,yes,yes,yes,two_year,no,credit_card_(automatic),113.65,8166.8,0
2713,male,0,yes,yes,25,yes,no,fiber_optic,no,no,no,no,yes,yes,one_year,yes,electronic_check,90.4,2178.6,1
2714,female,0,no,yes,53,yes,yes,dsl,no,yes,yes,yes,yes,yes,one_year,yes,electronic_check,84.6,4449.75,0
2715,male,0,yes,yes,66,no,no_phone_service,dsl,no,no,yes,yes,yes,yes,two_year,no,bank_transfer_(automatic),54.65,3632.0,0
2716,male,0,no,no,8,yes,yes,fiber_optic,no,yes,yes,no,yes,no,month_to_month,yes,electronic_check,94.0,773.65,1
2717,female,0,yes,yes,11,yes,no,dsl,yes,no,no,no,no,no,month_to_month,no,bank_transfer_(automatic),51.0,581.7,0
2718,female,1,yes,no,2,yes,yes,fiber_optic,no,no,yes,no,no,no,month_to_month,no,electronic_check,79.2,172.85,1
2719,male,0,yes,yes,69,yes,yes,fiber_optic,no,no,no,yes,yes,yes,two_year,yes,electronic_check,99.35,6856.45,0
2720,female,0,yes,yes,18,yes,no,no,no_internet_service,no_internet_service,no_internet_service,no_internet_service,no_internet_service,no_internet_service,two_year,no,mailed_check,19.35,309.25,0
2721,female,0,no,no,30,yes,yes,fiber_optic,yes,no,no,yes,yes,yes,month_to_month,no,bank_transfer_(automatic),106.4,3211.9,0
2722,male,0,no,no,7,yes,yes,fiber_optic,no,no,no,no,no,no,month_to_month,no,electronic_check,73.6,520.0,1
2723,male,1,yes,no,55,yes,yes,dsl,yes,yes,no,no,no,no,one_year,no,credit_card_(automatic),60.0,3316.1,0
2724,male,0,no,no,1,yes,no,dsl,no,no,no,no,no,no,month_to_month,yes,mailed_check,44.9,44.9,0
2725,female,0,yes,no,16,yes,yes,fiber_optic,yes,yes,yes,no,no,no,month_to_month,no,electronic_check,90.7,1374.9,0
2726,female,0,yes,no,26,yes,no,fiber_optic,no,no,no,yes,no,yes,month_to_month,no,credit_card_(automatic),85.9,2196.45,0
2727,female,0,no,no,13,no,no_phone_service,dsl,no,no,yes,yes,no,no,two_year,no,mailed_check,35.4,450.4,0
2728,male,0,yes,no,70,yes,no,fiber_optic,yes,yes,no,yes,no,no,two_year,no,bank_transfer_(automatic),84.6,5706.2,0
2729,male,0,yes,no,11,yes,no,dsl,no,no,no,no,no,no,month_to_month,yes,bank_transfer_(automatic),45.9,521.9,0
2730,male,0,yes,no,10,yes,yes,fiber_optic,no,no,yes,no,yes,yes,month_to_month,yes,electronic_check,98.5,1037.75,1
2731,male,0,yes,no,6,yes,yes,no,no_internet_service,no_internet_service,no_internet_service,no_internet_service,no_internet_service,no_internet_service,one_year,no,mailed_check,25.1,171.0,0
2732,female,1,yes,no,50,yes,yes,fiber_optic,no,no,no,yes,yes,yes,one_year,yes,electronic_check,100.65,5189.75,0
2733,female,0,yes,no,8,yes,no,dsl,yes,no,no,yes,no,yes,two_year,no,mailed_check,65.5,564.35,0
2734,male,1,yes,no,59,yes,no,fiber_optic,yes,yes,yes,no,no,no,one_year,yes,credit_card_(automatic),82.95,4903.15,0
2735,male,0,no,yes,23,yes,no,dsl,no,yes,no,yes,no,no,month_to_month,yes,bank_transfer_(automatic),55.3,1284.2,0
2736,male,0,yes,yes,61,yes,no,no,no_internet_service,no_internet_service,no_internet_service,no_internet_service,no_internet_service,no_internet_service,one_year,no,mailed_check,20.4,1226.45,0
2737,female,0,yes,no,2,yes,no,dsl,no,no,yes,no,yes,yes,month_to_month,no,credit_card_(automatic),69.0,147.8,0
2738,female,1,no,no,1,yes,no,fiber_optic,no,no,no,no,yes,no,month_to_month,yes,electronic_check,79.2,79.2,1
2739,female,1,yes,no,48,yes,no,fiber_optic,no,no,no,no,no,no,month_to_month,yes,bank_transfer_(automatic),70.65,3545.05,0
2740,female,0,no,no,66,no,no_phone_service,dsl,yes,no,yes,yes,yes,yes,two_year,yes,bank_transfer_(automatic),61.35,4193.4,0
2741,female,0,no,no,1,yes,no,dsl,no,no,no,no,no,no,month_to_month,yes,electronic_check,45.65,45.65,1
2742,male,0,no,no,5,yes,no,dsl,yes,no,yes,no,no,no,month_to_month,yes,mailed_check,55.8,274.35,0
2743,male,0,yes,no,9,yes,yes,dsl,no,yes,yes,no,no,yes,month_to_month,yes,credit_card_(automatic),69.05,653.95,0
2744,female,0,yes,no,49,yes,no,fiber_optic,no,yes,yes,no,yes,yes,month_to_month,no,electronic_check,99.4,5025.0,0
2745,male,0,no,no,1,yes,no,dsl,no,no,no,no,no,no,month_to_month,no,electronic_check,44.0,44.0,0
2746,female,0,no,no,16,yes,no,no,no_internet_service,no_internet_service,no_internet_service,no_internet_service,no_internet_service,no_internet_service,one_year,no,mailed_check,19.05,326.65,0
2747,male,0,no,no,20,yes,yes,fiber_optic,no,no,yes,no,yes,no,month_to_month,yes,electronic_check,88.7,1761.45,1
2748,female,1,yes,no,52,yes,yes,fiber_optic,no,yes,yes,no,yes,yes,one_year,yes,electronic_check,106.5,5621.85,0
2749,female,1,no,no,9,yes,yes,fiber_optic,no,no,yes,no,yes,no,month_to_month,yes,electronic_check,90.1,816.8,0
2750,male,0,yes,yes,23,yes,no,no,no_internet_service,no_internet_service,no_internet_service,no_internet_service,no_internet_service,no_internet_service,one_year,yes,credit_card_(automatic),20.0,445.3,0
2751,female,0,yes,yes,71,yes,yes,no,no_internet_service,no_internet_service,no_internet_service,no_internet_service,no_internet_service,no_internet_service,two_year,no,bank_transfer_(automatic),24.7,1810.55,0
2752,female,0,no,no,1,yes,no,no,no_internet_service,no_internet_service,no_internet_service,no_internet_service,no_internet_service,no_internet_service,month_to_month,no,mailed_check,19.85,19.85,0
2753,male,1,yes,no,45,yes,yes,no,no_internet_service,no_internet_service,no_internet_service,no_internet_service,no_internet_service,no_internet_service,one_year,no,credit_card_(automatic),24.7,1174.35,0
2754,male,0,no,no,9,yes,yes,fiber_optic,yes,no,no,no,no,no,month_to_month,yes,electronic_check,81.15,784.45,0
2755,female,1,no,no,4,yes,yes,fiber_optic,no,no,no,no,no,no,month_to_month,yes,electronic_check,74.45,294.45,0
2756,female,0,no,no,38,yes,no,fiber_optic,no,yes,yes,yes,no,no,month_to_month,yes,credit_card_(automatic),84.25,3264.5,1
2757,female,0,yes,yes,72,yes,yes,dsl,yes,yes,yes,yes,yes,yes,two_year,no,credit_card_(automatic),90.95,6652.45,0
2758,male,0,yes,yes,55,yes,no,no,no_internet_service,no_internet_service,no_internet_service,no_internet_service,no_internet_service,no_internet_service,two_year,no,mailed_check,20.5,1177.95,0
2759,female,0,no,no,9,yes,no,dsl,no,no,no,no,no,no,month_to_month,yes,bank_transfer_(automatic),44.2,403.35,1
2760,male,0,yes,yes,58,yes,yes,fiber_optic,no,no,yes,yes,no,yes,two_year,no,bank_transfer_(automatic),94.35,5563.65,0
2761,male,0,no,no,45,yes,no,no,no_internet_service,no_internet_service,no_internet_service,no_internet_service,no_internet_service,no_internet_service,one_year,no,bank_transfer_(automatic),18.85,867.3,0
2762,female,0,yes,no,40,yes,yes,dsl,no,yes,no,no,yes,no,one_year,no,bank_transfer_(automatic),63.9,2635.0,0
2763,male,0,yes,no,65,yes,yes,fiber_optic,yes,yes,yes,no,yes,no,two_year,yes,electronic_check,99.35,6347.55,0
2764,male,0,no,yes,8,no,no_phone_service,dsl,yes,no,no,yes,no,yes,two_year,yes,mailed_check,44.55,343.45,0
2765,male,0,yes,no,39,yes,no,no,no_internet_service,no_internet_service,no_internet_service,no_internet_service,no_internet_service,no_internet_service,two_year,yes,bank_transfer_(automatic),20.45,790.0,0
2766,male,0,no,no,72,yes,yes,dsl,yes,yes,yes,yes,yes,yes,two_year,no,credit_card_(automatic),88.55,6362.35,0
2767,male,0,no,no,2,yes,yes,fiber_optic,no,no,no,no,no,no,month_to_month,yes,electronic_check,76.5,162.45,1
2768,female,0,no,no,1,no,no_phone_service,dsl,no,yes,no,no,no,no,month_to_month,no,bank_transfer_(automatic),29.95,29.95,1
2769,male,0,no,no,14,yes,yes,fiber_optic,no,yes,no,no,yes,yes,month_to_month,yes,electronic_check,100.55,1415.55,1
2770,male,0,no,no,1,yes,no,no,no_internet_service,no_internet_service,no_internet_service,no_internet_service,no_internet_service,no_internet_service,month_to_month,no,credit_card_(automatic),19.3,19.3,0
2771,male,0,yes,no,53,yes,no,no,no_internet_service,no_internet_service,no_internet_service,no_internet_service,no_internet_service,no_internet_service,two_year,no,credit_card_(automatic),19.9,1110.05,0
2772,female,0,yes,no,43,yes,yes,fiber_optic,yes,yes,no,no,no,yes,month_to_month,yes,electronic_check,94.1,4107.3,0
2773,male,0,yes,yes,22,yes,yes,dsl,no,no,yes,yes,yes,yes,one_year,yes,mailed_check,78.65,1663.75,0
2774,male,0,yes,no,42,yes,yes,dsl,yes,no,no,no,no,no,one_year,no,credit_card_(automatic),56.1,2386.85,0
2775,female,0,yes,yes,48,yes,no,no,no_internet_service,no_internet_service,no_internet_service,no_internet_service,no_internet_service,no_internet_service,two_year,no,bank_transfer_(automatic),20.65,1057.0,0
2776,female,0,yes,yes,38,yes,no,no,no_internet_service,no_internet_service,no_internet_service,no_internet_service,no_internet_service,no_internet_service,month_to_month,no,mailed_check,20.45,781.25,0
2777,male,0,yes,no,15,yes,no,no,no_internet_service,no_internet_service,no_internet_service,no_internet_service,no_internet_service,no_internet_service,one_year,no,mailed_check,18.8,294.95,0
2778,female,0,yes,yes,72,yes,yes,fiber_optic,yes,yes,yes,yes,yes,yes,two_year,yes,bank_transfer_(automatic),113.1,8248.5,0
2779,male,0,no,no,1,yes,no,dsl,no,no,no,no,no,no,month_to_month,yes,mailed_check,44.95,44.95,0
2780,male,0,no,no,36,yes,yes,fiber_optic,no,no,no,no,no,yes,month_to_month,yes,electronic_check,84.9,3067.2,1
2781,male,0,yes,yes,68,yes,no,fiber_optic,yes,no,no,yes,yes,yes,two_year,yes,electronic_check,99.55,6668.0,0
2782,female,1,yes,no,72,yes,yes,dsl,yes,yes,yes,no,yes,yes,two_year,yes,credit_card_(automatic),84.1,6129.65,0
2783,male,0,no,no,40,yes,yes,fiber_optic,no,no,no,no,yes,no,month_to_month,yes,electronic_check,84.9,3369.05,0
2784,female,0,no,no,65,no,no_phone_service,dsl,yes,no,yes,yes,yes,yes,two_year,no,credit_card_(automatic),59.95,3921.1,0
2785,female,0,yes,no,71,yes,yes,no,no_internet_service,no_internet_service,no_internet_service,no_internet_service,no_internet_service,no_internet_service,two_year,no,mailed_check,23.85,1672.1,0
2786,female,0,yes,yes,70,yes,yes,dsl,yes,yes,no,no,yes,no,two_year,yes,credit_card_(automatic),69.2,4872.35,0
2787,female,1,no,no,54,yes,yes,dsl,no,yes,no,yes,yes,no,one_year,no,mailed_check,72.1,3886.05,0
2788,male,0,yes,no,5,yes,yes,fiber_optic,yes,no,no,no,no,yes,month_to_month,yes,electronic_check,89.15,413.25,0
2789,female,0,yes,yes,68,yes,yes,dsl,yes,yes,yes,yes,yes,yes,two_year,yes,bank_transfer_(automatic),89.05,6185.8,0
2790,female,0,yes,yes,64,yes,yes,dsl,yes,yes,yes,yes,yes,yes,two_year,yes,mailed_check,90.6,5817.45,0
2791,male,0,yes,no,71,yes,no,dsl,yes,yes,yes,yes,yes,yes,two_year,yes,bank_transfer_(automatic),86.1,6045.9,0
2792,male,0,no,no,3,yes,no,fiber_optic,no,no,yes,yes,yes,no,month_to_month,yes,mailed_check,89.85,244.45,0
2793,female,1,yes,no,15,yes,no,fiber_optic,no,yes,no,no,yes,yes,month_to_month,yes,electronic_check,94.65,1285.05,0
2794,female,0,no,no,1,yes,no,dsl,no,no,no,no,no,yes,month_to_month,yes,electronic_check,55.45,55.45,0
2795,female,0,no,no,64,yes,yes,fiber_optic,no,no,yes,no,yes,yes,one_year,yes,credit_card_(automatic),100.05,6254.2,1
2796,male,0,no,no,1,yes,no,no,no_internet_service,no_internet_service,no_internet_service,no_internet_service,no_internet_service,no_internet_service,month_to_month,yes,mailed_check,19.75,19.75,0
2797,female,0,no,no,42,no,no_phone_service,dsl,yes,yes,yes,yes,no,yes,one_year,yes,electronic_check,54.75,2348.45,0
2798,male,0,no,no,1,yes,no,dsl,no,no,no,no,no,no,month_to_month,yes,bank_transfer_(automatic),44.05,44.05,0
2799,female,0,no,no,1,no,no_phone_service,dsl,no,no,no,no,no,no,month_to_month,yes,mailed_check,25.15,25.15,0
2800,female,0,no,no,51,yes,yes,fiber_optic,no,yes,yes,yes,yes,yes,one_year,yes,electronic_check,111.5,5703.25,0
2801,female,0,no,no,1,yes,no,fiber_optic,no,no,yes,no,no,no,month_to_month,yes,electronic_check,74.9,74.9,1
2802,female,0,yes,no,61,yes,yes,no,no_internet_service,no_internet_service,no_internet_service,no_internet_service,no_internet_service,no_internet_service,two_year,no,bank_transfer_(automatic),25.3,1554.9,0
2803,female,0,yes,yes,30,yes,no,no,no_internet_service,no_internet_service,no_internet_service,no_internet_service,no_internet_service,no_internet_service,two_year,no,mailed_check,19.7,599.25,0
2804,male,0,yes,yes,36,yes,yes,no,no_internet_service,no_internet_service,no_internet_service,no_internet_service,no_internet_service,no_internet_service,two_year,no,credit_card_(automatic),25.1,930.95,0
2805,female,0,yes,yes,33,yes,yes,fiber_optic,no,yes,yes,yes,no,no,month_to_month,no,credit_card_(automatic),88.6,2888.7,0
2806,male,0,yes,yes,72,yes,yes,dsl,yes,yes,yes,yes,yes,yes,two_year,yes,credit_card_(automatic),91.95,6614.9,0
2807,female,0,no,no,12,yes,no,dsl,no,no,no,no,no,no,month_to_month,yes,bank_transfer_(automatic),45.0,524.35,0
2808,female,0,no,no,1,yes,no,fiber_optic,no,no,no,no,no,no,month_to_month,no,electronic_check,70.1,70.1,0
2809,male,0,yes,no,48,yes,no,no,no_internet_service,no_internet_service,no_internet_service,no_internet_service,no_internet_service,no_internet_service,two_year,no,mailed_check,19.25,855.1,0
2810,male,0,no,no,22,yes,yes,fiber_optic,no,yes,no,no,no,no,month_to_month,yes,mailed_check,78.85,1600.25,0
2811,female,0,no,no,1,no,no_phone_service,dsl,no,no,no,no,no,no,month_to_month,yes,mailed_check,24.9,24.9,0
2812,female,0,yes,yes,72,no,no_phone_service,dsl,yes,yes,yes,yes,yes,yes,two_year,no,bank_transfer_(automatic),65.7,4575.35,0
2813,female,0,yes,no,20,yes,no,no,no_internet_service,no_internet_service,no_internet_service,no_internet_service,no_internet_service,no_internet_service,one_year,yes,mailed_check,20.0,416.45,0
2814,male,0,no,no,35,yes,no,no,no_internet_service,no_internet_service,no_internet_service,no_internet_service,no_internet_service,no_internet_service,two_year,no,mailed_check,19.25,677.9,0
2815,male,0,no,no,14,yes,no,no,no_internet_service,no_internet_service,no_internet_service,no_internet_service,no_internet_service,no_internet_service,one_year,no,bank_transfer_(automatic),20.4,275.7,0
2816,female,0,yes,yes,62,yes,yes,fiber_optic,yes,no,no,no,yes,yes,two_year,yes,bank_transfer_(automatic),101.15,6638.35,0
2817,female,0,no,no,29,yes,yes,dsl,yes,yes,no,yes,no,no,month_to_month,no,mailed_check,67.45,1801.1,0
2818,female,0,yes,yes,69,yes,yes,dsl,yes,no,no,yes,no,no,two_year,no,credit_card_(automatic),61.4,4059.85,0
2819,female,1,no,no,13,yes,yes,fiber_optic,yes,no,no,no,yes,yes,month_to_month,yes,electronic_check,100.8,1308.1,1
2820,female,0,yes,yes,9,yes,yes,dsl,no,yes,no,no,no,no,month_to_month,yes,mailed_check,55.3,501.2,0
2821,female,0,yes,yes,14,yes,no,dsl,yes,yes,no,yes,no,no,month_to_month,no,bank_transfer_(automatic),59.45,780.85,0
2822,male,0,no,no,7,yes,yes,fiber_optic,no,no,no,no,yes,yes,month_to_month,no,mailed_check,95.0,655.5,1
2823,male,0,no,no,66,yes,yes,no,no_internet_service,no_internet_service,no_internet_service,no_internet_service,no_internet_service,no_internet_service,two_year,no,mailed_check,25.1,1697.7,0
2824,male,0,yes,yes,52,yes,no,no,no_internet_service,no_internet_service,no_internet_service,no_internet_service,no_internet_service,no_internet_service,two_year,no,mailed_check,19.2,1054.75,0
2825,male,0,no,yes,4,yes,yes,fiber_optic,no,no,no,yes,no,no,month_to_month,no,credit_card_(automatic),80.8,332.45,1
2826,male,0,yes,no,34,yes,yes,fiber_optic,no,no,yes,no,yes,yes,month_to_month,no,electronic_check,100.85,3527.3,0
2827,female,0,no,no,2,yes,no,fiber_optic,no,no,no,no,yes,yes,month_to_month,yes,electronic_check,90.4,168.2,1
2828,male,1,yes,yes,65,yes,yes,fiber_optic,yes,yes,no,no,no,no,month_to_month,yes,electronic_check,85.75,5688.45,0
2829,female,0,no,no,1,yes,no,dsl,no,no,no,no,no,no,month_to_month,no,mailed_check,43.95,43.95,1
2830,male,0,no,no,63,yes,yes,no,no_internet_service,no_internet_service,no_internet_service,no_internet_service,no_internet_service,no_internet_service,two_year,no,mailed_check,25.25,1559.3,0
2831,female,0,no,no,29,yes,no,fiber_optic,no,no,no,no,yes,no,month_to_month,yes,electronic_check,78.9,2384.15,1
2832,female,0,yes,no,43,yes,no,dsl,yes,no,yes,yes,yes,yes,two_year,yes,electronic_check,78.8,3460.3,0
2833,female,0,yes,no,20,yes,no,no,no_internet_service,no_internet_service,no_internet_service,no_internet_service,no_internet_service,no_internet_service,one_year,no,mailed_check,20.35,393.15,0
2834,male,0,no,no,1,yes,no,no,no_internet_service,no_internet_service,no_internet_service,no_internet_service,no_internet_service,no_internet_service,month_to_month,no,mailed_check,20.3,20.3,0
2835,male,1,no,no,27,yes,yes,fiber_optic,no,yes,no,yes,yes,yes,one_year,yes,bank_transfer_(automatic),104.65,2964.0,0
2836,male,0,yes,yes,45,yes,no,no,no_internet_service,no_internet_service,no_internet_service,no_internet_service,no_internet_service,no_internet_service,two_year,no,electronic_check,19.2,903.7,0
2837,male,0,yes,no,24,yes,no,no,no_internet_service,no_internet_service,no_internet_service,no_internet_service,no_internet_service,no_internet_service,two_year,no,mailed_check,19.75,483.15,0
2838,female,0,yes,yes,71,yes,yes,dsl,yes,yes,yes,yes,yes,yes,two_year,yes,credit_card_(automatic),90.55,6239.05,0
2839,male,0,yes,yes,43,no,no_phone_service,dsl,no,yes,no,no,no,no,month_to_month,no,credit_card_(automatic),29.3,1224.05,0
2840,male,0,no,no,30,yes,no,dsl,yes,yes,no,yes,yes,no,one_year,no,electronic_check,70.4,2044.75,0
2841,female,0,no,no,1,yes,yes,fiber_optic,no,no,no,no,no,no,month_to_month,no,electronic_check,76.0,76.0,1
2842,male,0,no,no,31,yes,no,fiber_optic,no,yes,yes,no,yes,yes,month_to_month,yes,electronic_check,101.4,3143.65,0
2843,female,0,yes,no,69,yes,yes,fiber_optic,no,no,yes,yes,yes,yes,two_year,no,bank_transfer_(automatic),105.35,7240.65,0
2844,female,0,no,no,4,yes,yes,fiber_optic,no,no,no,no,no,no,month_to_month,yes,electronic_check,75.65,302.35,0
2845,female,0,yes,no,11,yes,yes,fiber_optic,yes,no,no,yes,yes,no,month_to_month,yes,credit_card_(automatic),96.2,1222.05,1
2846,male,0,yes,yes,55,yes,yes,fiber_optic,no,no,no,no,no,yes,month_to_month,no,bank_transfer_(automatic),85.5,4713.4,0
2847,male,0,no,yes,1,yes,no,no,no_internet_service,no_internet_service,no_internet_service,no_internet_service,no_internet_service,no_internet_service,month_to_month,no,mailed_check,19.55,19.55,0
2848,female,0,yes,yes,32,yes,yes,dsl,no,yes,yes,no,no,no,month_to_month,no,bank_transfer_(automatic),62.45,2045.55,0
2849,female,1,no,no,71,yes,yes,fiber_optic,yes,yes,no,yes,yes,no,one_year,yes,credit_card_(automatic),99.65,7181.25,0
2850,male,1,no,no,2,yes,yes,fiber_optic,no,no,no,no,yes,yes,month_to_month,yes,electronic_check,94.0,181.7,1
2851,male,0,no,no,1,yes,yes,fiber_optic,no,no,no,no,no,no,month_to_month,yes,electronic_check,74.9,74.9,1
2852,female,0,yes,yes,32,yes,yes,fiber_optic,no,no,yes,no,no,yes,month_to_month,yes,bank_transfer_(automatic),91.05,2954.5,1
2853,male,0,yes,yes,10,yes,no,dsl,no,no,yes,no,yes,no,month_to_month,no,mailed_check,60.2,563.5,0
2854,female,1,no,no,1,yes,yes,fiber_optic,no,no,no,no,yes,no,month_to_month,yes,electronic_check,85.7,85.7,1
2855,female,1,no,no,18,yes,no,no,no_internet_service,no_internet_service,no_internet_service,no_internet_service,no_internet_service,no_internet_service,one_year,no,bank_transfer_(automatic),20.35,369.6,0
2856,female,0,no,yes,63,yes,no,no,no_internet_service,no_internet_service,no_internet_service,no_internet_service,no_internet_service,no_internet_service,two_year,no,credit_card_(automatic),19.5,1215.1,0
2857,female,0,no,no,4,yes,no,no,no_internet_service,no_internet_service,no_internet_service,no_internet_service,no_internet_service,no_internet_service,month_to_month,no,bank_transfer_(automatic),20.95,85.5,1
2858,female,1,no,no,56,yes,yes,fiber_optic,no,yes,yes,no,yes,yes,month_to_month,no,electronic_check,104.75,5841.35,0
2859,male,0,yes,no,3,no,no_phone_service,dsl,no,no,no,no,no,yes,month_to_month,yes,electronic_check,35.15,99.75,1
2860,female,0,yes,no,18,yes,no,no,no_internet_service,no_internet_service,no_internet_service,no_internet_service,no_internet_service,no_internet_service,two_year,no,mailed_check,20.1,370.5,0
2861,male,0,no,no,29,no,no_phone_service,dsl,yes,no,no,yes,no,no,one_year,no,mailed_check,35.6,1072.6,0
2862,female,0,no,no,1,yes,yes,fiber_optic,no,yes,no,no,yes,yes,month_to_month,yes,credit_card_(automatic),100.25,100.25,1
2863,male,0,yes,yes,13,yes,no,dsl,yes,no,no,no,no,no,month_to_month,yes,mailed_check,49.95,587.45,0
2864,male,0,no,no,3,yes,no,dsl,no,no,no,no,no,no,month_to_month,yes,electronic_check,43.3,123.65,1
2865,female,1,no,no,11,yes,yes,fiber_optic,no,no,no,no,no,yes,month_to_month,yes,credit_card_(automatic),84.8,906.85,1
2866,male,0,yes,no,51,yes,yes,fiber_optic,no,no,no,no,yes,yes,month_to_month,yes,electronic_check,94.65,4812.75,1
2867,female,0,yes,yes,65,yes,yes,fiber_optic,yes,no,yes,yes,yes,yes,two_year,no,electronic_check,109.3,7337.55,0
2868,female,0,yes,yes,9,yes,no,no,no_internet_service,no_internet_service,no_internet_service,no_internet_service,no_internet_service,no_internet_service,two_year,no,mailed_check,19.75,210.65,0
2869,female,0,no,no,26,yes,no,dsl,no,yes,yes,no,no,no,one_year,yes,mailed_check,56.05,1553.2,0
2870,female,0,no,no,29,yes,no,no,no_internet_service,no_internet_service,no_internet_service,no_internet_service,no_internet_service,no_internet_service,one_year,no,mailed_check,20.35,617.35,0
2871,female,0,no,no,34,yes,no,fiber_optic,no,yes,yes,yes,yes,yes,month_to_month,yes,electronic_check,105.1,3634.8,0
2872,female,0,yes,no,8,yes,yes,fiber_optic,no,no,no,no,no,yes,month_to_month,yes,credit_card_(automatic),85.2,627.4,1
2873,female,0,no,no,31,yes,yes,dsl,yes,no,yes,yes,no,no,month_to_month,no,credit_card_(automatic),65.25,1994.3,1
2874,male,0,no,no,20,yes,yes,dsl,no,yes,no,yes,yes,no,one_year,yes,electronic_check,68.7,1416.2,0
2875,male,0,yes,yes,40,yes,yes,fiber_optic,no,no,yes,no,no,no,month_to_month,yes,electronic_check,81.2,3292.3,0
2876,male,0,no,no,68,yes,no,fiber_optic,no,yes,yes,no,no,no,one_year,no,credit_card_(automatic),79.6,5461.45,0
2877,female,0,no,no,30,yes,yes,fiber_optic,no,yes,no,no,yes,yes,month_to_month,yes,electronic_check,100.2,2983.8,1
2878,male,1,no,no,57,yes,yes,fiber_optic,no,yes,no,yes,yes,yes,month_to_month,yes,bank_transfer_(automatic),104.9,5913.95,0
2879,female,1,yes,yes,14,yes,yes,fiber_optic,no,no,no,no,yes,yes,month_to_month,yes,electronic_check,95.8,1346.3,0
2880,female,0,no,no,16,yes,yes,dsl,no,no,yes,no,no,yes,month_to_month,yes,credit_card_(automatic),65.2,1043.35,1
2881,male,0,yes,yes,65,yes,yes,fiber_optic,yes,yes,yes,yes,no,no,two_year,no,credit_card_(automatic),94.55,6078.75,0
2882,male,0,yes,yes,6,yes,no,no,no_internet_service,no_internet_service,no_internet_service,no_internet_service,no_internet_service,no_internet_service,month_to_month,no,credit_card_(automatic),19.85,138.85,0
2883,male,0,yes,yes,53,yes,no,dsl,yes,yes,no,yes,yes,no,two_year,yes,mailed_check,69.7,3729.6,0
2884,female,0,no,no,15,no,no_phone_service,dsl,yes,yes,yes,yes,no,no,one_year,no,mailed_check,45.9,693.45,0
2885,male,0,yes,no,62,yes,yes,fiber_optic,no,no,yes,yes,yes,yes,two_year,yes,bank_transfer_(automatic),107.6,6912.7,0
2886,female,0,yes,yes,72,no,no_phone_service,dsl,yes,yes,yes,yes,yes,yes,two_year,yes,bank_transfer_(automatic),63.8,4684.3,0
2887,male,0,yes,no,17,no,no_phone_service,dsl,yes,no,yes,no,no,no,month_to_month,no,mailed_check,34.4,592.75,0
2888,male,0,no,no,1,yes,no,fiber_optic,no,no,no,no,no,yes,month_to_month,no,electronic_check,80.5,80.5,1
2889,male,0,no,no,51,yes,yes,fiber_optic,no,no,no,no,no,yes,month_to_month,no,bank_transfer_(automatic),83.4,4149.45,0
2890,female,1,no,no,64,yes,yes,dsl,no,yes,yes,yes,no,yes,month_to_month,no,credit_card_(automatic),74.65,4869.35,0
2891,female,0,yes,no,72,yes,yes,dsl,yes,yes,no,yes,no,no,two_year,no,bank_transfer_(automatic),64.75,4804.75,0
2892,female,0,no,no,59,yes,yes,no,no_internet_service,no_internet_service,no_internet_service,no_internet_service,no_internet_service,no_internet_service,two_year,no,electronic_check,24.45,1493.1,0
2893,female,0,yes,yes,7,yes,yes,dsl,no,no,no,no,no,no,month_to_month,no,electronic_check,48.8,349.8,0
2894,male,0,yes,no,72,yes,yes,dsl,yes,yes,yes,no,yes,yes,two_year,yes,electronic_check,85.25,6083.1,0
2895,female,0,yes,no,52,yes,no,dsl,yes,no,yes,no,yes,no,one_year,yes,mailed_check,64.3,3410.6,0
2896,female,0,no,no,1,yes,no,dsl,no,yes,no,no,no,no,month_to_month,no,electronic_check,50.55,50.55,1
2897,male,0,no,no,4,yes,no,fiber_optic,no,no,yes,no,no,no,month_to_month,yes,bank_transfer_(automatic),74.8,321.9,1
2898,male,0,yes,yes,50,yes,yes,no,no_internet_service,no_internet_service,no_internet_service,no_internet_service,no_internet_service,no_internet_service,two_year,no,mailed_check,24.95,1261.45,0
2899,male,1,no,no,15,yes,yes,fiber_optic,no,no,no,no,no,no,month_to_month,no,electronic_check,75.65,1146.65,1
2900,male,0,yes,yes,47,yes,yes,fiber_optic,yes,yes,yes,yes,yes,yes,one_year,yes,bank_transfer_(automatic),113.45,5317.8,0
2901,male,0,yes,no,59,yes,yes,fiber_optic,no,no,yes,no,yes,yes,one_year,yes,bank_transfer_(automatic),99.5,5961.1,1
2902,male,0,no,no,27,yes,no,no,no_internet_service,no_internet_service,no_internet_service,no_internet_service,no_internet_service,no_internet_service,month_to_month,yes,credit_card_(automatic),19.4,460.25,0
2903,female,0,yes,yes,48,yes,no,no,no_internet_service,no_internet_service,no_internet_service,no_internet_service,no_internet_service,no_internet_service,two_year,no,bank_transfer_(automatic),20.2,1027.25,0
2904,male,0,no,no,5,yes,no,fiber_optic,no,no,no,no,no,yes,month_to_month,no,mailed_check,78.75,426.35,0
2905,female,0,yes,yes,72,yes,yes,dsl,yes,yes,yes,yes,no,no,two_year,yes,bank_transfer_(automatic),70.45,5165.7,0
2906,male,0,yes,no,20,yes,no,dsl,yes,no,no,yes,no,yes,one_year,yes,mailed_check,64.15,1274.45,0
2907,female,0,no,no,1,yes,no,fiber_optic,no,no,no,no,no,no,month_to_month,yes,mailed_check,70.7,70.7,0
2908,male,0,yes,no,40,yes,yes,fiber_optic,no,yes,yes,no,yes,yes,one_year,yes,bank_transfer_(automatic),106.0,4178.65,0
2909,male,0,yes,no,72,yes,yes,dsl,yes,yes,yes,yes,no,yes,two_year,no,credit_card_(automatic),79.55,5810.9,0
2910,female,0,no,no,21,yes,no,fiber_optic,no,yes,yes,yes,yes,yes,one_year,yes,mailed_check,104.55,2239.4,0
2911,male,1,yes,no,70,yes,yes,dsl,yes,yes,yes,yes,yes,yes,two_year,no,credit_card_(automatic),90.05,6333.4,0
2912,female,0,no,no,50,yes,yes,fiber_optic,no,no,no,no,yes,yes,month_to_month,yes,electronic_check,95.7,4729.75,0
2913,male,0,no,no,35,yes,no,no,no_internet_service,no_internet_service,no_internet_service,no_internet_service,no_internet_service,no_internet_service,two_year,yes,mailed_check,20.2,684.4,0
2914,female,0,yes,yes,38,yes,no,no,no_internet_service,no_internet_service,no_internet_service,no_internet_service,no_internet_service,no_internet_service,one_year,no,mailed_check,20.3,749.35,0
2915,male,0,yes,no,29,yes,no,fiber_optic,no,no,yes,no,no,no,month_to_month,yes,credit_card_(automatic),75.3,2263.4,0
2916,female,1,yes,no,62,yes,yes,fiber_optic,yes,no,yes,no,yes,yes,one_year,yes,electronic_check,104.85,6312.9,0
2917,female,0,no,no,3,yes,no,no,no_internet_service,no_internet_service,no_internet_service,no_internet_service,no_internet_service,no_internet_service,month_to_month,yes,mailed_check,20.0,61.7,0
2918,male,0,no,no,52,yes,no,fiber_optic,no,yes,yes,yes,yes,yes,one_year,yes,bank_transfer_(automatic),105.0,5426.85,1
2919,female,0,yes,yes,23,yes,no,no,no_internet_service,no_internet_service,no_internet_service,no_internet_service,no_internet_service,no_internet_service,two_year,yes,mailed_check,19.65,451.55,0
2920,female,0,yes,no,34,yes,yes,fiber_optic,no,no,yes,no,yes,yes,month_to_month,yes,electronic_check,100.45,3414.65,0
2921,female,0,yes,no,23,yes,yes,fiber_optic,no,no,yes,no,no,yes,month_to_month,no,mailed_check,90.15,2044.95,0
2922,female,0,no,no,60,yes,no,dsl,no,yes,yes,yes,yes,no,one_year,yes,credit_card_(automatic),70.15,4224.7,0
2923,female,0,no,no,41,yes,yes,dsl,yes,no,yes,yes,no,yes,month_to_month,yes,bank_transfer_(automatic),74.65,3090.65,0
2924,male,0,yes,no,22,yes,no,fiber_optic,yes,yes,no,yes,yes,yes,month_to_month,yes,electronic_check,104.6,2180.55,0
2925,male,0,yes,yes,18,yes,no,no,no_internet_service,no_internet_service,no_internet_service,no_internet_service,no_internet_service,no_internet_service,one_year,no,bank_transfer_(automatic),20.05,345.9,0
2926,male,0,no,no,19,yes,no,fiber_optic,no,yes,yes,no,no,no,month_to_month,yes,electronic_check,78.25,1490.95,1
2927,female,0,no,no,8,yes,no,no,no_internet_service,no_internet_service,no_internet_service,no_internet_service,no_internet_service,no_internet_service,two_year,no,mailed_check,20.85,161.65,0
2928,male,0,no,no,4,yes,yes,no,no_internet_service,no_internet_service,no_internet_service,no_internet_service,no_internet_service,no_internet_service,month_to_month,no,mailed_check,25.25,101.9,0
2929,female,0,yes,no,72,yes,yes,fiber_optic,no,yes,yes,yes,yes,yes,one_year,no,credit_card_(automatic),109.15,7789.6,0
2930,male,0,yes,no,72,yes,yes,dsl,yes,yes,yes,yes,yes,yes,two_year,yes,bank_transfer_(automatic),87.1,6230.1,0
2931,male,1,yes,no,3,yes,yes,fiber_optic,no,no,no,no,yes,yes,month_to_month,yes,electronic_check,94.6,279.55,1
2932,male,0,no,no,1,yes,no,no,no_internet_service,no_internet_service,no_internet_service,no_internet_service,no_internet_service,no_internet_service,month_to_month,yes,mailed_check,20.2,20.2,1
2933,female,0,yes,yes,3,yes,yes,dsl,no,yes,yes,no,yes,no,month_to_month,yes,bank_transfer_(automatic),69.15,235.0,0
2934,male,0,yes,yes,67,yes,yes,fiber_optic,no,yes,yes,no,no,no,one_year,no,electronic_check,87.4,5918.8,1
2935,female,0,no,yes,15,yes,no,no,no_internet_service,no_internet_service,no_internet_service,no_internet_service,no_internet_service,no_internet_service,one_year,no,mailed_check,19.65,270.6,0
2936,male,0,no,no,2,yes,yes,dsl,no,no,no,no,no,yes,month_to_month,no,bank_transfer_(automatic),62.05,118.3,1
2937,male,1,yes,no,30,yes,no,fiber_optic,no,yes,yes,no,no,no,month_to_month,yes,mailed_check,79.65,2365.15,1
2938,male,0,no,no,1,yes,no,dsl,no,no,yes,yes,yes,yes,month_to_month,yes,electronic_check,75.5,75.5,0
2939,female,0,no,no,14,yes,yes,fiber_optic,no,no,yes,no,no,no,month_to_month,yes,electronic_check,80.45,1072.0,1
2940,male,0,no,no,34,yes,yes,fiber_optic,yes,yes,yes,yes,yes,yes,one_year,no,credit_card_(automatic),116.25,3899.05,0
2941,female,0,no,no,24,no,no_phone_service,dsl,no,yes,yes,no,yes,yes,month_to_month,yes,credit_card_(automatic),54.15,1240.25,1
2942,male,0,yes,yes,55,yes,no,no,no_internet_service,no_internet_service,no_internet_service,no_internet_service,no_internet_service,no_internet_service,one_year,no,mailed_check,19.5,1026.35,0
2943,male,0,yes,no,52,yes,no,fiber_optic,yes,yes,yes,yes,yes,yes,two_year,yes,electronic_check,106.3,5487.0,0
2944,male,1,yes,no,54,yes,yes,fiber_optic,no,yes,yes,yes,yes,yes,two_year,yes,electronic_check,110.45,6077.75,0
2945,male,0,yes,no,21,yes,yes,fiber_optic,no,yes,yes,yes,yes,yes,month_to_month,yes,electronic_check,111.2,2317.1,1
2946,male,1,yes,no,65,yes,no,fiber_optic,no,no,no,no,no,no,one_year,yes,bank_transfer_(automatic),70.95,4555.2,0
2947,female,0,yes,yes,10,yes,no,dsl,no,yes,yes,no,no,yes,one_year,yes,mailed_check,65.9,660.05,0
2948,female,0,no,no,70,yes,yes,fiber_optic,no,yes,no,no,yes,yes,one_year,no,electronic_check,98.9,6838.6,0
2949,female,0,yes,yes,43,yes,no,no,no_internet_service,no_internet_service,no_internet_service,no_internet_service,no_internet_service,no_internet_service,one_year,no,mailed_check,20.0,817.95,0
2950,male,1,yes,yes,43,yes,yes,fiber_optic,no,yes,yes,yes,yes,yes,month_to_month,yes,bank_transfer_(automatic),110.75,4687.9,1
2951,male,0,no,no,35,yes,no,dsl,no,no,no,no,yes,no,month_to_month,no,mailed_check,55.0,2010.55,1
2952,male,0,no,no,37,yes,yes,fiber_optic,no,yes,no,yes,yes,yes,one_year,yes,credit_card_(automatic),104.5,3778.0,0
2953,male,0,yes,yes,28,yes,no,no,no_internet_service,no_internet_service,no_internet_service,no_internet_service,no_internet_service,no_internet_service,two_year,yes,credit_card_(automatic),20.3,487.95,0
2954,male,0,yes,yes,50,yes,no,fiber_optic,no,yes,yes,yes,yes,yes,one_year,yes,bank_transfer_(automatic),103.4,5236.4,0
2955,male,0,no,no,44,yes,no,fiber_optic,no,no,no,no,no,no,month_to_month,no,credit_card_(automatic),68.85,2958.95,0
2956,male,0,no,no,4,yes,no,no,no_internet_service,no_internet_service,no_internet_service,no_internet_service,no_internet_service,no_internet_service,month_to_month,no,mailed_check,19.0,78.9,0
2957,male,1,yes,no,72,yes,yes,fiber_optic,yes,yes,yes,yes,yes,yes,month_to_month,yes,credit_card_(automatic),112.9,8061.5,0
2958,male,0,no,yes,3,yes,no,no,no_internet_service,no_internet_service,no_internet_service,no_internet_service,no_internet_service,no_internet_service,month_to_month,no,bank_transfer_(automatic),20.2,50.6,0
2959,male,0,no,no,1,no,no_phone_service,dsl,no,no,no,no,no,no,month_to_month,no,mailed_check,24.4,24.4,0
2960,female,0,no,yes,4,yes,yes,fiber_optic,no,yes,no,no,yes,no,month_to_month,no,mailed_check,89.6,365.65,1
2961,male,0,yes,yes,31,no,no_phone_service,dsl,yes,no,no,yes,no,no,month_to_month,no,bank_transfer_(automatic),35.4,1077.5,1
2962,male,0,no,no,41,yes,yes,fiber_optic,no,yes,no,no,yes,no,month_to_month,yes,electronic_check,89.2,3645.75,0
2963,female,1,no,no,16,yes,no,dsl,no,no,no,yes,yes,no,month_to_month,no,electronic_check,59.4,1023.9,1
2964,male,0,no,no,20,yes,no,no,no_internet_service,no_internet_service,no_internet_service,no_internet_service,no_internet_service,no_internet_service,month_to_month,no,mailed_check,19.4,415.4,0
2965,female,0,no,no,39,no,no_phone_service,dsl,no,yes,yes,yes,no,no,month_to_month,no,bank_transfer_(automatic),41.1,1597.05,0
2966,female,0,yes,no,69,yes,yes,fiber_optic,yes,no,no,no,yes,yes,two_year,no,bank_transfer_(automatic),99.15,6875.35,0
2967,male,0,yes,no,72,yes,yes,fiber_optic,yes,yes,yes,yes,yes,yes,two_year,yes,bank_transfer_(automatic),115.8,8424.9,0
2968,female,0,no,no,39,yes,no,dsl,yes,no,no,no,no,no,one_year,yes,electronic_check,47.85,1886.4,0
2969,female,0,no,yes,46,yes,no,fiber_optic,yes,yes,no,yes,yes,yes,one_year,yes,bank_transfer_(automatic),105.2,4822.85,1
2970,male,0,yes,yes,72,yes,yes,fiber_optic,yes,yes,yes,no,yes,yes,two_year,yes,bank_transfer_(automatic),110.3,7966.9,0
2971,female,0,yes,yes,71,yes,no,dsl,yes,yes,yes,yes,yes,yes,two_year,no,credit_card_(automatic),87.25,6328.7,0
2972,male,0,yes,yes,68,no,no_phone_service,dsl,yes,yes,no,no,yes,no,one_year,no,mailed_check,44.8,2983.65,0
2973,female,0,no,no,23,yes,yes,no,no_internet_service,no_internet_service,no_internet_service,no_internet_service,no_internet_service,no_internet_service,one_year,no,credit_card_(automatic),24.8,615.35,0
2974,male,0,yes,no,59,yes,yes,fiber_optic,yes,yes,yes,yes,yes,no,month_to_month,yes,electronic_check,106.75,6252.9,1
2975,female,0,no,no,1,yes,no,fiber_optic,no,no,yes,no,no,no,month_to_month,no,electronic_check,75.55,75.55,0
2976,male,0,no,no,9,yes,no,fiber_optic,no,no,no,no,no,no,month_to_month,yes,electronic_check,70.5,597.9,0
2977,male,0,yes,no,42,yes,yes,fiber_optic,no,no,yes,yes,yes,yes,one_year,yes,electronic_check,108.3,4586.15,0
2978,female,0,no,no,1,yes,no,fiber_optic,no,no,no,no,no,no,month_to_month,yes,mailed_check,70.15,70.15,1
2979,male,0,no,no,24,yes,no,dsl,yes,no,no,no,no,no,month_to_month,yes,electronic_check,51.15,1275.7,0
2980,male,0,yes,yes,59,yes,no,no,no_internet_service,no_internet_service,no_internet_service,no_internet_service,no_internet_service,no_internet_service,two_year,no,mailed_check,19.5,1147.85,0
2981,female,0,yes,no,71,yes,yes,dsl,yes,yes,yes,yes,yes,yes,two_year,no,credit_card_(automatic),85.75,6223.8,0
2982,female,0,yes,no,12,yes,no,no,no_internet_service,no_internet_service,no_internet_service,no_internet_service,no_internet_service,no_internet_service,two_year,yes,electronic_check,20.05,264.55,0
2983,male,0,yes,yes,2,yes,no,dsl,no,no,no,no,no,no,month_to_month,yes,electronic_check,44.5,90.05,0
2984,male,0,no,no,43,yes,yes,fiber_optic,no,yes,no,no,yes,yes,month_to_month,yes,electronic_check,101.4,4528.0,1
2985,male,0,yes,yes,38,yes,yes,fiber_optic,no,no,yes,yes,yes,no,two_year,yes,bank_transfer_(automatic),94.9,3616.25,0
2986,female,0,yes,yes,68,no,no_phone_service,dsl,no,yes,yes,yes,yes,yes,two_year,no,credit_card_(automatic),60.3,4109.0,0
2987,female,0,yes,yes,23,yes,no,fiber_optic,no,yes,yes,yes,no,no,month_to_month,no,electronic_check,83.8,1900.25,1
2988,male,0,yes,yes,41,yes,yes,fiber_optic,no,no,yes,yes,yes,yes,one_year,yes,electronic_check,102.6,4213.35,1
2989,female,0,no,no,36,yes,no,fiber_optic,no,no,yes,yes,no,yes,month_to_month,yes,electronic_check,87.55,3078.1,1
2990,female,0,yes,yes,7,no,no_phone_service,dsl,no,no,no,no,no,no,month_to_month,yes,electronic_check,24.7,149.05,0
2991,female,0,no,no,37,yes,yes,fiber_optic,no,yes,yes,no,yes,yes,month_to_month,yes,bank_transfer_(automatic),101.9,3545.35,1
2992,female,0,yes,no,64,yes,no,no,no_internet_service,no_internet_service,no_internet_service,no_internet_service,no_internet_service,no_internet_service,two_year,no,credit_card_(automatic),19.45,1225.65,0
2993,male,0,no,no,72,yes,yes,fiber_optic,no,yes,yes,yes,yes,yes,two_year,no,bank_transfer_(automatic),109.2,7878.3,0
2994,female,0,yes,yes,46,yes,no,no,no_internet_service,no_internet_service,no_internet_service,no_internet_service,no_internet_service,no_internet_service,two_year,no,bank_transfer_(automatic),20.25,890.35,0
2995,female,1,yes,no,71,yes,no,fiber_optic,no,yes,yes,no,yes,yes,two_year,yes,electronic_check,99.2,7213.75,0
2996,female,0,yes,yes,24,yes,yes,dsl,yes,yes,no,no,yes,yes,one_year,no,electronic_check,78.4,1832.4,0
2997,male,0,no,no,30,yes,no,fiber_optic,no,no,no,no,yes,yes,month_to_month,yes,electronic_check,90.25,2755.35,1
2998,male,0,yes,no,43,yes,no,fiber_optic,yes,no,yes,yes,no,no,one_year,yes,bank_transfer_(automatic),84.25,3539.25,0
2999,male,1,yes,no,12,yes,yes,fiber_optic,no,yes,no,no,yes,yes,month_to_month,yes,electronic_check,101.35,1218.55,1
3000,male,0,yes,yes,6,yes,no,dsl,yes,no,no,no,no,no,month_to_month,yes,electronic_check,49.15,295.65,0
3001,female,0,no,no,12,yes,no,fiber_optic,yes,no,no,yes,yes,yes,month_to_month,yes,bank_transfer_(automatic),98.9,1120.95,1
3002,female,0,yes,no,14,yes,yes,dsl,yes,no,no,no,yes,no,month_to_month,yes,bank_transfer_(automatic),64.7,941.0,1
3003,female,0,yes,yes,8,yes,no,no,no_internet_service,no_internet_service,no_internet_service,no_internet_service,no_internet_service,no_internet_service,two_year,no,mailed_check,19.5,162.15,0
3004,female,0,no,no,25,yes,no,dsl,yes,yes,yes,yes,yes,no,one_year,no,mailed_check,74.3,1863.8,1
3005,male,0,no,no,2,yes,no,fiber_optic,no,no,no,no,no,no,month_to_month,no,mailed_check,70.7,129.2,0
3006,male,0,no,no,56,yes,yes,fiber_optic,no,yes,no,no,yes,yes,month_to_month,no,electronic_check,98.6,5581.05,0
3007,female,0,yes,no,46,yes,no,dsl,yes,yes,no,yes,no,yes,one_year,no,mailed_check,70.6,3231.05,0
3008,male,0,yes,yes,4,yes,no,no,no_internet_service,no_internet_service,no_internet_service,no_internet_service,no_internet_service,no_internet_service,two_year,no,mailed_check,19.9,76.65,0
3009,female,0,no,no,1,yes,no,no,no_internet_service,no_internet_service,no_internet_service,no_internet_service,no_internet_service,no_internet_service,month_to_month,no,mailed_check,20.15,20.15,0
3010,female,0,no,no,10,yes,yes,fiber_optic,no,yes,no,no,no,no,month_to_month,yes,credit_card_(automatic),81.0,818.05,1
3011,male,0,no,no,31,yes,no,fiber_optic,no,no,yes,yes,yes,yes,two_year,no,bank_transfer_(automatic),99.45,3109.9,0
3012,male,0,no,no,13,yes,no,dsl,no,no,no,yes,no,no,month_to_month,yes,mailed_check,50.55,610.75,0
3013,male,0,no,yes,15,yes,no,dsl,yes,no,yes,no,no,yes,one_year,no,mailed_check,64.85,950.75,0
3014,female,1,no,no,56,yes,yes,fiber_optic,yes,yes,no,no,no,yes,month_to_month,yes,electronic_check,96.85,5219.65,0
3015,male,0,yes,yes,68,yes,yes,fiber_optic,yes,yes,no,no,no,no,one_year,yes,bank_transfer_(automatic),85.5,5696.6,0
3016,male,0,yes,yes,53,yes,yes,no,no_internet_service,no_internet_service,no_internet_service,no_internet_service,no_internet_service,no_internet_service,two_year,no,credit_card_(automatic),25.55,1336.1,0
3017,male,1,yes,no,16,yes,no,dsl,yes,yes,no,no,no,no,month_to_month,yes,bank_transfer_(automatic),54.55,825.1,0
3018,female,0,no,no,53,yes,yes,fiber_optic,yes,yes,yes,no,yes,no,one_year,no,mailed_check,98.6,5311.85,0
3019,female,0,yes,yes,24,yes,yes,no,no_internet_service,no_internet_service,no_internet_service,no_internet_service,no_internet_service,no_internet_service,two_year,no,mailed_check,24.7,571.75,0
3020,male,0,no,yes,55,yes,no,no,no_internet_service,no_internet_service,no_internet_service,no_internet_service,no_internet_service,no_internet_service,one_year,no,bank_transfer_(automatic),19.1,1001.5,0
3021,male,0,no,no,3,yes,no,dsl,yes,no,no,yes,yes,no,month_to_month,yes,credit_card_(automatic),64.4,195.65,0
3022,female,0,yes,yes,49,yes,yes,no,no_internet_service,no_internet_service,no_internet_service,no_internet_service,no_internet_service,no_internet_service,two_year,no,mailed_check,25.25,1211.65,0
3023,female,0,no,no,60,yes,no,no,no_internet_service,no_internet_service,no_internet_service,no_internet_service,no_internet_service,no_internet_service,two_year,no,mailed_check,20.6,1093.0,0
3024,male,0,no,no,62,yes,yes,fiber_optic,yes,yes,no,yes,no,yes,one_year,no,electronic_check,102.0,6529.25,1
3025,female,0,yes,no,14,yes,no,fiber_optic,yes,yes,no,yes,yes,yes,one_year,no,mailed_check,105.95,1348.9,1
3026,female,0,yes,no,72,yes,yes,fiber_optic,yes,yes,yes,yes,no,no,two_year,yes,bank_transfer_(automatic),97.0,7104.2,0
3027,female,1,no,no,2,yes,no,fiber_optic,no,no,no,no,no,no,month_to_month,yes,electronic_check,69.6,131.65,1
3028,male,0,yes,yes,25,yes,yes,no,no_internet_service,no_internet_service,no_internet_service,no_internet_service,no_internet_service,no_internet_service,two_year,no,credit_card_(automatic),25.5,630.6,0
3029,female,0,yes,yes,23,yes,yes,dsl,yes,yes,yes,yes,yes,yes,two_year,yes,credit_card_(automatic),91.1,2198.3,0
3030,male,0,yes,yes,45,yes,no,dsl,yes,no,no,yes,no,no,two_year,no,bank_transfer_(automatic),54.65,2553.7,0
3031,male,0,yes,no,10,yes,no,fiber_optic,no,yes,no,yes,yes,yes,month_to_month,yes,electronic_check,99.85,990.9,1
3032,male,0,no,no,6,yes,no,dsl,no,no,no,yes,no,no,month_to_month,no,mailed_check,50.05,288.35,0
3033,female,0,yes,yes,63,yes,no,no,no_internet_service,no_internet_service,no_internet_service,no_internet_service,no_internet_service,no_internet_service,two_year,no,electronic_check,19.35,1263.85,0
3034,male,0,no,no,1,yes,no,no,no_internet_service,no_internet_service,no_internet_service,no_internet_service,no_internet_service,no_internet_service,month_to_month,yes,mailed_check,18.85,18.85,1
3035,female,0,yes,yes,44,yes,no,dsl,yes,no,no,yes,no,no,month_to_month,no,bank_transfer_(automatic),56.25,2419.55,0
3036,female,0,no,no,18,yes,yes,fiber_optic,no,no,no,yes,yes,no,month_to_month,yes,electronic_check,88.35,1639.3,1
3037,male,0,yes,no,59,yes,yes,fiber_optic,no,no,no,no,no,yes,one_year,no,electronic_check,85.55,5084.65,1
3038,female,0,yes,yes,22,yes,no,no,no_internet_service,no_internet_service,no_internet_service,no_internet_service,no_internet_service,no_internet_service,month_to_month,no,bank_transfer_(automatic),19.05,454.05,0
3039,female,0,yes,no,63,yes,no,fiber_optic,yes,no,yes,no,no,no,one_year,yes,credit_card_(automatic),81.15,5224.5,0
3040,male,0,no,no,52,yes,yes,fiber_optic,yes,no,yes,yes,yes,yes,two_year,yes,electronic_check,109.3,5731.4,0
3041,female,0,no,no,11,yes,yes,fiber_optic,no,no,yes,no,yes,yes,month_to_month,yes,electronic_check,100.75,1129.75,1
3042,male,0,no,no,52,yes,yes,fiber_optic,no,yes,yes,no,yes,yes,month_to_month,yes,electronic_check,103.05,5364.8,0
3043,male,0,no,no,2,yes,no,fiber_optic,no,no,no,no,yes,no,month_to_month,no,electronic_check,79.0,143.65,1
3044,male,0,yes,yes,66,yes,no,no,no_internet_service,no_internet_service,no_internet_service,no_internet_service,no_internet_service,no_internet_service,two_year,yes,mailed_check,19.75,1344.5,0
3045,male,0,no,no,38,yes,no,fiber_optic,no,no,no,no,no,no,month_to_month,yes,credit_card_(automatic),69.5,2625.25,0
3046,female,0,no,no,1,yes,no,no,no_internet_service,no_internet_service,no_internet_service,no_internet_service,no_internet_service,no_internet_service,month_to_month,yes,mailed_check,20.3,20.3,1
3047,female,0,no,no,1,yes,no,dsl,no,no,no,no,no,no,month_to_month,yes,mailed_check,44.45,44.45,1
3048,female,0,no,no,25,yes,yes,dsl,yes,yes,yes,yes,yes,no,month_to_month,yes,bank_transfer_(automatic),78.35,1837.9,0
3049,female,0,no,no,9,yes,no,no,no_internet_service,no_internet_service,no_internet_service,no_internet_service,no_internet_service,no_internet_service,month_to_month,no,mailed_check,20.25,186.15,0
3050,female,0,no,no,29,yes,no,dsl,yes,no,yes,yes,no,no,one_year,no,credit_card_(automatic),58.0,1734.5,0
3051,male,0,yes,yes,66,no,no_phone_service,dsl,no,no,no,yes,yes,yes,two_year,no,bank_transfer_(automatic),50.55,3364.55,0
3052,male,0,no,no,3,no,no_phone_service,dsl,no,yes,no,no,no,no,month_to_month,yes,electronic_check,29.6,79.45,1
3053,male,1,no,no,34,yes,no,fiber_optic,no,no,no,no,no,no,month_to_month,no,credit_card_(automatic),69.15,2275.1,0
3054,male,0,yes,yes,53,yes,yes,dsl,yes,yes,no,no,no,yes,two_year,no,bank_transfer_(automatic),69.7,3686.05,0
3055,male,0,yes,no,15,yes,no,no,no_internet_service,no_internet_service,no_internet_service,no_internet_service,no_internet_service,no_internet_service,month_to_month,yes,credit_card_(automatic),19.45,340.85,0
3056,male,0,no,no,46,yes,no,no,no_internet_service,no_internet_service,no_internet_service,no_internet_service,no_internet_service,no_internet_service,two_year,no,electronic_check,19.95,907.05,0
3057,female,1,no,no,1,no,no_phone_service,dsl,no,no,no,no,no,no,month_to_month,no,mailed_check,25.05,25.05,1
3058,male,0,yes,yes,1,yes,no,dsl,no,no,no,no,no,no,month_to_month,yes,mailed_check,45.85,45.85,1
3059,male,0,no,no,7,yes,yes,fiber_optic,no,no,yes,no,yes,no,month_to_month,yes,credit_card_(automatic),89.35,631.85,1
3060,male,1,no,no,63,yes,yes,fiber_optic,yes,yes,yes,no,yes,yes,month_to_month,yes,bank_transfer_(automatic),109.4,7031.45,0
3061,female,0,no,no,42,yes,no,no,no_internet_service,no_internet_service,no_internet_service,no_internet_service,no_internet_service,no_internet_service,two_year,yes,bank_transfer_(automatic),20.75,844.45,0
3062,female,0,no,no,55,yes,no,dsl,no,yes,yes,no,no,yes,two_year,yes,mailed_check,64.75,3617.1,0
3063,male,0,yes,no,67,yes,yes,no,no_internet_service,no_internet_service,no_internet_service,no_internet_service,no_internet_service,no_internet_service,two_year,no,credit_card_(automatic),25.6,1784.9,0
3064,female,0,no,yes,4,yes,yes,no,no_internet_service,no_internet_service,no_internet_service,no_internet_service,no_internet_service,no_internet_service,month_to_month,yes,mailed_check,25.45,84.2,0
3065,male,0,yes,no,10,yes,no,fiber_optic,no,no,no,no,no,no,month_to_month,yes,electronic_check,70.1,659.65,1
3066,male,0,no,no,11,no,no_phone_service,dsl,no,yes,no,yes,no,no,month_to_month,yes,electronic_check,35.65,425.1,0
3067,male,0,no,no,1,yes,no,dsl,no,no,no,no,no,no,month_to_month,yes,electronic_check,45.6,45.6,1
3068,male,1,yes,no,61,yes,yes,no,no_internet_service,no_internet_service,no_internet_service,no_internet_service,no_internet_service,no_internet_service,two_year,no,bank_transfer_(automatic),25.0,1501.75,0
3069,male,0,yes,yes,43,yes,yes,fiber_optic,yes,no,yes,yes,no,no,one_year,yes,credit_card_(automatic),91.25,4013.8,0
3070,male,0,no,no,17,no,no_phone_service,dsl,no,no,no,no,no,no,month_to_month,no,credit_card_(automatic),25.1,382.8,0
3071,male,0,no,no,57,no,no_phone_service,dsl,no,no,yes,yes,yes,yes,two_year,no,credit_card_(automatic),53.35,3090.05,0
3072,male,0,yes,yes,72,yes,yes,fiber_optic,no,no,no,no,no,yes,two_year,yes,credit_card_(automatic),84.5,6130.85,0
3073,female,0,yes,yes,70,yes,yes,fiber_optic,no,yes,yes,yes,yes,yes,two_year,yes,electronic_check,110.2,7689.8,0
3074,female,0,yes,yes,55,yes,no,no,no_internet_service,no_internet_service,no_internet_service,no_internet_service,no_internet_service,no_internet_service,two_year,no,mailed_check,20.3,1079.05,0
3075,male,0,no,no,1,yes,no,dsl,no,no,no,no,no,yes,month_to_month,no,mailed_check,55.55,55.55,0
3076,female,1,yes,no,54,yes,no,fiber_optic,no,no,yes,yes,yes,yes,one_year,yes,electronic_check,99.1,5437.1,0
3077,male,1,yes,no,8,yes,no,dsl,no,no,yes,yes,no,yes,month_to_month,yes,credit_card_(automatic),64.4,581.7,0
3078,female,0,no,no,2,yes,no,fiber_optic,no,no,no,no,no,yes,month_to_month,no,electronic_check,80.75,159.45,1
3079,male,1,yes,no,1,yes,yes,fiber_optic,no,no,no,no,no,no,month_to_month,yes,electronic_check,74.4,74.4,1
3080,male,0,yes,no,54,yes,no,fiber_optic,yes,yes,yes,yes,yes,yes,two_year,no,bank_transfer_(automatic),109.75,6110.2,1
3081,male,1,no,no,2,yes,no,dsl,no,no,no,no,no,no,month_to_month,no,mailed_check,44.95,85.15,1
3082,female,0,yes,yes,8,yes,no,no,no_internet_service,no_internet_service,no_internet_service,no_internet_service,no_internet_service,no_internet_service,one_year,yes,mailed_check,19.75,145.0,1
3083,male,1,no,no,48,yes,yes,fiber_optic,no,yes,no,no,yes,yes,one_year,yes,electronic_check,99.0,4744.35,0
3084,female,0,yes,no,3,yes,yes,fiber_optic,no,no,no,no,no,no,month_to_month,yes,credit_card_(automatic),74.1,228.0,1
3085,male,0,no,yes,15,yes,yes,no,no_internet_service,no_internet_service,no_internet_service,no_internet_service,no_internet_service,no_internet_service,month_to_month,yes,electronic_check,24.8,324.15,0
3086,male,0,no,no,1,yes,yes,fiber_optic,no,no,no,no,no,no,month_to_month,yes,electronic_check,75.3,75.3,1
3087,male,0,yes,yes,4,yes,yes,dsl,no,no,no,no,no,no,month_to_month,yes,electronic_check,50.9,225.6,1
3088,male,0,no,yes,13,yes,no,dsl,yes,no,no,no,no,no,month_to_month,yes,credit_card_(automatic),52.1,670.65,0
3089,male,0,no,no,10,yes,no,dsl,yes,no,no,no,no,no,month_to_month,yes,mailed_check,51.65,524.5,0
3090,female,0,no,no,2,yes,yes,fiber_optic,no,no,no,no,no,no,month_to_month,yes,electronic_check,75.55,166.3,1
3091,male,0,no,no,1,yes,yes,fiber_optic,no,no,no,no,yes,no,month_to_month,yes,mailed_check,84.65,84.65,1
3092,male,1,no,no,8,yes,no,fiber_optic,no,no,no,no,no,no,month_to_month,yes,electronic_check,69.7,560.85,1
3093,male,0,no,no,61,yes,yes,fiber_optic,yes,no,yes,no,yes,yes,month_to_month,yes,electronic_check,106.45,6300.15,0
3094,male,0,no,no,5,yes,no,dsl,no,yes,no,no,no,no,month_to_month,yes,electronic_check,51.35,262.3,0
3095,female,0,yes,yes,64,yes,yes,fiber_optic,yes,no,no,yes,yes,yes,one_year,yes,bank_transfer_(automatic),104.4,6721.6,0
3096,female,0,no,no,1,yes,no,fiber_optic,no,no,no,no,no,no,month_to_month,no,mailed_check,69.55,69.55,1
3097,female,0,yes,yes,51,yes,no,dsl,yes,yes,yes,yes,yes,yes,two_year,no,credit_card_(automatic),85.5,4421.95,0
3098,female,0,no,no,1,yes,yes,fiber_optic,no,no,no,no,no,yes,month_to_month,yes,electronic_check,85.0,85.0,1
3099,male,0,no,no,22,yes,no,fiber_optic,no,yes,no,no,yes,yes,month_to_month,yes,mailed_check,93.2,2157.3,0
3100,male,0,no,no,18,yes,no,fiber_optic,no,yes,yes,no,yes,yes,month_to_month,no,credit_card_(automatic),101.3,1794.65,0
3101,male,0,no,no,22,yes,yes,fiber_optic,yes,no,no,no,yes,yes,month_to_month,yes,bank_transfer_(automatic),101.35,2317.1,1
3102,male,0,yes,yes,72,no,no_phone_service,dsl,yes,yes,yes,no,no,no,two_year,no,credit_card_(automatic),38.5,2763.0,0
3103,female,1,no,no,1,yes,no,fiber_optic,no,no,yes,no,no,yes,month_to_month,yes,electronic_check,85.0,85.0,1
3104,male,0,no,no,10,no,no_phone_service,dsl,no,no,yes,no,no,no,month_to_month,no,mailed_check,29.5,255.25,1
3105,male,1,yes,no,22,yes,no,fiber_optic,no,no,no,no,yes,yes,month_to_month,yes,bank_transfer_(automatic),89.75,1938.9,0
3106,female,1,yes,no,60,yes,yes,fiber_optic,no,yes,no,no,no,yes,month_to_month,no,electronic_check,89.45,5294.6,0
3107,male,1,yes,no,53,yes,yes,fiber_optic,no,yes,yes,no,yes,yes,month_to_month,yes,electronic_check,103.85,5485.5,1
3108,male,0,yes,yes,72,yes,yes,fiber_optic,yes,yes,yes,yes,yes,yes,two_year,no,bank_transfer_(automatic),114.45,8100.55,0
3109,male,0,no,no,39,yes,yes,fiber_optic,no,no,no,no,no,no,month_to_month,no,electronic_check,75.25,3017.65,1
3110,male,1,no,no,31,yes,yes,fiber_optic,no,no,yes,yes,yes,no,month_to_month,yes,bank_transfer_(automatic),96.6,2877.95,0
3111,male,0,yes,yes,70,no,no_phone_service,dsl,no,yes,yes,yes,yes,yes,one_year,no,electronic_check,60.35,4138.7,0
3112,male,0,no,no,20,yes,no,no,no_internet_service,no_internet_service,no_internet_service,no_internet_service,no_internet_service,no_internet_service,month_to_month,yes,credit_card_(automatic),19.6,356.15,0
3113,male,1,no,no,64,yes,yes,fiber_optic,yes,yes,no,no,yes,yes,month_to_month,yes,bank_transfer_(automatic),103.5,6548.65,0
3114,female,0,no,no,1,yes,no,fiber_optic,no,no,no,no,no,no,month_to_month,yes,electronic_check,69.2,69.2,1
3115,male,0,yes,no,72,yes,yes,fiber_optic,yes,yes,yes,yes,yes,yes,two_year,no,credit_card_(automatic),114.45,8375.05,0
3116,male,0,yes,no,64,yes,yes,dsl,no,yes,no,yes,no,yes,one_year,yes,mailed_check,70.15,4480.7,0
3117,female,0,no,yes,13,yes,no,dsl,yes,yes,no,no,no,no,month_to_month,yes,electronic_check,56.0,764.55,0
3118,female,0,no,no,5,yes,no,dsl,yes,no,yes,no,no,no,month_to_month,no,credit_card_(automatic),55.8,300.4,0
3119,female,0,no,no,3,yes,no,fiber_optic,yes,no,yes,no,yes,yes,month_to_month,yes,credit_card_(automatic),99.0,287.4,1
3120,female,0,no,no,4,yes,yes,dsl,no,no,no,yes,yes,no,month_to_month,yes,mailed_check,64.4,253.0,0
3121,male,0,no,no,69,yes,yes,fiber_optic,no,yes,no,yes,yes,yes,one_year,yes,bank_transfer_(automatic),105.2,7386.05,0
3122,female,0,no,no,1,yes,no,fiber_optic,no,yes,no,yes,yes,no,month_to_month,no,electronic_check,91.7,91.7,1
3123,male,0,no,no,1,yes,no,no,no_internet_service,no_internet_service,no_internet_service,no_internet_service,no_internet_service,no_internet_service,month_to_month,yes,mailed_check,20.25,20.25,0
3124,female,0,no,no,15,yes,no,dsl,no,no,no,no,yes,no,one_year,no,mailed_check,56.15,931.9,0
3125,female,0,no,no,5,yes,no,dsl,yes,no,no,yes,no,no,month_to_month,no,electronic_check,54.2,308.25,1
3126,male,0,yes,yes,45,yes,no,no,no_internet_service,no_internet_service,no_internet_service,no_internet_service,no_internet_service,no_internet_service,two_year,no,mailed_check,20.35,929.2,0
3127,female,0,no,no,17,yes,no,dsl,yes,yes,no,yes,yes,yes,one_year,no,credit_card_(automatic),79.85,1387.35,0
3128,female,0,yes,no,48,yes,yes,dsl,no,no,yes,yes,no,yes,one_year,yes,mailed_check,69.55,3435.6,0
3129,female,0,no,no,31,yes,yes,fiber_optic,yes,yes,no,no,yes,yes,month_to_month,no,electronic_check,104.35,3205.6,0
3130,male,0,yes,yes,17,yes,no,fiber_optic,no,no,no,no,yes,no,month_to_month,no,electronic_check,80.85,1400.85,1
3131,male,1,yes,no,14,yes,yes,fiber_optic,no,no,no,no,no,no,month_to_month,yes,electronic_check,75.1,1013.35,0
3132,female,0,no,no,15,yes,yes,dsl,no,no,no,no,no,no,month_to_month,no,mailed_check,48.85,631.4,0
3133,female,0,yes,no,71,yes,yes,no,no_internet_service,no_internet_service,no_internet_service,no_internet_service,no_internet_service,no_internet_service,two_year,yes,credit_card_(automatic),25.95,1801.9,0
3134,female,0,no,no,35,yes,yes,dsl,yes,no,yes,yes,yes,yes,one_year,yes,credit_card_(automatic),85.95,3110.1,1
3135,female,0,yes,no,55,yes,yes,fiber_optic,no,yes,yes,no,yes,yes,month_to_month,yes,credit_card_(automatic),103.65,5676.65,0
3136,male,0,yes,no,63,yes,no,fiber_optic,yes,yes,yes,yes,yes,yes,two_year,yes,credit_card_(automatic),110.1,6705.7,0
3137,male,1,yes,yes,71,yes,yes,fiber_optic,yes,yes,no,no,yes,yes,month_to_month,yes,credit_card_(automatic),105.1,7548.1,1
3138,male,0,no,no,5,yes,yes,dsl,no,no,no,no,no,no,month_to_month,no,electronic_check,47.15,223.15,1
3139,female,0,no,no,38,yes,no,no,no_internet_service,no_internet_service,no_internet_service,no_internet_service,no_internet_service,no_internet_service,one_year,no,mailed_check,20.05,678.2,0
3140,male,0,yes,no,48,yes,no,no,no_internet_service,no_internet_service,no_internet_service,no_internet_service,no_internet_service,no_internet_service,two_year,yes,mailed_check,20.05,1036.0,0
3141,female,0,no,no,8,yes,no,no,no_internet_service,no_internet_service,no_internet_service,no_internet_service,no_internet_service,no_internet_service,two_year,no,mailed_check,20.25,174.65,0
3142,female,0,yes,yes,48,yes,no,dsl,yes,yes,yes,no,no,yes,two_year,yes,credit_card_(automatic),70.1,3238.4,0
3143,female,0,yes,no,61,yes,yes,fiber_optic,no,yes,no,no,yes,yes,two_year,yes,bank_transfer_(automatic),101.05,5971.25,0
3144,female,0,yes,no,2,yes,no,dsl,no,no,no,no,no,no,month_to_month,yes,credit_card_(automatic),44.6,80.55,1
3145,male,0,no,no,13,yes,no,no,no_internet_service,no_internet_service,no_internet_service,no_internet_service,no_internet_service,no_internet_service,two_year,no,mailed_check,19.95,243.65,0
3146,male,1,yes,no,13,yes,no,fiber_optic,no,yes,no,yes,no,yes,month_to_month,yes,bank_transfer_(automatic),89.05,1169.35,1
3147,female,0,yes,yes,31,yes,no,no,no_internet_service,no_internet_service,no_internet_service,no_internet_service,no_internet_service,no_internet_service,two_year,no,mailed_check,21.0,697.7,0
3148,female,0,no,no,3,yes,no,fiber_optic,no,no,no,no,no,no,month_to_month,yes,bank_transfer_(automatic),69.55,222.3,1
3149,female,1,yes,no,35,yes,yes,fiber_optic,no,no,yes,no,yes,yes,month_to_month,no,bank_transfer_(automatic),102.05,3452.55,0
3150,female,0,no,no,42,yes,no,dsl,no,no,yes,yes,no,yes,two_year,no,credit_card_(automatic),66.5,2762.75,0
3151,male,1,yes,no,44,no,no_phone_service,dsl,no,yes,no,no,no,no,month_to_month,yes,electronic_check,30.35,1359.7,1
3152,male,0,yes,no,72,yes,yes,no,no_internet_service,no_internet_service,no_internet_service,no_internet_service,no_internet_service,no_internet_service,two_year,no,credit_card_(automatic),25.85,1872.2,0
3153,male,0,yes,yes,54,yes,yes,dsl,yes,yes,no,yes,no,no,two_year,yes,credit_card_(automatic),65.65,3566.7,0
3154,female,1,yes,no,6,yes,yes,fiber_optic,no,no,no,no,no,yes,month_to_month,yes,electronic_check,84.35,474.9,1
3155,female,0,yes,yes,34,yes,no,no,no_internet_service,no_internet_service,no_internet_service,no_internet_service,no_internet_service,no_internet_service,one_year,yes,bank_transfer_(automatic),20.1,682.1,0
3156,male,0,no,no,54,yes,no,fiber_optic,yes,no,yes,yes,no,no,one_year,no,electronic_check,84.4,4484.05,0
3157,male,1,no,no,23,yes,yes,fiber_optic,no,yes,yes,no,yes,yes,month_to_month,yes,electronic_check,106.4,2483.5,1
3158,female,0,yes,yes,25,yes,no,no,no_internet_service,no_internet_service,no_internet_service,no_internet_service,no_internet_service,no_internet_service,one_year,no,mailed_check,20.05,520.1,0
3159,female,1,no,no,22,yes,yes,fiber_optic,no,no,no,no,no,no,month_to_month,yes,bank_transfer_(automatic),74.4,1692.6,1
3160,male,0,no,no,69,yes,yes,fiber_optic,no,no,yes,yes,yes,yes,two_year,yes,bank_transfer_(automatic),106.5,7348.8,1
3161,female,0,yes,yes,66,yes,yes,fiber_optic,no,yes,yes,no,yes,yes,one_year,yes,credit_card_(automatic),102.45,6615.15,1
3162,female,0,yes,no,71,yes,yes,fiber_optic,no,yes,yes,yes,yes,yes,two_year,no,electronic_check,109.25,7707.7,0
3163,female,0,no,no,71,yes,yes,no,no_internet_service,no_internet_service,no_internet_service,no_internet_service,no_internet_service,no_internet_service,two_year,no,electronic_check,24.55,1719.15,0
3164,female,0,no,no,44,yes,yes,fiber_optic,no,yes,yes,no,no,no,month_to_month,yes,bank_transfer_(automatic),84.8,3862.55,1
3165,female,0,no,no,30,yes,no,dsl,yes,yes,yes,yes,yes,no,one_year,no,credit_card_(automatic),74.65,2308.6,0
3166,male,0,yes,yes,60,yes,yes,fiber_optic,yes,no,yes,no,yes,no,one_year,yes,bank_transfer_(automatic),95.4,5812.0,0
3167,female,0,yes,yes,71,yes,yes,fiber_optic,yes,yes,yes,yes,no,no,one_year,yes,credit_card_(automatic),95.15,6770.85,0
3168,male,0,yes,yes,60,yes,yes,fiber_optic,no,no,no,no,no,no,month_to_month,no,bank_transfer_(automatic),74.35,4453.3,0
3169,male,0,yes,no,53,yes,yes,fiber_optic,no,yes,no,yes,no,yes,one_year,no,bank_transfer_(automatic),97.75,5043.2,0
3170,male,0,no,no,2,yes,no,dsl,yes,no,yes,no,no,no,month_to_month,yes,mailed_check,55.1,113.35,1
3171,female,0,yes,no,17,yes,yes,dsl,no,yes,no,no,yes,yes,month_to_month,yes,bank_transfer_(automatic),75.4,1322.55,0
3172,male,0,no,no,2,yes,yes,fiber_optic,no,no,no,no,no,no,month_to_month,yes,credit_card_(automatic),73.25,131.05,1
3173,male,0,no,no,7,yes,yes,fiber_optic,no,yes,no,no,yes,yes,month_to_month,yes,electronic_check,99.8,673.25,1
3174,male,0,no,no,30,yes,yes,fiber_optic,yes,yes,yes,no,no,no,one_year,no,bank_transfer_(automatic),90.4,2820.65,0
3175,male,0,no,no,11,yes,no,fiber_optic,yes,no,no,no,no,no,month_to_month,yes,electronic_check,73.5,791.75,1
3176,male,0,yes,no,67,yes,yes,fiber_optic,no,yes,no,no,yes,no,one_year,yes,bank_transfer_(automatic),88.4,5798.3,0
3177,male,0,yes,no,72,yes,yes,dsl,yes,yes,yes,yes,no,no,two_year,yes,bank_transfer_(automatic),67.8,4804.65,0
3178,female,0,yes,yes,72,yes,yes,fiber_optic,yes,yes,yes,yes,yes,yes,two_year,yes,credit_card_(automatic),116.8,8456.75,0
3179,male,0,no,no,21,yes,no,no,no_internet_service,no_internet_service,no_internet_service,no_internet_service,no_internet_service,no_internet_service,one_year,yes,mailed_check,20.35,422.7,0
3180,female,0,no,no,48,yes,yes,no,no_internet_service,no_internet_service,no_internet_service,no_internet_service,no_internet_service,no_internet_service,one_year,no,bank_transfer_(automatic),24.35,1133.7,0
3181,female,0,no,no,1,yes,no,fiber_optic,no,no,no,no,no,no,month_to_month,no,mailed_check,71.1,71.1,0
3182,female,0,no,no,41,yes,no,no,no_internet_service,no_internet_service,no_internet_service,no_internet_service,no_internet_service,no_internet_service,two_year,no,mailed_check,20.0,810.3,0
3183,female,0,yes,yes,48,no,no_phone_service,dsl,yes,yes,no,yes,no,no,two_year,no,mailed_check,39.4,1978.65,0
3184,female,0,no,no,19,no,no_phone_service,dsl,no,no,no,no,yes,yes,one_year,yes,credit_card_(automatic),44.85,893.55,1
3185,male,0,no,no,4,yes,no,dsl,no,no,no,no,no,no,month_to_month,yes,electronic_check,45.9,199.75,0
3186,female,0,no,no,37,yes,no,no,no_internet_service,no_internet_service,no_internet_service,no_internet_service,no_internet_service,no_internet_service,two_year,no,mailed_check,19.8,813.3,0
3187,male,0,yes,no,72,yes,yes,dsl,no,yes,yes,no,yes,yes,two_year,no,bank_transfer_(automatic),82.15,5784.3,0
3188,male,0,no,no,9,yes,no,no,no_internet_service,no_internet_service,no_internet_service,no_internet_service,no_internet_service,no_internet_service,month_to_month,no,credit_card_(automatic),19.7,180.7,0
3189,female,1,no,no,2,yes,yes,fiber_optic,no,no,no,no,no,yes,month_to_month,yes,electronic_check,84.05,186.05,0
3190,male,0,no,yes,1,yes,no,no,no_internet_service,no_internet_service,no_internet_service,no_internet_service,no_internet_service,no_internet_service,month_to_month,no,mailed_check,20.75,20.75,0
3191,male,0,no,no,1,yes,no,dsl,no,no,no,no,no,no,month_to_month,no,mailed_check,44.45,44.45,0
3192,male,0,yes,yes,43,yes,yes,no,no_internet_service,no_internet_service,no_internet_service,no_internet_service,no_internet_service,no_internet_service,two_year,no,mailed_check,24.25,1077.95,0
3193,male,0,yes,yes,67,yes,no,dsl,yes,yes,no,no,no,no,two_year,yes,bank_transfer_(automatic),54.2,3838.2,0
3194,female,0,no,no,67,yes,no,dsl,yes,yes,no,yes,no,no,one_year,no,credit_card_(automatic),60.5,3870.0,0
3195,male,0,no,no,9,yes,no,no,no_internet_service,no_internet_service,no_internet_service,no_internet_service,no_internet_service,no_internet_service,month_to_month,yes,mailed_check,18.95,185.6,1
3196,female,1,yes,yes,40,yes,yes,fiber_optic,no,no,no,no,yes,yes,month_to_month,yes,credit_card_(automatic),94.55,3640.45,1
3197,male,0,yes,no,4,yes,yes,dsl,no,no,yes,no,yes,no,month_to_month,no,electronic_check,65.6,250.1,0
3198,male,0,yes,no,71,no,no_phone_service,dsl,no,yes,no,no,yes,yes,two_year,no,electronic_check,49.35,3515.25,1
3199,male,0,yes,yes,67,no,no_phone_service,dsl,yes,no,no,no,yes,yes,two_year,no,credit_card_(automatic),50.9,3281.65,0
3200,male,0,yes,yes,9,yes,no,dsl,no,yes,no,yes,no,no,month_to_month,no,mailed_check,54.8,452.8,0
3201,male,0,no,no,5,yes,no,fiber_optic,no,no,yes,no,yes,yes,month_to_month,no,bank_transfer_(automatic),96.5,492.55,1
3202,female,0,no,no,14,yes,no,dsl,no,no,no,yes,no,yes,one_year,no,credit_card_(automatic),59.1,772.85,0
3203,male,1,yes,no,67,yes,yes,fiber_optic,yes,yes,no,no,no,no,month_to_month,no,bank_transfer_(automatic),83.85,5588.8,0
3204,female,0,no,no,9,yes,no,dsl,no,no,no,yes,yes,no,month_to_month,yes,bank_transfer_(automatic),59.5,530.05,0
3205,female,0,no,no,15,yes,no,dsl,yes,yes,yes,yes,yes,yes,month_to_month,no,mailed_check,84.45,1287.85,0
3206,male,0,no,no,67,no,no_phone_service,dsl,yes,no,yes,yes,yes,no,one_year,yes,bank_transfer_(automatic),49.35,3321.35,0
3207,female,0,no,no,10,yes,no,no,no_internet_service,no_internet_service,no_internet_service,no_internet_service,no_internet_service,no_internet_service,month_to_month,yes,mailed_check,20.55,187.35,0
3208,female,0,no,no,18,yes,no,dsl,no,no,yes,no,no,no,month_to_month,yes,mailed_check,50.0,892.7,0
3209,female,0,no,no,1,yes,no,no,no_internet_service,no_internet_service,no_internet_service,no_internet_service,no_internet_service,no_internet_service,month_to_month,no,mailed_check,20.35,20.35,0
3210,female,0,yes,yes,68,yes,yes,fiber_optic,yes,no,yes,yes,yes,yes,two_year,yes,bank_transfer_(automatic),109.05,7508.55,0
3211,male,1,yes,no,65,yes,yes,fiber_optic,no,yes,yes,no,yes,yes,one_year,yes,bank_transfer_(automatic),103.15,6792.45,0
3212,male,0,yes,yes,6,yes,no,dsl,no,yes,yes,no,no,no,month_to_month,yes,mailed_check,55.3,324.25,1
3213,female,0,yes,yes,67,yes,yes,fiber_optic,yes,no,no,yes,no,yes,one_year,yes,credit_card_(automatic),94.35,6341.45,1
3214,male,0,no,no,34,yes,yes,fiber_optic,no,yes,yes,no,yes,yes,month_to_month,yes,electronic_check,106.35,3549.25,1
3215,female,0,no,no,4,yes,yes,fiber_optic,no,yes,no,no,no,no,month_to_month,yes,mailed_check,80.3,324.2,0
3216,female,0,yes,yes,48,yes,yes,fiber_optic,no,no,no,no,no,yes,one_year,yes,mailed_check,82.05,4029.95,1
3217,female,0,yes,yes,71,yes,yes,fiber_optic,yes,yes,yes,no,yes,no,two_year,yes,credit_card_(automatic),99.0,7061.65,0
3218,female,0,yes,yes,69,yes,no,no,no_internet_service,no_internet_service,no_internet_service,no_internet_service,no_internet_service,no_internet_service,one_year,yes,credit_card_(automatic),20.35,1442.65,0
3219,female,0,no,no,7,yes,no,dsl,yes,no,no,no,no,yes,one_year,yes,electronic_check,59.1,369.25,0
3220,female,0,no,no,6,yes,no,no,no_internet_service,no_internet_service,no_internet_service,no_internet_service,no_internet_service,no_internet_service,two_year,no,mailed_check,19.55,124.45,0
3221,male,0,yes,yes,26,yes,no,no,no_internet_service,no_internet_service,no_internet_service,no_internet_service,no_internet_service,no_internet_service,one_year,yes,bank_transfer_(automatic),20.05,505.9,0
3222,female,0,no,yes,5,yes,no,dsl,no,no,no,no,no,no,month_to_month,no,mailed_check,46.0,221.7,1
3223,female,0,yes,no,71,yes,yes,dsl,yes,yes,yes,yes,yes,yes,two_year,no,credit_card_(automatic),93.2,6506.15,0
3224,female,0,yes,yes,20,yes,no,no,no_internet_service,no_internet_service,no_internet_service,no_internet_service,no_internet_service,no_internet_service,month_to_month,no,electronic_check,20.0,417.65,0
3225,female,0,no,no,1,yes,no,dsl,yes,no,no,no,no,no,month_to_month,no,bank_transfer_(automatic),49.55,49.55,0
3226,male,0,no,no,2,yes,no,no,no_internet_service,no_internet_service,no_internet_service,no_internet_service,no_internet_service,no_internet_service,month_to_month,no,mailed_check,20.25,36.8,0
3227,male,0,yes,no,71,yes,no,fiber_optic,no,yes,yes,yes,yes,yes,two_year,yes,electronic_check,105.25,7291.75,0
3228,female,1,yes,no,72,yes,yes,fiber_optic,yes,yes,no,no,yes,yes,one_year,yes,bank_transfer_(automatic),106.85,7677.4,0
3229,male,0,yes,no,60,no,no_phone_service,dsl,no,yes,yes,yes,yes,yes,month_to_month,yes,bank_transfer_(automatic),60.2,3582.4,0
3230,male,0,yes,yes,28,yes,no,fiber_optic,no,yes,yes,no,yes,yes,one_year,no,bank_transfer_(automatic),100.35,2799.0,0
3231,female,0,yes,no,50,yes,yes,fiber_optic,yes,yes,no,yes,yes,yes,one_year,no,electronic_check,108.55,5610.7,1
3232,female,0,no,no,1,yes,no,fiber_optic,no,no,no,no,no,no,month_to_month,yes,electronic_check,70.85,70.85,1
3233,male,0,yes,no,72,yes,yes,fiber_optic,yes,yes,yes,no,yes,no,two_year,yes,credit_card_(automatic),97.95,7114.25,0
3234,male,0,no,yes,25,no,no_phone_service,dsl,yes,no,no,no,yes,no,one_year,yes,credit_card_(automatic),40.65,970.55,0
3235,male,0,no,no,3,yes,no,dsl,no,no,no,no,no,no,month_to_month,yes,electronic_check,45.35,141.5,1
3236,female,0,yes,no,31,yes,no,dsl,no,no,no,yes,no,no,month_to_month,yes,mailed_check,49.2,1498.55,0
3237,female,0,no,no,48,yes,yes,no,no_internet_service,no_internet_service,no_internet_service,no_internet_service,no_internet_service,no_internet_service,two_year,no,credit_card_(automatic),24.0,1183.05,0
3238,male,0,no,no,22,yes,yes,dsl,yes,yes,no,no,no,no,month_to_month,no,electronic_check,59.0,1254.7,1
3239,male,1,no,no,1,yes,yes,fiber_optic,no,no,yes,no,yes,no,month_to_month,yes,electronic_check,88.8,88.8,1
3240,female,0,yes,no,4,no,no_phone_service,dsl,no,no,no,no,no,no,month_to_month,yes,electronic_check,25.15,99.95,0
3241,male,0,no,no,3,yes,no,fiber_optic,no,no,no,no,yes,yes,month_to_month,no,mailed_check,90.7,237.65,0
3242,female,0,no,no,58,yes,yes,fiber_optic,yes,no,no,no,no,no,month_to_month,yes,bank_transfer_(automatic),79.8,4526.85,0
3243,male,0,no,no,1,yes,no,no,no_internet_service,no_internet_service,no_internet_service,no_internet_service,no_internet_service,no_internet_service,month_to_month,no,mailed_check,20.05,20.05,0
3244,female,0,yes,no,8,yes,no,fiber_optic,no,yes,yes,no,yes,yes,month_to_month,no,electronic_check,101.15,842.9,1
3245,male,0,yes,no,31,yes,no,dsl,no,no,yes,yes,no,yes,month_to_month,yes,credit_card_(automatic),66.4,2019.8,0
3246,male,0,no,yes,1,yes,no,no,no_internet_service,no_internet_service,no_internet_service,no_internet_service,no_internet_service,no_internet_service,month_to_month,yes,mailed_check,20.25,20.25,0
3247,female,0,no,no,1,yes,no,fiber_optic,no,no,no,no,yes,no,month_to_month,no,electronic_check,78.05,78.05,1
3248,male,0,yes,yes,52,yes,no,dsl,yes,yes,yes,no,yes,yes,two_year,no,electronic_check,79.2,4016.3,0
3249,female,0,no,yes,19,yes,no,dsl,no,no,no,yes,no,no,month_to_month,no,mailed_check,48.8,953.65,0
3250,male,0,no,no,70,yes,yes,fiber_optic,yes,yes,yes,yes,yes,yes,two_year,yes,bank_transfer_(automatic),114.95,7711.25,0
3251,female,0,yes,yes,5,no,no_phone_service,dsl,no,no,no,no,no,no,month_to_month,no,mailed_check,25.05,125.5,0
3252,male,1,no,no,51,yes,no,fiber_optic,no,no,yes,no,yes,yes,one_year,yes,bank_transfer_(automatic),94.0,4905.75,0
3253,male,0,no,no,27,yes,no,dsl,yes,no,no,yes,no,no,month_to_month,no,mailed_check,53.45,1461.45,0
3254,female,0,no,no,1,yes,no,dsl,no,no,no,no,yes,no,month_to_month,yes,mailed_check,53.55,53.55,1
3255,female,0,yes,no,43,no,no_phone_service,dsl,yes,no,no,yes,no,no,month_to_month,no,bank_transfer_(automatic),34.0,1505.35,0
3256,male,0,yes,yes,8,yes,no,no,no_internet_service,no_internet_service,no_internet_service,no_internet_service,no_internet_service,no_internet_service,month_to_month,yes,mailed_check,19.35,152.6,0
3257,female,0,no,no,22,yes,no,no,no_internet_service,no_internet_service,no_internet_service,no_internet_service,no_internet_service,no_internet_service,one_year,no,bank_transfer_(automatic),20.85,450.65,0
3258,female,0,yes,no,60,yes,yes,fiber_optic,no,yes,yes,no,yes,yes,month_to_month,yes,electronic_check,106.15,6411.25,0
3259,male,0,yes,no,50,yes,no,no,no_internet_service,no_internet_service,no_internet_service,no_internet_service,no_internet_service,no_internet_service,two_year,no,mailed_check,20.55,1067.65,0
3260,female,0,yes,no,68,yes,yes,dsl,yes,no,no,yes,no,no,one_year,no,bank_transfer_(automatic),58.25,3975.7,0
3261,male,0,yes,no,63,yes,yes,fiber_optic,no,no,yes,no,yes,yes,two_year,no,electronic_check,102.6,6296.75,0
3262,male,0,no,no,19,yes,yes,fiber_optic,no,no,no,no,no,yes,month_to_month,yes,bank_transfer_(automatic),86.0,1532.45,1
3263,female,0,no,no,26,yes,yes,fiber_optic,no,no,yes,no,no,no,month_to_month,yes,electronic_check,80.7,2193.0,0
3264,male,0,yes,no,17,yes,yes,fiber_optic,yes,yes,yes,no,no,no,month_to_month,no,credit_card_(automatic),90.2,1454.15,1
3265,female,0,no,no,10,yes,no,no,no_internet_service,no_internet_service,no_internet_service,no_internet_service,no_internet_service,no_internet_service,one_year,yes,mailed_check,19.3,185.2,0
3266,male,0,yes,yes,25,yes,no,no,no_internet_service,no_internet_service,no_internet_service,no_internet_service,no_internet_service,no_internet_service,one_year,no,electronic_check,19.9,505.45,0
3267,male,0,no,yes,41,yes,no,dsl,yes,yes,yes,no,yes,no,one_year,no,mailed_check,70.2,2894.55,0
3268,female,0,no,no,37,yes,no,no,no_internet_service,no_internet_service,no_internet_service,no_internet_service,no_internet_service,no_internet_service,two_year,no,mailed_check,19.85,784.25,0
3269,female,0,yes,yes,63,yes,yes,fiber_optic,yes,no,no,no,yes,yes,one_year,yes,credit_card_(automatic),99.65,6311.2,0
3270,male,0,yes,yes,67,yes,yes,no,no_internet_service,no_internet_service,no_internet_service,no_internet_service,no_internet_service,no_internet_service,two_year,no,mailed_check,26.3,1688.9,0
3271,male,0,yes,no,72,yes,yes,no,no_internet_service,no_internet_service,no_internet_service,no_internet_service,no_internet_service,no_internet_service,two_year,no,mailed_check,25.4,1797.1,0
3272,female,0,no,no,19,yes,no,fiber_optic,yes,no,yes,yes,yes,yes,month_to_month,yes,electronic_check,106.6,1934.45,1
3273,male,0,no,no,1,yes,yes,dsl,no,no,yes,no,no,no,month_to_month,no,electronic_check,54.35,54.35,1
3274,male,1,yes,no,6,yes,no,fiber_optic,no,yes,no,no,no,yes,month_to_month,yes,electronic_check,84.2,519.15,1
3275,male,0,no,no,20,yes,yes,fiber_optic,no,no,no,yes,yes,yes,month_to_month,yes,mailed_check,98.55,2031.95,0
3276,female,1,yes,no,55,yes,yes,dsl,no,no,no,no,no,no,month_to_month,no,bank_transfer_(automatic),51.65,2838.55,0
3277,male,1,yes,yes,47,yes,no,fiber_optic,no,yes,no,no,yes,no,one_year,yes,bank_transfer_(automatic),84.95,4018.05,0
3278,male,0,yes,yes,62,yes,yes,fiber_optic,yes,yes,yes,yes,yes,yes,two_year,no,bank_transfer_(automatic),115.55,7159.05,0
3279,female,1,yes,no,30,yes,yes,fiber_optic,no,yes,no,no,yes,no,month_to_month,yes,electronic_check,90.05,2627.2,0
3280,male,0,yes,no,27,yes,no,no,no_internet_service,no_internet_service,no_internet_service,no_internet_service,no_internet_service,no_internet_service,two_year,no,bank_transfer_(automatic),19.55,520.55,0
3281,female,0,no,no,3,yes,no,fiber_optic,no,no,no,no,no,no,month_to_month,yes,electronic_check,69.85,199.85,0
3282,male,0,no,no,18,yes,yes,fiber_optic,no,no,yes,no,yes,no,one_year,yes,credit_card_(automatic),89.6,1633.0,0
3283,female,1,no,no,3,yes,no,fiber_optic,no,no,no,no,no,no,month_to_month,yes,electronic_check,70.4,204.7,1
3284,female,0,no,yes,8,yes,no,no,no_internet_service,no_internet_service,no_internet_service,no_internet_service,no_internet_service,no_internet_service,month_to_month,no,mailed_check,20.05,163.6,0
3285,female,0,no,no,3,yes,no,fiber_optic,no,no,no,no,yes,yes,month_to_month,yes,electronic_check,89.45,240.45,1
3286,male,0,yes,yes,40,yes,no,no,no_internet_service,no_internet_service,no_internet_service,no_internet_service,no_internet_service,no_internet_service,two_year,no,mailed_check,19.6,808.95,0
3287,male,0,no,no,26,yes,no,no,no_internet_service,no_internet_service,no_internet_service,no_internet_service,no_internet_service,no_internet_service,one_year,no,mailed_check,19.4,525.55,0
3288,female,0,yes,yes,57,yes,no,no,no_internet_service,no_internet_service,no_internet_service,no_internet_service,no_internet_service,no_internet_service,two_year,no,bank_transfer_(automatic),19.75,1272.05,0
3289,male,0,yes,yes,43,yes,no,dsl,yes,no,yes,yes,yes,yes,two_year,yes,credit_card_(automatic),79.15,3566.6,0
3290,female,0,yes,yes,58,yes,yes,fiber_optic,yes,yes,no,no,no,yes,month_to_month,yes,bank_transfer_(automatic),93.4,5435.6,1
3291,female,1,yes,no,1,yes,no,fiber_optic,no,no,no,no,no,no,month_to_month,yes,electronic_check,69.55,69.55,1
3292,male,0,yes,yes,13,yes,yes,fiber_optic,no,no,no,no,no,no,month_to_month,yes,credit_card_(automatic),74.4,896.75,1
3293,female,0,no,no,1,no,no_phone_service,dsl,no,no,yes,yes,no,no,month_to_month,no,mailed_check,35.9,35.9,0
3294,male,0,yes,yes,40,yes,no,fiber_optic,no,no,yes,no,yes,no,one_year,yes,electronic_check,85.05,3355.65,0
3295,female,0,no,no,26,yes,no,dsl,no,yes,yes,no,no,no,month_to_month,yes,credit_card_(automatic),54.75,1406.9,0
3296,female,0,no,no,2,yes,yes,dsl,no,no,no,yes,no,no,month_to_month,yes,mailed_check,54.35,117.05,0
3297,male,0,yes,yes,65,yes,yes,fiber_optic,no,no,yes,yes,yes,yes,two_year,yes,bank_transfer_(automatic),104.1,6700.05,0
3298,male,0,no,yes,1,yes,no,fiber_optic,no,no,no,no,no,no,month_to_month,yes,electronic_check,71.65,71.65,1
3299,male,0,yes,yes,14,yes,no,dsl,yes,yes,no,no,yes,no,month_to_month,yes,electronic_check,65.45,937.6,1
3300,female,0,no,no,43,yes,yes,fiber_optic,no,yes,yes,no,yes,yes,two_year,yes,electronic_check,104.6,4759.85,1
3301,female,0,no,no,2,yes,no,no,no_internet_service,no_internet_service,no_internet_service,no_internet_service,no_internet_service,no_internet_service,month_to_month,yes,mailed_check,20.0,40.9,0
3302,male,0,no,no,32,yes,yes,fiber_optic,yes,no,no,yes,no,no,month_to_month,no,bank_transfer_(automatic),87.65,2766.4,0
3303,female,0,yes,yes,14,yes,yes,dsl,no,yes,no,yes,yes,yes,month_to_month,no,credit_card_(automatic),80.45,1137.05,0
3304,male,0,no,no,59,no,no_phone_service,dsl,no,no,no,yes,yes,yes,month_to_month,yes,electronic_check,51.7,3005.8,0
3305,female,0,yes,no,72,yes,yes,fiber_optic,no,yes,yes,yes,yes,yes,two_year,yes,bank_transfer_(automatic),110.45,7982.5,0
3306,male,1,no,no,2,yes,yes,fiber_optic,no,no,no,no,no,no,month_to_month,yes,mailed_check,72.6,154.3,0
3307,female,0,no,no,27,yes,yes,fiber_optic,no,no,no,no,yes,yes,month_to_month,yes,bank_transfer_(automatic),95.6,2595.25,0
3308,male,1,no,no,42,yes,yes,fiber_optic,no,yes,no,no,no,no,month_to_month,yes,bank_transfer_(automatic),79.35,3344.1,0
3309,female,1,yes,no,37,yes,yes,fiber_optic,no,no,no,no,no,no,month_to_month,yes,electronic_check,76.5,2868.15,1
3310,female,0,no,no,2,yes,no,dsl,no,yes,no,no,no,no,month_to_month,yes,credit_card_(automatic),49.05,91.1,1
3311,female,0,yes,yes,67,yes,yes,fiber_optic,yes,no,yes,yes,yes,yes,one_year,yes,electronic_check,109.4,7281.6,0
3312,female,0,no,yes,24,yes,no,no,no_internet_service,no_internet_service,no_internet_service,no_internet_service,no_internet_service,no_internet_service,one_year,no,bank_transfer_(automatic),21.05,531.55,0
3313,male,0,yes,no,67,yes,no,fiber_optic,yes,yes,no,no,yes,yes,one_year,yes,credit_card_(automatic),100.9,6733.15,0
3314,female,0,no,yes,26,no,no_phone_service,dsl,no,no,yes,no,no,no,month_to_month,yes,mailed_check,29.8,786.5,0
3315,male,0,no,no,50,yes,yes,fiber_optic,yes,yes,yes,yes,yes,yes,one_year,no,credit_card_(automatic),114.35,5791.1,0
3316,female,1,yes,no,66,yes,yes,fiber_optic,no,yes,no,no,yes,yes,month_to_month,yes,electronic_check,100.8,6690.75,0
3317,female,0,yes,no,28,yes,no,no,no_internet_service,no_internet_service,no_internet_service,no_internet_service,no_internet_service,no_internet_service,month_to_month,no,mailed_check,20.5,563.05,0
3318,female,0,no,no,53,yes,no,no,no_internet_service,no_internet_service,no_internet_service,no_internet_service,no_internet_service,no_internet_service,two_year,no,mailed_check,18.7,1005.7,0
3319,female,0,no,no,5,yes,yes,fiber_optic,no,no,yes,no,yes,yes,month_to_month,yes,electronic_check,100.5,514.0,1
3320,female,0,no,no,35,yes,yes,fiber_optic,no,yes,no,yes,no,no,month_to_month,no,credit_card_(automatic),85.3,2917.5,1
3321,female,0,yes,no,2,no,no_phone_service,dsl,no,no,no,no,no,yes,month_to_month,yes,electronic_check,35.1,68.75,1
3322,male,1,no,no,25,yes,yes,fiber_optic,no,yes,yes,no,yes,yes,month_to_month,no,mailed_check,105.95,2655.25,1
3323,male,1,no,no,31,yes,yes,fiber_optic,no,yes,no,no,yes,no,month_to_month,yes,electronic_check,90.7,2845.15,0
3324,male,1,no,no,4,yes,no,fiber_optic,no,no,yes,no,yes,yes,month_to_month,yes,electronic_check,94.75,422.4,0
3325,male,0,no,no,22,yes,yes,dsl,yes,yes,yes,no,no,no,month_to_month,no,mailed_check,65.05,1427.55,0
3326,female,0,yes,yes,33,yes,yes,no,no_internet_service,no_internet_service,no_internet_service,no_internet_service,no_internet_service,no_internet_service,month_to_month,no,bank_transfer_(automatic),24.25,838.5,0
3327,male,0,yes,no,66,yes,yes,fiber_optic,yes,yes,yes,yes,yes,yes,one_year,no,bank_transfer_(automatic),115.8,7942.15,0
3328,male,0,no,no,67,yes,no,dsl,no,no,no,yes,no,no,two_year,no,bank_transfer_(automatic),50.55,3260.1,0
3329,male,0,yes,yes,49,yes,yes,fiber_optic,no,no,no,yes,yes,yes,one_year,yes,electronic_check,97.95,4917.9,0
3330,female,0,no,no,1,yes,no,fiber_optic,no,no,yes,no,yes,no,month_to_month,yes,electronic_check,85.45,85.45,1
3331,female,1,no,no,49,yes,yes,fiber_optic,yes,no,no,no,yes,yes,month_to_month,no,credit_card_(automatic),101.55,5070.4,0
3332,female,0,yes,no,50,yes,yes,dsl,no,no,yes,no,yes,yes,one_year,no,bank_transfer_(automatic),75.7,3876.2,0
3333,male,0,yes,yes,41,yes,no,dsl,yes,yes,yes,no,no,no,one_year,yes,bank_transfer_(automatic),60.3,2511.3,0
3334,female,0,yes,no,41,yes,yes,fiber_optic,yes,yes,yes,yes,yes,yes,month_to_month,yes,bank_transfer_(automatic),113.6,4594.95,1
3335,male,1,yes,no,71,yes,no,fiber_optic,no,yes,yes,yes,no,yes,two_year,yes,credit_card_(automatic),95.5,6707.15,0
3336,male,0,no,no,72,yes,no,no,no_internet_service,no_internet_service,no_internet_service,no_internet_service,no_internet_service,no_internet_service,two_year,yes,mailed_check,20.8,1521.2,0
3337,female,1,no,no,50,yes,yes,fiber_optic,yes,yes,no,no,no,no,month_to_month,yes,electronic_check,83.4,4113.7,0
3338,male,0,no,no,2,yes,no,fiber_optic,no,no,yes,yes,no,no,month_to_month,yes,electronic_check,79.85,152.45,1
3339,female,0,no,no,15,yes,yes,dsl,yes,no,no,no,no,yes,month_to_month,yes,bank_transfer_(automatic),64.65,994.55,1
3340,male,0,no,no,49,yes,yes,fiber_optic,no,yes,no,yes,yes,yes,one_year,yes,bank_transfer_(automatic),106.65,5168.1,0
3341,male,0,yes,yes,14,yes,no,dsl,yes,yes,no,no,no,yes,two_year,yes,bank_transfer_(automatic),61.4,815.55,0
3342,female,0,no,no,1,yes,yes,fiber_optic,no,no,no,no,yes,yes,month_to_month,yes,electronic_check,94.6,94.6,1
3343,female,0,yes,yes,24,no,no_phone_service,dsl,yes,yes,yes,no,yes,yes,one_year,no,electronic_check,57.6,1367.75,0
3344,female,0,no,no,43,yes,yes,no,no_internet_service,no_internet_service,no_internet_service,no_internet_service,no_internet_service,no_internet_service,two_year,yes,credit_card_(automatic),25.7,1188.2,0
3345,male,1,yes,no,7,yes,yes,fiber_optic,yes,yes,no,no,no,yes,month_to_month,yes,credit_card_(automatic),94.7,673.1,1
3346,female,0,no,no,46,yes,yes,fiber_optic,no,no,no,no,yes,yes,month_to_month,no,bank_transfer_(automatic),96.05,4399.5,1
3347,male,1,no,no,52,yes,yes,fiber_optic,no,yes,yes,yes,yes,yes,month_to_month,yes,electronic_check,110.75,5832.0,0
3348,male,0,no,no,1,yes,no,dsl,no,no,no,no,yes,yes,month_to_month,yes,mailed_check,62.8,62.8,0
3349,male,0,yes,yes,70,yes,yes,fiber_optic,yes,yes,yes,yes,yes,yes,two_year,no,credit_card_(automatic),114.75,7842.3,0
3350,male,0,no,no,4,yes,no,no,no_internet_service,no_internet_service,no_internet_service,no_internet_service,no_internet_service,no_internet_service,one_year,no,mailed_check,19.7,117.8,0
3351,male,0,no,no,68,yes,yes,fiber_optic,yes,yes,yes,no,no,yes,two_year,yes,bank_transfer_(automatic),102.1,7149.35,0
3352,male,0,no,no,15,yes,no,no,no_internet_service,no_internet_service,no_internet_service,no_internet_service,no_internet_service,no_internet_service,one_year,no,mailed_check,19.8,304.6,0
3353,female,0,no,no,1,yes,no,dsl,yes,no,no,no,no,no,month_to_month,no,electronic_check,50.15,50.15,0
3354,male,1,no,no,71,no,no_phone_service,dsl,yes,yes,no,no,yes,yes,one_year,yes,electronic_check,56.45,3985.35,0
3355,female,0,yes,no,72,yes,yes,no,no_internet_service,no_internet_service,no_internet_service,no_internet_service,no_internet_service,no_internet_service,two_year,no,bank_transfer_(automatic),25.65,1887.0,0
3356,male,0,yes,yes,1,no,no_phone_service,dsl,no,yes,no,no,no,no,month_to_month,no,electronic_check,30.2,30.2,1
3357,male,0,no,no,43,yes,no,fiber_optic,yes,yes,yes,yes,no,no,one_year,yes,credit_card_(automatic),90.65,3882.3,0
3358,male,0,no,no,2,yes,no,fiber_optic,no,no,no,no,no,no,month_to_month,yes,electronic_check,67.75,116.65,1
3359,female,1,no,no,16,yes,yes,fiber_optic,no,no,no,no,yes,yes,month_to_month,yes,electronic_check,96.15,1529.2,1
3360,male,0,yes,no,10,yes,no,dsl,yes,no,no,yes,no,no,month_to_month,yes,credit_card_(automatic),54.95,568.85,0
3361,male,1,no,no,68,yes,yes,fiber_optic,no,yes,yes,no,no,yes,month_to_month,yes,electronic_check,95.9,6503.2,0
3362,female,0,yes,no,72,yes,yes,fiber_optic,no,no,yes,no,yes,yes,two_year,yes,electronic_check,97.85,6841.3,0
3363,male,1,yes,no,58,yes,yes,fiber_optic,no,yes,no,no,yes,yes,month_to_month,yes,electronic_check,98.9,5780.7,0
3364,female,0,yes,no,44,yes,yes,fiber_optic,yes,yes,yes,yes,no,no,month_to_month,yes,credit_card_(automatic),95.1,4060.55,0
3365,male,0,no,no,26,yes,yes,fiber_optic,no,no,yes,no,yes,yes,month_to_month,yes,electronic_check,98.35,2515.3,1
3366,male,0,no,no,1,yes,yes,fiber_optic,no,no,no,no,no,no,month_to_month,yes,electronic_check,75.1,75.1,0
3367,male,0,no,no,63,yes,yes,fiber_optic,no,yes,no,no,no,yes,one_year,no,credit_card_(automatic),90.45,5825.5,0
3368,female,1,yes,no,38,yes,yes,fiber_optic,yes,yes,no,no,no,yes,one_year,no,credit_card_(automatic),95.0,3591.25,0
3369,female,0,no,no,1,yes,no,no,no_internet_service,no_internet_service,no_internet_service,no_internet_service,no_internet_service,no_internet_service,month_to_month,yes,mailed_check,19.55,19.55,0
3370,male,0,yes,yes,13,yes,no,dsl,no,yes,yes,yes,no,no,month_to_month,no,bank_transfer_(automatic),61.8,750.1,0
3371,female,1,no,no,63,yes,yes,dsl,yes,yes,yes,yes,yes,no,one_year,no,bank_transfer_(automatic),83.0,5243.05,0
3372,female,0,yes,no,53,yes,yes,fiber_optic,no,yes,no,no,yes,yes,month_to_month,yes,credit_card_(automatic),98.4,5149.5,1
3373,male,0,no,no,31,no,no_phone_service,dsl,no,no,yes,no,yes,yes,one_year,yes,electronic_check,50.05,1523.4,0
3374,male,1,yes,no,32,yes,yes,fiber_optic,no,no,no,no,no,yes,month_to_month,yes,electronic_check,85.0,2642.05,1
3375,female,1,no,no,3,yes,yes,fiber_optic,no,no,no,no,no,no,month_to_month,yes,credit_card_(automatic),75.05,256.25,1
3376,male,0,yes,yes,71,yes,yes,fiber_optic,yes,no,yes,no,yes,yes,two_year,no,electronic_check,105.55,7405.5,0
3377,male,0,no,no,54,yes,no,dsl,yes,yes,no,no,yes,no,two_year,yes,bank_transfer_(automatic),65.3,3512.9,0
3378,male,0,yes,no,69,no,no_phone_service,dsl,no,yes,yes,yes,yes,yes,one_year,yes,credit_card_(automatic),60.8,4263.4,0
3379,female,0,yes,yes,37,yes,yes,no,no_internet_service,no_internet_service,no_internet_service,no_internet_service,no_internet_service,no_internet_service,two_year,yes,bank_transfer_(automatic),24.1,861.85,0
3380,male,0,no,yes,3,yes,no,no,no_internet_service,no_internet_service,no_internet_service,no_internet_service,no_internet_service,no_internet_service,month_to_month,no,mailed_check,20.85,60.65,0
3381,female,0,yes,yes,4,yes,no,no,no_internet_service,no_internet_service,no_internet_service,no_internet_service,no_internet_service,no_internet_service,month_to_month,no,mailed_check,20.85,62.9,0
3382,male,0,no,no,1,yes,no,fiber_optic,no,no,no,no,yes,no,month_to_month,yes,electronic_check,79.55,79.55,1
3383,male,0,no,no,7,yes,yes,no,no_internet_service,no_internet_service,no_internet_service,no_internet_service,no_internet_service,no_internet_service,month_to_month,no,mailed_check,23.5,173.0,0
3384,female,0,yes,no,7,yes,no,fiber_optic,no,no,no,no,yes,no,month_to_month,yes,electronic_check,81.1,576.65,1
3385,male,0,no,no,1,yes,no,no,no_internet_service,no_internet_service,no_internet_service,no_internet_service,no_internet_service,no_internet_service,month_to_month,yes,mailed_check,19.5,19.5,0
3386,male,0,no,no,51,yes,yes,fiber_optic,no,no,yes,no,no,no,month_to_month,no,credit_card_(automatic),80.0,4242.35,1
3387,female,0,yes,yes,72,yes,yes,no,no_internet_service,no_internet_service,no_internet_service,no_internet_service,no_internet_service,no_internet_service,two_year,yes,bank_transfer_(automatic),26.25,1988.05,0
3388,female,0,no,no,12,yes,no,no,no_internet_service,no_internet_service,no_internet_service,no_internet_service,no_internet_service,no_internet_service,one_year,no,mailed_check,19.3,228.75,0
3389,male,0,no,no,9,yes,no,no,no_internet_service,no_internet_service,no_internet_service,no_internet_service,no_internet_service,no_internet_service,month_to_month,no,mailed_check,20.4,181.8,0
3390,female,1,no,no,2,yes,yes,fiber_optic,no,yes,no,no,no,yes,month_to_month,no,electronic_check,89.5,161.5,1
3391,female,0,yes,no,4,yes,no,no,no_internet_service,no_internet_service,no_internet_service,no_internet_service,no_internet_service,no_internet_service,month_to_month,no,electronic_check,20.15,91.4,0
3392,female,0,no,no,1,yes,no,fiber_optic,no,no,no,no,no,no,month_to_month,yes,electronic_check,70.25,70.25,0
3393,female,0,no,no,1,yes,no,fiber_optic,no,no,no,no,yes,no,month_to_month,no,electronic_check,79.55,79.55,1
3394,male,0,yes,yes,35,yes,yes,fiber_optic,no,yes,no,no,yes,no,month_to_month,yes,bank_transfer_(automatic),89.65,3161.6,0
3395,male,0,yes,yes,4,yes,no,no,no_internet_service,no_internet_service,no_internet_service,no_internet_service,no_internet_service,no_internet_service,month_to_month,no,mailed_check,18.85,84.2,0
3396,female,0,yes,no,65,yes,yes,fiber_optic,no,yes,yes,yes,yes,yes,one_year,yes,credit_card_(automatic),108.05,7118.9,0
3397,female,0,yes,no,36,yes,yes,fiber_optic,yes,yes,yes,yes,no,yes,two_year,yes,credit_card_(automatic),106.05,3834.4,0
3398,male,0,yes,no,34,yes,yes,fiber_optic,no,no,yes,no,yes,yes,month_to_month,yes,electronic_check,100.05,3480.0,1
3399,male,0,no,no,10,yes,no,fiber_optic,no,no,no,no,no,no,month_to_month,no,mailed_check,70.15,735.5,0
3400,male,0,yes,yes,13,yes,yes,dsl,no,yes,yes,yes,yes,no,month_to_month,yes,electronic_check,72.8,930.05,0
3401,male,0,no,no,7,yes,yes,fiber_optic,no,no,yes,no,yes,no,month_to_month,yes,electronic_check,90.45,593.45,1
3402,male,0,yes,no,71,yes,no,no,no_internet_service,no_internet_service,no_internet_service,no_internet_service,no_internet_service,no_internet_service,one_year,no,electronic_check,20.85,1539.75,0
3403,female,0,no,no,56,no,no_phone_service,dsl,no,no,no,no,yes,yes,month_to_month,yes,credit_card_(automatic),44.85,2564.95,0
3404,female,0,no,no,58,yes,yes,fiber_optic,yes,yes,yes,no,yes,yes,one_year,yes,electronic_check,107.75,6332.75,0
3405,female,0,yes,yes,31,yes,yes,fiber_optic,no,no,yes,yes,yes,yes,month_to_month,yes,electronic_check,104.2,3243.45,1
3406,male,0,no,no,33,yes,yes,dsl,no,yes,no,no,no,no,month_to_month,yes,bank_transfer_(automatic),54.65,1665.2,0
3407,male,0,no,no,68,yes,yes,fiber_optic,yes,yes,yes,yes,yes,yes,one_year,yes,credit_card_(automatic),117.2,8035.95,0
3408,female,0,yes,no,24,yes,no,no,no_internet_service,no_internet_service,no_internet_service,no_internet_service,no_internet_service,no_internet_service,one_year,no,mailed_check,20.15,456.85,0
3409,female,0,yes,no,39,no,no_phone_service,dsl,yes,no,yes,no,yes,yes,month_to_month,no,electronic_check,55.9,2184.35,1
3410,male,0,yes,no,47,yes,yes,fiber_optic,no,yes,no,no,no,no,one_year,yes,electronic_check,78.9,3650.35,0
3411,male,0,no,yes,20,yes,no,no,no_internet_service,no_internet_service,no_internet_service,no_internet_service,no_internet_service,no_internet_service,month_to_month,yes,electronic_check,19.4,374.5,1
3412,female,0,no,no,63,yes,yes,dsl,yes,yes,yes,yes,no,yes,two_year,yes,credit_card_(automatic),80.3,4995.35,0
3413,female,0,no,no,2,yes,no,dsl,no,yes,no,yes,no,no,month_to_month,yes,credit_card_(automatic),55.05,102.75,1
3414,male,0,no,no,71,yes,yes,fiber_optic,yes,yes,yes,yes,yes,yes,one_year,yes,bank_transfer_(automatic),116.3,8309.55,0
3415,female,1,yes,no,52,yes,yes,fiber_optic,yes,yes,yes,no,yes,yes,month_to_month,yes,electronic_check,109.1,5647.95,0
3416,male,0,no,no,5,yes,no,no,no_internet_service,no_internet_service,no_internet_service,no_internet_service,no_internet_service,no_internet_service,month_to_month,no,credit_card_(automatic),20.05,95.55,0
3417,male,0,no,no,2,yes,no,fiber_optic,no,no,no,no,no,no,month_to_month,yes,credit_card_(automatic),71.3,157.75,0
3418,male,0,yes,yes,38,yes,no,dsl,yes,yes,yes,yes,yes,no,one_year,no,electronic_check,74.05,2802.3,0
3419,female,0,no,no,39,yes,no,fiber_optic,yes,no,yes,yes,yes,no,one_year,yes,electronic_check,95.55,3692.85,1
3420,male,0,yes,yes,67,yes,yes,fiber_optic,yes,no,no,yes,yes,yes,two_year,no,bank_transfer_(automatic),104.6,6885.75,0
3421,male,0,no,no,2,yes,no,dsl,no,no,no,no,no,no,month_to_month,yes,electronic_check,45.15,98.5,1
3422,male,0,no,no,69,yes,yes,fiber_optic,no,yes,no,yes,yes,yes,one_year,yes,bank_transfer_(automatic),104.7,7220.35,1
3423,female,0,no,no,2,yes,no,dsl,yes,no,no,no,no,no,month_to_month,no,mailed_check,50.95,123.05,0
3424,male,0,yes,yes,1,yes,no,no,no_internet_service,no_internet_service,no_internet_service,no_internet_service,no_internet_service,no_internet_service,month_to_month,no,mailed_check,19.2,19.2,0
3425,male,0,no,no,71,yes,yes,fiber_optic,yes,no,no,yes,no,yes,one_year,no,credit_card_(automatic),97.65,6687.85,0
3426,male,0,no,no,65,yes,yes,no,no_internet_service,no_internet_service,no_internet_service,no_internet_service,no_internet_service,no_internet_service,two_year,no,mailed_check,25.75,1654.75,0
3427,male,0,no,yes,63,no,no_phone_service,dsl,yes,yes,no,yes,no,no,one_year,yes,bank_transfer_(automatic),40.6,2588.95,0
3428,male,1,yes,no,7,yes,yes,fiber_optic,no,no,no,no,no,no,month_to_month,yes,mailed_check,74.4,527.9,1
3429,male,0,no,yes,56,yes,yes,no,no_internet_service,no_internet_service,no_internet_service,no_internet_service,no_internet_service,no_internet_service,two_year,yes,mailed_check,24.8,1424.2,0
3430,female,0,yes,yes,31,yes,no,dsl,yes,no,yes,yes,yes,yes,one_year,yes,mailed_check,81.15,2545.75,0
3431,male,0,yes,no,3,yes,no,fiber_optic,no,no,no,no,no,no,month_to_month,yes,electronic_check,70.3,208.85,1
3432,male,0,no,no,1,yes,no,dsl,no,no,no,no,no,no,month_to_month,yes,mailed_check,44.3,44.3,0
3433,male,0,no,no,40,yes,yes,fiber_optic,no,no,yes,yes,yes,yes,month_to_month,no,bank_transfer_(automatic),104.8,4131.95,1
3434,male,1,no,no,1,yes,no,no,no_internet_service,no_internet_service,no_internet_service,no_internet_service,no_internet_service,no_internet_service,month_to_month,no,mailed_check,20.05,20.05,1
3435,male,0,yes,yes,51,yes,no,dsl,yes,yes,no,yes,no,no,two_year,no,credit_card_(automatic),60.5,3121.45,0
3436,male,0,yes,no,9,yes,yes,fiber_optic,yes,no,no,no,no,yes,month_to_month,yes,electronic_check,88.05,801.3,0
3437,male,0,no,no,13,yes,no,no,no_internet_service,no_internet_service,no_internet_service,no_internet_service,no_internet_service,no_internet_service,one_year,yes,electronic_check,19.95,253.8,0
3438,female,0,no,no,4,yes,no,no,no_internet_service,no_internet_service,no_internet_service,no_internet_service,no_internet_service,no_internet_service,month_to_month,yes,credit_card_(automatic),20.15,68.45,0
3439,female,0,yes,yes,5,yes,no,fiber_optic,no,yes,no,no,no,yes,month_to_month,yes,electronic_check,83.6,404.2,1
3440,male,1,no,no,10,yes,no,fiber_optic,no,yes,no,no,no,no,month_to_month,yes,electronic_check,72.85,688.65,1
3441,female,0,yes,yes,72,yes,yes,fiber_optic,yes,yes,yes,no,yes,yes,two_year,no,credit_card_(automatic),109.7,8129.3,0
3442,female,1,no,no,1,yes,no,fiber_optic,no,no,no,no,no,no,month_to_month,yes,electronic_check,70.2,70.2,0
3443,female,0,yes,yes,61,yes,yes,no,no_internet_service,no_internet_service,no_internet_service,no_internet_service,no_internet_service,no_internet_service,two_year,yes,mailed_check,24.1,1551.6,0
3444,female,1,no,no,44,yes,yes,fiber_optic,yes,yes,yes,no,yes,yes,one_year,yes,credit_card_(automatic),109.8,4860.35,0
3445,female,0,yes,no,12,yes,no,dsl,no,no,no,no,no,no,month_to_month,no,bank_transfer_(automatic),45.9,505.95,0
3446,male,0,yes,no,72,yes,yes,fiber_optic,yes,yes,yes,yes,yes,yes,two_year,yes,credit_card_(automatic),114.1,8086.4,0
3447,female,0,yes,yes,15,yes,no,dsl,no,yes,yes,yes,yes,yes,month_to_month,no,bank_transfer_(automatic),76.5,1155.6,0
3448,male,0,no,yes,39,yes,yes,no,no_internet_service,no_internet_service,no_internet_service,no_internet_service,no_internet_service,no_internet_service,two_year,no,mailed_check,25.0,1004.35,0
3449,female,0,no,no,11,yes,no,no,no_internet_service,no_internet_service,no_internet_service,no_internet_service,no_internet_service,no_internet_service,one_year,no,credit_card_(automatic),20.05,237.7,0
3450,male,0,yes,no,71,yes,yes,dsl,yes,no,yes,yes,yes,yes,two_year,no,electronic_check,83.2,6126.1,0
3451,male,0,no,yes,52,yes,yes,dsl,yes,yes,no,yes,yes,yes,two_year,yes,mailed_check,85.15,4461.85,0
3452,male,0,no,no,6,no,no_phone_service,dsl,no,yes,no,no,no,no,month_to_month,yes,credit_card_(automatic),30.5,208.7,1
3453,male,0,no,no,1,yes,no,no,no_internet_service,no_internet_service,no_internet_service,no_internet_service,no_internet_service,no_internet_service,month_to_month,no,mailed_check,19.05,19.05,0
3454,male,0,no,no,37,yes,no,fiber_optic,no,yes,no,no,yes,yes,month_to_month,yes,credit_card_(automatic),96.1,3646.8,0
3455,female,0,yes,yes,58,yes,no,no,no_internet_service,no_internet_service,no_internet_service,no_internet_service,no_internet_service,no_internet_service,two_year,no,credit_card_(automatic),20.5,1191.4,0
3456,male,1,no,no,53,no,no_phone_service,dsl,no,yes,yes,no,yes,yes,month_to_month,yes,electronic_check,54.45,2854.55,1
3457,female,0,no,no,1,no,no_phone_service,dsl,no,no,no,no,no,no,month_to_month,no,mailed_check,24.4,24.4,0
3458,female,1,yes,no,22,yes,yes,no,no_internet_service,no_internet_service,no_internet_service,no_internet_service,no_internet_service,no_internet_service,one_year,no,bank_transfer_(automatic),25.6,548.8,0
3459,male,0,no,no,3,yes,no,dsl,yes,no,no,no,no,no,month_to_month,yes,mailed_check,50.15,160.85,0
3460,male,0,no,no,10,yes,yes,no,no_internet_service,no_internet_service,no_internet_service,no_internet_service,no_internet_service,no_internet_service,month_to_month,yes,electronic_check,24.0,226.55,0
3461,male,0,no,no,6,yes,no,dsl,yes,no,yes,yes,yes,yes,two_year,yes,mailed_check,80.25,493.4,0
3462,male,0,no,no,1,yes,no,no,no_internet_service,no_internet_service,no_internet_service,no_internet_service,no_internet_service,no_internet_service,month_to_month,yes,mailed_check,19.6,19.6,1
3463,male,0,no,no,2,yes,no,no,no_internet_service,no_internet_service,no_internet_service,no_internet_service,no_internet_service,no_internet_service,month_to_month,yes,mailed_check,19.65,38.8,0
3464,female,0,no,no,3,yes,yes,fiber_optic,no,no,no,no,no,no,month_to_month,yes,credit_card_(automatic),75.1,270.7,1
3465,male,0,yes,yes,53,yes,no,no,no_internet_service,no_internet_service,no_internet_service,no_internet_service,no_internet_service,no_internet_service,two_year,yes,mailed_check,19.4,1110.35,0
3466,female,0,yes,no,61,yes,yes,fiber_optic,no,no,no,yes,yes,yes,one_year,no,bank_transfer_(automatic),101.15,6383.9,0
3467,male,0,yes,yes,68,yes,yes,dsl,yes,yes,yes,yes,yes,yes,two_year,yes,credit_card_(automatic),88.85,6132.7,0
3468,female,0,no,no,22,yes,no,fiber_optic,no,yes,no,no,no,yes,month_to_month,yes,mailed_check,84.3,1855.65,1
3469,male,0,yes,yes,72,yes,yes,fiber_optic,yes,no,yes,no,yes,yes,two_year,no,bank_transfer_(automatic),105.25,7609.75,0
3470,female,0,yes,yes,8,yes,no,dsl,no,no,no,no,no,no,month_to_month,yes,electronic_check,45.45,411.75,0
3471,male,1,no,no,2,yes,yes,fiber_optic,no,no,no,no,no,no,month_to_month,yes,mailed_check,74.85,156.4,1
3472,female,0,yes,no,26,yes,no,dsl,no,yes,yes,yes,yes,yes,month_to_month,no,bank_transfer_(automatic),81.9,2078.55,0
3473,female,0,no,no,1,yes,no,dsl,no,no,no,no,no,no,month_to_month,yes,electronic_check,45.3,45.3,1
3474,male,0,yes,yes,46,yes,yes,no,no_internet_service,no_internet_service,no_internet_service,no_internet_service,no_internet_service,no_internet_service,one_year,no,electronic_check,24.9,1174.8,0
3475,female,0,no,no,1,yes,no,fiber_optic,no,no,yes,no,no,no,month_to_month,no,bank_transfer_(automatic),73.5,73.5,1
3476,female,1,yes,no,21,yes,yes,dsl,no,yes,yes,no,no,yes,one_year,no,bank_transfer_(automatic),71.7,1497.05,0
3477,male,0,yes,yes,70,yes,yes,dsl,yes,yes,yes,yes,yes,yes,two_year,yes,credit_card_(automatic),90.15,6237.05,0
3478,female,0,yes,yes,36,yes,no,no,no_internet_service,no_internet_service,no_internet_service,no_internet_service,no_internet_service,no_internet_service,month_to_month,no,bank_transfer_(automatic),19.2,702.9,0
3479,female,1,no,no,69,yes,yes,fiber_optic,yes,no,yes,yes,yes,yes,two_year,no,credit_card_(automatic),110.25,7467.55,0
3480,male,1,no,yes,11,yes,no,dsl,no,yes,no,yes,no,no,month_to_month,yes,electronic_check,54.55,601.25,0
3481,male,0,yes,no,70,yes,yes,fiber_optic,no,yes,yes,no,yes,no,one_year,yes,bank_transfer_(automatic),95.0,6602.9,0
3482,male,1,yes,no,33,yes,no,fiber_optic,yes,yes,no,yes,no,yes,one_year,yes,electronic_check,93.55,3055.5,0
3483,male,0,yes,no,47,yes,yes,fiber_optic,no,no,no,no,yes,yes,one_year,yes,credit_card_(automatic),95.2,4563.0,0
3484,female,0,yes,yes,56,yes,yes,dsl,yes,yes,no,no,no,yes,one_year,no,bank_transfer_(automatic),68.75,3815.4,0
3485,female,0,no,no,5,yes,no,dsl,no,no,no,no,no,no,month_to_month,yes,credit_card_(automatic),44.05,202.15,0
3486,male,0,yes,yes,58,yes,yes,dsl,yes,yes,yes,yes,no,no,two_year,no,credit_card_(automatic),71.6,4230.25,0
3487,male,0,no,no,8,yes,yes,fiber_optic,no,no,no,no,no,yes,month_to_month,no,bank_transfer_(automatic),84.5,662.65,1
3488,male,0,no,no,11,yes,yes,dsl,no,no,yes,no,no,no,month_to_month,no,electronic_check,53.75,608.0,1
3489,male,0,yes,yes,69,yes,no,no,no_internet_service,no_internet_service,no_internet_service,no_internet_service,no_internet_service,no_internet_service,one_year,yes,credit_card_(automatic),20.55,1403.1,0
3490,male,1,no,no,10,yes,no,fiber_optic,no,no,no,no,no,yes,month_to_month,yes,electronic_check,79.25,793.55,1
3491,female,0,no,no,5,yes,no,fiber_optic,no,no,no,no,no,yes,month_to_month,yes,electronic_check,80.0,412.5,1
3492,male,1,no,no,16,yes,yes,fiber_optic,no,no,no,no,no,no,month_to_month,yes,bank_transfer_(automatic),74.45,1261.35,0
3493,female,1,no,no,8,yes,no,no,no_internet_service,no_internet_service,no_internet_service,no_internet_service,no_internet_service,no_internet_service,month_to_month,no,electronic_check,19.65,164.3,1
3494,male,0,no,yes,30,yes,no,dsl,no,yes,yes,no,yes,no,one_year,no,credit_card_(automatic),64.5,1929.95,0
3495,male,0,yes,yes,29,yes,yes,dsl,no,yes,yes,no,yes,yes,month_to_month,no,credit_card_(automatic),80.1,2211.8,0
3496,male,0,yes,yes,72,yes,yes,fiber_optic,yes,yes,yes,yes,yes,yes,two_year,yes,credit_card_(automatic),112.6,8126.65,0
3497,female,0,yes,no,58,yes,yes,dsl,no,yes,no,yes,no,no,two_year,yes,credit_card_(automatic),59.9,3505.1,0
3498,male,0,yes,no,63,yes,no,dsl,yes,yes,no,yes,yes,no,one_year,no,credit_card_(automatic),70.8,4448.8,0
3499,male,0,no,no,63,yes,yes,dsl,yes,yes,yes,yes,no,no,one_year,no,bank_transfer_(automatic),68.8,4111.35,0
3500,male,0,no,no,23,yes,no,fiber_optic,yes,no,yes,no,yes,yes,one_year,yes,credit_card_(automatic),99.95,2292.75,0
3501,male,0,no,no,12,yes,yes,fiber_optic,no,yes,yes,yes,yes,yes,month_to_month,yes,mailed_check,112.95,1384.75,1
3502,female,0,no,no,60,yes,yes,no,no_internet_service,no_internet_service,no_internet_service,no_internet_service,no_internet_service,no_internet_service,two_year,no,mailed_check,25.0,1505.05,0
3503,male,0,yes,yes,72,yes,yes,dsl,yes,yes,yes,yes,yes,yes,two_year,yes,bank_transfer_(automatic),87.55,6463.15,0
3504,female,0,yes,yes,13,yes,no,dsl,no,no,no,no,no,yes,month_to_month,no,electronic_check,55.95,734.35,1
3505,male,0,no,yes,25,yes,no,no,no_internet_service,no_internet_service,no_internet_service,no_internet_service,no_internet_service,no_internet_service,month_to_month,no,mailed_check,20.8,460.2,0
3506,male,0,yes,no,66,yes,yes,dsl,yes,yes,no,yes,yes,yes,two_year,no,electronic_check,85.25,5538.35,0
3507,female,0,yes,yes,72,yes,yes,fiber_optic,yes,yes,no,no,yes,yes,one_year,yes,electronic_check,104.15,7303.05,0
3508,female,0,yes,yes,23,yes,no,dsl,yes,yes,no,yes,no,no,one_year,yes,mailed_check,57.75,1282.85,0
3509,female,0,no,no,5,yes,yes,fiber_optic,no,no,no,no,yes,no,month_to_month,yes,electronic_check,85.2,474.8,1
3510,male,0,yes,yes,37,yes,yes,dsl,yes,no,yes,yes,no,no,two_year,yes,credit_card_(automatic),62.8,2278.75,0
3511,male,0,yes,yes,72,yes,yes,fiber_optic,yes,yes,yes,yes,yes,yes,two_year,yes,credit_card_(automatic),114.3,8058.55,0
3512,male,0,yes,yes,69,yes,no,fiber_optic,no,no,no,yes,yes,yes,two_year,yes,credit_card_(automatic),95.2,6671.7,0
3513,male,0,no,no,52,yes,yes,dsl,yes,no,no,yes,yes,yes,two_year,yes,credit_card_(automatic),79.75,4217.8,0
3514,female,1,no,no,47,yes,yes,fiber_optic,no,yes,no,yes,yes,no,month_to_month,yes,electronic_check,95.05,4504.55,1
3515,female,0,yes,yes,55,yes,yes,dsl,yes,yes,no,yes,yes,no,one_year,yes,credit_card_(automatic),75.0,4213.9,0
3516,male,0,no,no,23,yes,no,no,no_internet_service,no_internet_service,no_internet_service,no_internet_service,no_internet_service,no_internet_service,month_to_month,no,electronic_check,20.85,473.9,0
3517,female,0,no,yes,19,yes,no,no,no_internet_service,no_internet_service,no_internet_service,no_internet_service,no_internet_service,no_internet_service,two_year,no,mailed_check,20.5,398.55,0
3518,female,1,yes,no,43,yes,yes,fiber_optic,yes,no,yes,yes,yes,yes,one_year,yes,mailed_check,109.55,4830.25,1
3519,male,0,no,no,1,yes,no,dsl,no,no,yes,no,no,no,month_to_month,yes,mailed_check,49.65,49.65,1
3520,female,0,yes,no,65,yes,no,dsl,yes,yes,yes,no,no,yes,two_year,no,bank_transfer_(automatic),71.0,4386.2,0
3521,female,1,no,no,16,yes,yes,fiber_optic,no,no,no,no,yes,yes,month_to_month,yes,electronic_check,96.4,1581.2,1
3522,male,1,yes,no,71,yes,yes,fiber_optic,yes,yes,yes,no,yes,yes,month_to_month,yes,electronic_check,107.5,7713.55,0
3523,male,0,yes,no,69,no,no_phone_service,dsl,yes,no,yes,yes,yes,yes,two_year,no,bank_transfer_(automatic),60.25,4055.5,0
3524,male,1,no,no,66,yes,yes,fiber_optic,no,yes,yes,yes,yes,yes,one_year,no,credit_card_(automatic),110.9,7432.05,1
3525,male,1,yes,no,68,yes,yes,fiber_optic,no,yes,yes,no,yes,yes,month_to_month,yes,electronic_check,105.3,7299.65,1
3526,male,1,yes,yes,71,yes,yes,dsl,no,yes,yes,yes,no,yes,one_year,yes,bank_transfer_(automatic),72.9,5139.65,0
3527,female,1,yes,no,67,yes,yes,fiber_optic,yes,yes,no,no,yes,yes,one_year,yes,electronic_check,105.6,7112.15,0
3528,male,1,yes,no,16,yes,no,fiber_optic,no,yes,no,no,no,no,month_to_month,yes,credit_card_(automatic),74.3,1178.25,1
3529,male,0,yes,yes,14,yes,no,no,no_internet_service,no_internet_service,no_internet_service,no_internet_service,no_internet_service,no_internet_service,one_year,no,mailed_check,19.75,309.35,0
3530,female,0,yes,yes,61,yes,no,dsl,yes,no,no,no,no,no,one_year,yes,bank_transfer_(automatic),49.7,2961.4,0
3531,female,0,no,no,22,yes,no,no,no_internet_service,no_internet_service,no_internet_service,no_internet_service,no_internet_service,no_internet_service,one_year,yes,mailed_check,19.25,412.55,0
3532,male,0,no,no,51,yes,yes,fiber_optic,yes,yes,no,no,yes,no,one_year,yes,electronic_check,94.8,4837.6,1
3533,female,1,yes,no,71,yes,yes,fiber_optic,yes,yes,yes,yes,no,no,two_year,yes,credit_card_(automatic),96.35,6766.95,0
3534,female,1,yes,yes,48,yes,no,fiber_optic,yes,no,yes,yes,yes,yes,month_to_month,yes,electronic_check,104.5,5068.05,0
3535,male,0,yes,yes,47,yes,yes,fiber_optic,no,yes,no,no,yes,no,month_to_month,no,electronic_check,87.2,4017.45,0
3536,male,1,yes,no,16,yes,yes,fiber_optic,no,no,no,no,yes,no,month_to_month,yes,credit_card_(automatic),85.05,1391.15,0
3537,male,0,yes,yes,69,yes,no,fiber_optic,no,yes,no,yes,yes,no,two_year,yes,mailed_check,92.15,6480.9,0
3538,male,0,no,yes,1,yes,no,dsl,no,no,no,no,no,no,month_to_month,yes,electronic_check,44.4,44.4,1
3539,female,0,yes,no,53,yes,no,fiber_optic,no,no,yes,no,yes,yes,one_year,yes,bank_transfer_(automatic),94.85,5000.2,1
3540,male,0,yes,no,46,no,no_phone_service,dsl,yes,no,yes,yes,no,no,two_year,no,credit_card_(automatic),40.4,1842.7,0
3541,male,1,yes,no,72,yes,yes,fiber_optic,yes,yes,yes,no,yes,yes,two_year,yes,bank_transfer_(automatic),109.55,7920.7,0
3542,male,0,no,no,3,yes,no,dsl,no,no,no,no,yes,no,month_to_month,no,mailed_check,55.15,159.15,1
3543,female,0,yes,no,52,no,no_phone_service,dsl,yes,yes,yes,yes,yes,yes,two_year,no,credit_card_(automatic),66.25,3330.1,0
3544,female,0,no,no,42,yes,no,dsl,yes,yes,yes,yes,no,yes,one_year,no,credit_card_(automatic),73.9,3160.55,1
3545,male,1,yes,no,44,yes,yes,fiber_optic,no,yes,no,no,no,yes,one_year,no,mailed_check,88.4,3912.9,1
3546,male,0,no,yes,12,yes,yes,fiber_optic,no,no,no,no,no,no,month_to_month,yes,credit_card_(automatic),73.75,871.4,1
3547,male,0,no,no,1,yes,no,fiber_optic,no,no,no,no,no,no,month_to_month,yes,electronic_check,69.55,69.55,1
3548,male,0,yes,yes,45,yes,yes,fiber_optic,no,yes,yes,no,no,yes,month_to_month,yes,bank_transfer_(automatic),95.95,4456.65,0
3549,male,0,no,no,11,yes,no,no,no_internet_service,no_internet_service,no_internet_service,no_internet_service,no_internet_service,no_internet_service,two_year,no,credit_card_(automatic),19.55,223.15,0
3550,male,0,yes,yes,46,yes,no,no,no_internet_service,no_internet_service,no_internet_service,no_internet_service,no_internet_service,no_internet_service,two_year,yes,mailed_check,20.2,917.45,0
3551,female,0,yes,no,1,yes,no,fiber_optic,no,no,no,no,yes,no,month_to_month,yes,bank_transfer_(automatic),79.35,79.35,1
3552,male,0,no,no,17,yes,yes,fiber_optic,yes,yes,yes,yes,yes,no,month_to_month,yes,bank_transfer_(automatic),106.65,1672.1,0
3553,male,0,yes,no,54,yes,yes,fiber_optic,no,yes,yes,no,yes,yes,month_to_month,yes,electronic_check,104.3,5278.15,1
3554,male,0,no,no,1,yes,no,no,no_internet_service,no_internet_service,no_internet_service,no_internet_service,no_internet_service,no_internet_service,month_to_month,no,mailed_check,20.4,20.4,0
3555,male,0,no,no,21,yes,no,no,no_internet_service,no_internet_service,no_internet_service,no_internet_service,no_internet_service,no_internet_service,month_to_month,no,mailed_check,20.0,417.7,0
3556,female,0,no,yes,49,yes,no,no,no_internet_service,no_internet_service,no_internet_service,no_internet_service,no_internet_service,no_internet_service,two_year,no,credit_card_(automatic),20.45,1024.65,0
3557,female,0,yes,yes,58,yes,yes,dsl,yes,no,yes,yes,yes,no,two_year,no,mailed_check,75.8,4415.75,0
3558,male,0,no,no,7,yes,yes,fiber_optic,no,no,no,no,yes,yes,month_to_month,no,electronic_check,96.2,639.7,0
3559,male,0,no,no,71,yes,yes,fiber_optic,yes,no,yes,yes,yes,yes,two_year,yes,electronic_check,108.05,7532.15,1
3560,female,1,yes,no,20,yes,no,fiber_optic,no,no,no,no,yes,yes,one_year,yes,bank_transfer_(automatic),91.0,1859.5,0
3561,female,0,no,yes,11,no,no_phone_service,dsl,no,no,no,no,no,no,month_to_month,no,electronic_check,25.2,321.05,0
3562,female,0,yes,no,13,yes,yes,fiber_optic,no,yes,yes,no,yes,no,month_to_month,no,electronic_check,94.1,1215.6,1
3563,female,0,yes,no,72,yes,yes,fiber_optic,yes,yes,yes,no,yes,yes,two_year,yes,electronic_check,109.55,8165.1,0
3564,male,0,no,no,48,yes,yes,fiber_optic,no,yes,yes,no,yes,yes,two_year,yes,bank_transfer_(automatic),108.1,5067.45,0
3565,male,0,no,no,53,yes,no,no,no_internet_service,no_internet_service,no_internet_service,no_internet_service,no_internet_service,no_internet_service,two_year,no,credit_card_(automatic),19.5,1050.5,0
3566,male,0,yes,no,63,yes,no,fiber_optic,yes,no,yes,no,yes,yes,two_year,no,credit_card_(automatic),99.7,6330.4,0
3567,female,0,no,no,45,yes,yes,fiber_optic,yes,yes,yes,yes,yes,yes,month_to_month,yes,electronic_check,115.65,5125.5,0
3568,female,0,no,no,16,yes,no,dsl,no,yes,no,yes,no,no,month_to_month,yes,mailed_check,53.9,834.15,1
3569,male,0,no,no,69,yes,yes,fiber_optic,no,yes,yes,yes,yes,no,two_year,yes,credit_card_(automatic),97.65,6743.55,0
3570,male,0,no,no,35,yes,no,no,no_internet_service,no_internet_service,no_internet_service,no_internet_service,no_internet_service,no_internet_service,one_year,yes,mailed_check,19.15,638.0,0
3571,female,0,yes,yes,55,yes,yes,no,no_internet_service,no_internet_service,no_internet_service,no_internet_service,no_internet_service,no_internet_service,two_year,yes,credit_card_(automatic),25.65,1388.0,0
3572,female,1,yes,no,72,yes,yes,fiber_optic,yes,yes,yes,no,yes,yes,two_year,yes,electronic_check,112.4,8046.85,0
3573,female,0,yes,yes,43,yes,no,dsl,no,no,no,no,yes,no,month_to_month,no,electronic_check,56.15,2499.3,1
3574,male,0,yes,yes,59,yes,no,dsl,yes,yes,yes,yes,yes,yes,two_year,yes,electronic_check,86.75,5186.0,0
3575,male,0,yes,yes,29,yes,no,fiber_optic,yes,no,no,no,yes,yes,month_to_month,no,credit_card_(automatic),94.65,2649.15,1
3576,male,0,yes,yes,12,yes,yes,no,no_internet_service,no_internet_service,no_internet_service,no_internet_service,no_internet_service,no_internet_service,two_year,yes,bank_transfer_(automatic),24.0,269.65,0
3577,female,0,no,no,48,yes,yes,dsl,yes,yes,yes,no,yes,yes,one_year,yes,credit_card_(automatic),83.45,3887.85,0
3578,male,0,no,no,38,yes,yes,fiber_optic,yes,yes,no,no,yes,yes,one_year,yes,electronic_check,104.85,3887.25,0
3579,female,0,no,no,72,yes,yes,fiber_optic,yes,yes,yes,yes,yes,yes,two_year,no,credit_card_(automatic),115.05,8405.0,0
3580,female,0,no,no,18,yes,no,fiber_optic,yes,no,no,no,no,no,month_to_month,yes,electronic_check,75.4,1380.4,0
3581,female,0,no,no,9,yes,no,fiber_optic,yes,no,no,no,no,no,month_to_month,yes,credit_card_(automatic),74.25,639.65,1
3582,female,0,no,no,47,yes,yes,fiber_optic,no,yes,yes,no,yes,yes,month_to_month,yes,electronic_check,106.35,4849.1,0
3583,female,0,yes,yes,59,yes,yes,dsl,no,no,yes,yes,yes,no,two_year,yes,bank_transfer_(automatic),72.1,4194.85,0
3584,female,0,no,no,47,yes,no,fiber_optic,yes,no,no,no,no,no,month_to_month,no,credit_card_(automatic),75.45,3545.1,0
3585,male,0,yes,yes,46,yes,yes,fiber_optic,no,yes,no,no,no,no,month_to_month,yes,bank_transfer_(automatic),80.0,3769.7,0
3586,male,0,no,no,6,yes,no,no,no_internet_service,no_internet_service,no_internet_service,no_internet_service,no_internet_service,no_internet_service,month_to_month,no,mailed_check,20.65,109.3,0
3587,male,0,no,no,52,yes,no,dsl,yes,yes,no,no,yes,no,two_year,yes,credit_card_(automatic),63.25,3342.45,0
3588,female,0,yes,yes,72,yes,yes,dsl,yes,no,yes,yes,yes,yes,two_year,no,credit_card_(automatic),84.7,5893.9,0
3589,male,0,yes,yes,28,no,no_phone_service,dsl,yes,no,yes,yes,yes,no,one_year,no,mailed_check,50.8,1386.8,0
3590,female,0,no,no,46,yes,no,dsl,no,no,no,no,no,yes,one_year,no,credit_card_(automatic),55.65,2688.85,0
3591,male,0,yes,no,72,yes,yes,fiber_optic,no,yes,yes,no,yes,yes,two_year,yes,bank_transfer_(automatic),104.8,7470.1,0
3592,female,0,yes,yes,66,yes,no,dsl,no,no,no,yes,no,no,one_year,yes,credit_card_(automatic),49.4,3251.85,0
3593,male,0,yes,no,23,yes,yes,fiber_optic,no,yes,yes,no,no,no,month_to_month,no,electronic_check,84.25,1968.1,0
3594,female,1,yes,no,70,yes,yes,fiber_optic,yes,yes,yes,yes,yes,yes,two_year,yes,electronic_check,113.65,7714.65,0
3595,male,0,no,no,28,yes,no,no,no_internet_service,no_internet_service,no_internet_service,no_internet_service,no_internet_service,no_internet_service,one_year,no,credit_card_(automatic),18.25,534.7,0
3596,female,0,yes,no,15,yes,no,fiber_optic,no,no,yes,no,yes,no,month_to_month,yes,electronic_check,84.3,1308.4,1
3597,female,0,yes,yes,5,no,no_phone_service,dsl,no,yes,no,no,no,no,month_to_month,yes,electronic_check,30.5,167.2,0
3598,male,0,yes,no,56,yes,yes,dsl,no,yes,yes,no,no,no,two_year,no,credit_card_(automatic),59.5,3389.25,0
3599,female,0,no,no,43,yes,yes,dsl,no,yes,yes,yes,yes,yes,one_year,no,credit_card_(automatic),85.1,3662.25,0
3600,female,0,no,yes,1,yes,no,fiber_optic,no,no,no,no,yes,no,month_to_month,yes,electronic_check,79.35,79.35,1
3601,female,0,no,no,30,yes,no,fiber_optic,no,no,no,yes,yes,no,month_to_month,no,electronic_check,85.15,2555.9,1
3602,female,0,no,no,13,no,no_phone_service,dsl,no,no,no,no,no,no,month_to_month,yes,electronic_check,23.9,300.8,1
3603,male,0,no,no,57,yes,no,dsl,yes,no,yes,no,yes,yes,two_year,yes,bank_transfer_(automatic),74.35,4317.35,0
3604,male,0,no,no,10,yes,no,fiber_optic,no,no,yes,no,yes,yes,month_to_month,yes,electronic_check,94.9,1048.85,1
3605,female,0,no,no,54,yes,no,fiber_optic,no,no,yes,no,yes,yes,one_year,yes,credit_card_(automatic),94.1,5060.9,0
3606,female,0,yes,no,40,yes,yes,dsl,no,yes,no,no,no,no,month_to_month,no,credit_card_(automatic),56.6,2379.1,0
3607,female,0,yes,yes,72,yes,yes,fiber_optic,yes,yes,yes,yes,yes,yes,two_year,no,credit_card_(automatic),117.5,8670.1,0
3608,male,0,yes,yes,63,yes,yes,fiber_optic,no,yes,no,no,no,yes,one_year,yes,electronic_check,91.35,5764.7,0
3609,female,0,no,yes,25,yes,no,no,no_internet_service,no_internet_service,no_internet_service,no_internet_service,no_internet_service,no_internet_service,month_to_month,no,credit_card_(automatic),20.05,471.7,0
3610,male,0,yes,no,8,yes,no,fiber_optic,yes,no,no,no,no,no,month_to_month,yes,electronic_check,74.5,609.9,1
3611,female,0,yes,yes,30,yes,no,no,no_internet_service,no_internet_service,no_internet_service,no_internet_service,no_internet_service,no_internet_service,one_year,no,bank_transfer_(automatic),19.55,608.5,0
3612,male,0,yes,yes,22,yes,no,fiber_optic,yes,no,no,no,no,no,month_to_month,no,bank_transfer_(automatic),75.0,1573.95,0
3613,male,0,yes,no,52,yes,yes,fiber_optic,no,yes,no,yes,no,yes,month_to_month,yes,credit_card_(automatic),95.65,5088.4,0
3614,male,1,yes,no,72,yes,no,dsl,yes,yes,yes,yes,yes,no,two_year,no,bank_transfer_(automatic),74.4,5360.75,0
3615,female,0,yes,yes,12,yes,no,dsl,no,no,yes,no,yes,no,month_to_month,yes,credit_card_(automatic),58.35,740.55,0
3616,female,0,no,no,35,yes,yes,fiber_optic,no,no,no,yes,no,no,month_to_month,no,credit_card_(automatic),80.05,2835.9,0
3617,female,1,no,no,15,yes,no,fiber_optic,yes,no,yes,yes,no,yes,month_to_month,yes,mailed_check,96.3,1426.75,1
3618,female,0,no,no,12,yes,no,fiber_optic,no,no,yes,no,yes,yes,month_to_month,yes,electronic_check,96.0,1062.1,1
3619,male,0,no,no,19,yes,no,dsl,no,no,no,no,no,no,month_to_month,yes,bank_transfer_(automatic),45.0,865.85,0
3620,male,0,yes,no,5,yes,no,no,no_internet_service,no_internet_service,no_internet_service,no_internet_service,no_internet_service,no_internet_service,month_to_month,no,mailed_check,19.35,126.05,1
3621,male,0,yes,yes,72,yes,yes,fiber_optic,no,yes,yes,no,yes,yes,two_year,yes,electronic_check,103.4,7372.65,1
3622,female,0,no,no,71,yes,yes,fiber_optic,yes,yes,yes,yes,yes,yes,two_year,yes,electronic_check,118.65,8477.6,0
3623,female,0,no,no,72,yes,yes,dsl,no,yes,yes,yes,yes,yes,two_year,no,bank_transfer_(automatic),86.6,6350.5,0
3624,female,0,no,no,29,yes,no,dsl,yes,yes,yes,no,no,yes,month_to_month,yes,bank_transfer_(automatic),68.85,1970.5,1
3625,female,1,no,no,2,yes,yes,dsl,no,yes,no,no,no,no,month_to_month,yes,credit_card_(automatic),56.55,118.25,0
3626,female,0,no,no,2,no,no_phone_service,dsl,no,no,no,no,no,yes,month_to_month,yes,electronic_check,34.7,62.25,1
3627,male,0,no,no,11,yes,no,no,no_internet_service,no_internet_service,no_internet_service,no_internet_service,no_internet_service,no_internet_service,two_year,no,mailed_check,20.4,231.45,0
3628,male,1,yes,no,37,yes,yes,fiber_optic,no,no,no,no,yes,yes,month_to_month,yes,electronic_check,92.5,3473.4,1
3629,female,0,yes,yes,7,yes,no,no,no_internet_service,no_internet_service,no_internet_service,no_internet_service,no_internet_service,no_internet_service,two_year,no,mailed_check,19.85,144.15,0
3630,female,0,no,yes,19,yes,yes,dsl,yes,yes,no,yes,yes,no,month_to_month,yes,mailed_check,75.9,1375.6,0
3631,male,0,yes,yes,72,yes,yes,no,no_internet_service,no_internet_service,no_internet_service,no_internet_service,no_internet_service,no_internet_service,two_year,no,bank_transfer_(automatic),24.3,1643.25,0
3632,male,0,yes,no,56,yes,yes,fiber_optic,yes,yes,yes,no,no,no,one_year,yes,electronic_check,93.15,5253.95,0
3633,male,0,no,no,8,yes,no,no,no_internet_service,no_internet_service,no_internet_service,no_internet_service,no_internet_service,no_internet_service,month_to_month,yes,credit_card_(automatic),20.45,162.3,0
3634,male,0,no,no,4,yes,no,no,no_internet_service,no_internet_service,no_internet_service,no_internet_service,no_internet_service,no_internet_service,month_to_month,yes,mailed_check,19.95,59.25,0
3635,female,0,yes,yes,50,yes,no,fiber_optic,no,no,no,no,no,no,month_to_month,yes,bank_transfer_(automatic),69.75,3557.7,0
3636,male,1,yes,no,32,yes,yes,fiber_optic,no,no,no,no,no,yes,month_to_month,no,electronic_check,85.3,2661.1,1
3637,female,0,no,no,72,yes,yes,fiber_optic,yes,yes,yes,yes,yes,yes,two_year,yes,credit_card_(automatic),112.75,8192.6,0
3638,male,0,yes,yes,50,yes,no,no,no_internet_service,no_internet_service,no_internet_service,no_internet_service,no_internet_service,no_internet_service,one_year,yes,mailed_check,20.35,938.95,0
3639,male,0,no,no,25,yes,no,no,no_internet_service,no_internet_service,no_internet_service,no_internet_service,no_internet_service,no_internet_service,one_year,yes,bank_transfer_(automatic),19.5,516.3,0
3640,male,0,yes,no,38,yes,yes,fiber_optic,yes,no,no,no,yes,no,month_to_month,no,bank_transfer_(automatic),91.7,3479.05,0
3641,female,1,no,no,66,yes,yes,dsl,yes,yes,no,yes,no,no,one_year,yes,credit_card_(automatic),63.85,4174.35,0
3642,female,0,yes,yes,21,yes,no,dsl,no,no,no,no,no,no,month_to_month,yes,electronic_check,44.95,926.25,0
3643,male,0,yes,no,25,no,no_phone_service,dsl,no,no,yes,no,yes,no,one_year,yes,credit_card_(automatic),38.1,970.4,0
3644,male,1,yes,no,49,yes,yes,fiber_optic,no,yes,no,no,no,yes,month_to_month,no,credit_card_(automatic),90.05,4547.25,1
3645,female,0,yes,no,35,yes,no,fiber_optic,no,no,no,no,no,no,month_to_month,yes,electronic_check,70.3,2416.55,1
3646,male,0,yes,yes,25,yes,no,dsl,yes,no,no,yes,no,no,month_to_month,no,electronic_check,54.3,1296.8,0
3647,male,0,yes,no,71,yes,yes,fiber_optic,no,yes,yes,no,yes,yes,one_year,yes,bank_transfer_(automatic),105.7,7472.15,0
3648,male,0,yes,yes,71,yes,yes,dsl,yes,yes,yes,yes,yes,yes,two_year,no,credit_card_(automatic),90.3,6287.3,0
3649,female,0,yes,yes,70,yes,yes,fiber_optic,yes,yes,yes,yes,no,no,two_year,no,bank_transfer_(automatic),93.9,6579.05,1
3650,female,1,no,no,20,yes,no,fiber_optic,no,no,no,no,yes,no,month_to_month,no,bank_transfer_(automatic),80.7,1614.2,0
3651,male,0,yes,yes,10,yes,no,no,no_internet_service,no_internet_service,no_internet_service,no_internet_service,no_internet_service,no_internet_service,month_to_month,yes,credit_card_(automatic),20.05,218.5,0
3652,female,1,no,no,8,yes,no,fiber_optic,no,no,yes,no,yes,yes,month_to_month,yes,credit_card_(automatic),94.45,742.95,1
3653,female,0,no,no,4,yes,no,dsl,yes,yes,no,no,no,no,month_to_month,no,electronic_check,55.2,220.65,0
3654,male,0,no,yes,29,yes,no,no,no_internet_service,no_internet_service,no_internet_service,no_internet_service,no_internet_service,no_internet_service,one_year,no,mailed_check,19.85,535.05,0
3655,female,1,yes,no,12,yes,yes,fiber_optic,no,yes,yes,no,yes,no,month_to_month,yes,electronic_check,98.1,1060.2,1
3656,female,0,no,no,54,yes,yes,fiber_optic,no,yes,yes,no,yes,no,one_year,yes,bank_transfer_(automatic),94.75,5121.75,0
3657,female,1,no,no,33,yes,yes,fiber_optic,no,yes,yes,yes,yes,yes,month_to_month,yes,electronic_check,110.45,3655.45,1
3658,male,0,no,no,54,no,no_phone_service,dsl,yes,yes,no,no,no,yes,two_year,no,bank_transfer_(automatic),46.2,2431.95,0
3659,female,0,yes,yes,6,yes,no,dsl,no,no,no,no,no,no,month_to_month,no,mailed_check,45.5,285.2,0
3660,male,1,no,no,1,yes,yes,fiber_optic,no,no,no,no,no,no,month_to_month,yes,electronic_check,74.4,74.4,1
3661,male,1,yes,no,37,yes,no,fiber_optic,no,no,no,no,no,no,month_to_month,yes,bank_transfer_(automatic),72.25,2575.45,0
3662,male,0,yes,no,32,yes,yes,fiber_optic,no,no,no,yes,no,no,one_year,yes,electronic_check,79.25,2619.15,0
3663,male,0,yes,yes,68,yes,yes,dsl,no,yes,no,yes,no,yes,two_year,no,credit_card_(automatic),70.8,4859.95,0
3664,female,1,yes,yes,72,yes,yes,dsl,yes,yes,yes,yes,yes,yes,two_year,yes,credit_card_(automatic),88.05,6425.65,0
3665,female,0,no,yes,62,yes,yes,no,no_internet_service,no_internet_service,no_internet_service,no_internet_service,no_internet_service,no_internet_service,two_year,no,bank_transfer_(automatic),26.0,1638.7,0
3666,male,0,yes,yes,72,yes,no,no,no_internet_service,no_internet_service,no_internet_service,no_internet_service,no_internet_service,no_internet_service,two_year,no,electronic_check,20.35,1354.4,0
3667,female,0,yes,no,70,yes,yes,dsl,no,yes,yes,yes,yes,yes,two_year,yes,bank_transfer_(automatic),84.8,5917.55,0
3668,female,0,no,no,12,yes,no,dsl,no,no,no,no,no,no,month_to_month,yes,electronic_check,45.05,523.1,0
3669,female,0,no,no,1,no,no_phone_service,dsl,no,no,no,no,yes,no,month_to_month,yes,electronic_check,35.75,35.75,1
3670,male,0,no,yes,39,no,no_phone_service,dsl,no,no,yes,yes,yes,yes,one_year,no,bank_transfer_(automatic),54.85,2191.7,0
3671,male,0,no,no,22,no,no_phone_service,dsl,no,no,yes,yes,yes,yes,two_year,no,bank_transfer_(automatic),56.75,1304.85,0
3672,female,0,no,yes,13,yes,yes,dsl,yes,yes,yes,yes,yes,yes,two_year,no,credit_card_(automatic),88.95,1161.75,0
3673,female,0,yes,yes,54,yes,yes,dsl,yes,no,no,yes,no,no,two_year,no,bank_transfer_(automatic),60.0,3273.95,0
3674,male,0,yes,yes,4,yes,no,fiber_optic,no,no,no,no,no,no,month_to_month,yes,mailed_check,69.55,284.9,0
3675,male,0,no,no,15,yes,yes,dsl,no,no,no,no,no,no,month_to_month,no,electronic_check,51.55,765.5,1
3676,female,0,yes,yes,72,yes,yes,fiber_optic,yes,yes,yes,yes,yes,yes,two_year,yes,bank_transfer_(automatic),117.6,8308.9,0
3677,male,0,no,no,35,yes,no,no,no_internet_service,no_internet_service,no_internet_service,no_internet_service,no_internet_service,no_internet_service,two_year,no,bank_transfer_(automatic),21.45,705.45,0
3678,male,0,yes,yes,49,yes,no,dsl,yes,yes,no,yes,no,no,month_to_month,no,credit_card_(automatic),59.6,2970.3,0
3679,female,0,no,yes,24,yes,no,no,no_internet_service,no_internet_service,no_internet_service,no_internet_service,no_internet_service,no_internet_service,two_year,no,mailed_check,19.75,498.1,0
3680,female,0,yes,yes,71,yes,no,no,no_internet_service,no_internet_service,no_internet_service,no_internet_service,no_internet_service,no_internet_service,two_year,no,credit_card_(automatic),19.9,1397.3,0
3681,male,1,no,no,13,yes,yes,fiber_optic,no,yes,yes,no,yes,yes,month_to_month,yes,electronic_check,106.9,1364.3,1
3682,male,1,no,no,1,yes,no,fiber_optic,no,no,no,no,no,no,month_to_month,no,electronic_check,69.1,69.1,1
3683,female,0,yes,no,48,yes,no,dsl,no,yes,yes,no,no,yes,one_year,yes,electronic_check,65.65,3094.65,0
3684,male,0,no,no,31,yes,yes,fiber_optic,no,yes,yes,no,yes,yes,one_year,yes,electronic_check,103.45,3066.45,1
3685,male,0,no,no,57,yes,no,no,no_internet_service,no_internet_service,no_internet_service,no_internet_service,no_internet_service,no_internet_service,two_year,no,bank_transfer_(automatic),20.65,1125.6,0
3686,male,0,no,no,1,no,no_phone_service,dsl,no,no,no,no,no,yes,month_to_month,no,electronic_check,35.9,35.9,1
3687,male,0,no,no,25,yes,no,fiber_optic,yes,no,no,no,no,no,month_to_month,no,bank_transfer_(automatic),74.3,1952.25,0
3688,male,1,yes,yes,26,yes,yes,fiber_optic,no,yes,yes,no,yes,yes,month_to_month,no,electronic_check,105.75,2710.25,1
3689,male,0,no,no,47,yes,no,no,no_internet_service,no_internet_service,no_internet_service,no_internet_service,no_internet_service,no_internet_service,two_year,no,bank_transfer_(automatic),20.45,943.0,0
3690,female,0,yes,no,28,yes,yes,fiber_optic,no,no,yes,yes,yes,yes,month_to_month,yes,electronic_check,104.8,3046.05,1
3691,male,1,no,no,20,yes,no,dsl,yes,no,no,yes,no,no,one_year,no,mailed_check,54.0,1055.9,0
3692,female,0,no,no,7,yes,no,dsl,yes,yes,no,yes,yes,yes,month_to_month,yes,electronic_check,78.5,571.05,0
3693,male,0,yes,yes,72,no,no_phone_service,dsl,yes,yes,yes,yes,yes,yes,two_year,yes,bank_transfer_(automatic),65.65,4664.5,0
3694,female,0,no,no,17,yes,no,no,no_internet_service,no_internet_service,no_internet_service,no_internet_service,no_internet_service,no_internet_service,one_year,no,bank_transfer_(automatic),19.9,323.15,0
3695,female,0,no,no,10,yes,yes,fiber_optic,no,no,no,no,no,no,month_to_month,yes,mailed_check,75.75,777.3,0
3696,female,0,no,no,32,yes,no,no,no_internet_service,no_internet_service,no_internet_service,no_internet_service,no_internet_service,no_internet_service,one_year,no,bank_transfer_(automatic),19.75,624.15,0
3697,male,0,yes,yes,71,yes,no,no,no_internet_service,no_internet_service,no_internet_service,no_internet_service,no_internet_service,no_internet_service,two_year,no,credit_card_(automatic),19.7,1301.1,0
3698,female,0,no,no,46,yes,no,fiber_optic,no,yes,yes,yes,yes,yes,two_year,yes,bank_transfer_(automatic),104.4,4904.2,0
3699,male,0,no,no,23,yes,yes,fiber_optic,no,no,no,no,no,no,month_to_month,yes,electronic_check,74.95,1710.45,1
3700,male,0,yes,no,30,yes,no,dsl,no,no,yes,no,no,no,month_to_month,yes,mailed_check,50.0,1474.9,0
3701,male,0,no,no,1,yes,yes,fiber_optic,no,no,yes,no,yes,yes,month_to_month,yes,electronic_check,101.45,101.45,1
3702,female,1,no,no,35,no,no_phone_service,dsl,no,no,yes,no,yes,no,month_to_month,yes,electronic_check,39.85,1434.6,0
3703,male,0,yes,no,62,no,no_phone_service,dsl,no,no,no,yes,yes,no,two_year,yes,bank_transfer_(automatic),39.0,2337.45,0
3704,female,0,no,yes,72,yes,no,no,no_internet_service,no_internet_service,no_internet_service,no_internet_service,no_internet_service,no_internet_service,two_year,yes,mailed_check,19.75,1567.0,0
3705,female,0,no,no,8,yes,yes,fiber_optic,yes,no,no,yes,yes,yes,month_to_month,yes,bank_transfer_(automatic),103.35,847.3,1
3706,male,0,no,no,2,yes,no,no,no_internet_service,no_internet_service,no_internet_service,no_internet_service,no_internet_service,no_internet_service,month_to_month,yes,electronic_check,19.65,31.2,0
3707,male,0,no,no,72,no,no_phone_service,dsl,yes,yes,yes,yes,yes,yes,two_year,yes,bank_transfer_(automatic),65.6,4566.5,0
3708,female,0,no,no,41,yes,yes,fiber_optic,no,yes,yes,no,yes,yes,month_to_month,yes,electronic_check,106.3,4443.45,1
3709,female,0,no,no,50,yes,no,no,no_internet_service,no_internet_service,no_internet_service,no_internet_service,no_internet_service,no_internet_service,two_year,no,credit_card_(automatic),19.4,1023.95,0
3710,female,0,no,no,46,yes,yes,fiber_optic,no,yes,yes,no,no,yes,one_year,yes,electronic_check,94.15,4408.45,0
3711,female,0,no,no,1,yes,no,dsl,no,no,no,no,no,yes,month_to_month,yes,mailed_check,54.75,54.75,1
3712,female,0,no,no,31,yes,yes,fiber_optic,no,no,no,no,no,no,month_to_month,yes,electronic_check,76.05,2227.8,0
3713,male,1,no,no,32,yes,yes,fiber_optic,no,no,yes,no,no,no,month_to_month,yes,credit_card_(automatic),81.1,2619.25,0
3714,male,0,no,no,44,no,no_phone_service,dsl,no,yes,yes,no,yes,yes,one_year,yes,mailed_check,53.95,2375.4,1
3715,male,0,no,no,1,yes,no,fiber_optic,no,no,no,no,no,no,month_to_month,no,mailed_check,69.4,69.4,1
3716,male,0,yes,yes,39,yes,no,dsl,yes,yes,yes,no,no,no,one_year,no,electronic_check,59.8,2343.85,0
3717,male,0,yes,yes,72,yes,yes,dsl,yes,no,yes,yes,no,no,two_year,yes,credit_card_(automatic),66.5,4811.6,0
3718,male,0,yes,no,35,yes,yes,fiber_optic,no,no,no,no,no,no,month_to_month,yes,electronic_check,75.2,2576.2,1
3719,female,1,no,no,6,yes,no,fiber_optic,no,no,no,no,yes,yes,month_to_month,yes,electronic_check,89.35,567.8,0
3720,female,0,no,no,39,yes,no,fiber_optic,no,no,yes,yes,no,no,two_year,yes,electronic_check,80.45,3201.55,1
3721,female,0,no,no,1,yes,no,fiber_optic,no,no,no,no,no,no,month_to_month,no,electronic_check,70.5,70.5,1
3722,male,1,no,no,62,yes,yes,fiber_optic,no,yes,yes,yes,yes,yes,one_year,yes,bank_transfer_(automatic),110.75,7053.35,0
3723,female,0,no,no,2,yes,yes,fiber_optic,no,no,no,no,no,yes,month_to_month,yes,electronic_check,85.7,169.8,1
3724,male,0,yes,yes,71,yes,yes,dsl,yes,yes,yes,yes,yes,yes,two_year,yes,mailed_check,91.25,6589.6,0
3725,female,0,yes,no,2,yes,no,no,no_internet_service,no_internet_service,no_internet_service,no_internet_service,no_internet_service,no_internet_service,month_to_month,no,mailed_check,20.35,41.85,0
3726,male,0,yes,no,8,yes,no,dsl,no,yes,yes,no,no,no,month_to_month,yes,mailed_check,54.75,445.85,0
3727,female,0,yes,yes,58,no,no_phone_service,dsl,yes,no,yes,yes,yes,yes,two_year,no,mailed_check,59.75,3624.35,0
3728,female,0,no,no,38,yes,yes,no,no_internet_service,no_internet_service,no_internet_service,no_internet_service,no_internet_service,no_internet_service,one_year,yes,electronic_check,24.25,914.4,0
3729,male,0,yes,yes,72,yes,yes,dsl,yes,yes,yes,yes,yes,yes,two_year,no,credit_card_(automatic),89.85,6562.9,0
3730,male,0,no,yes,61,yes,no,no,no_internet_service,no_internet_service,no_internet_service,no_internet_service,no_internet_service,no_internet_service,two_year,no,mailed_check,19.75,1124.2,0
3731,female,0,no,no,14,yes,no,dsl,yes,no,no,no,no,no,month_to_month,no,bank_transfer_(automatic),50.1,709.5,0
3732,male,0,no,no,58,yes,yes,fiber_optic,no,no,yes,yes,yes,yes,one_year,yes,electronic_check,104.65,6219.6,1
3733,male,0,yes,no,67,no,no_phone_service,dsl,yes,yes,no,yes,no,yes,two_year,yes,bank_transfer_(automatic),50.95,3521.7,0
3734,male,0,no,no,1,yes,no,dsl,no,no,no,no,no,no,month_to_month,yes,bank_transfer_(automatic),45.1,45.1,1
3735,male,0,no,no,72,yes,yes,no,no_internet_service,no_internet_service,no_internet_service,no_internet_service,no_internet_service,no_internet_service,two_year,no,bank_transfer_(automatic),24.75,1777.6,0
3736,male,0,no,no,11,yes,no,no,no_internet_service,no_internet_service,no_internet_service,no_internet_service,no_internet_service,no_internet_service,one_year,no,mailed_check,19.5,226.8,0
3737,male,0,yes,yes,72,yes,yes,fiber_optic,no,yes,yes,yes,yes,yes,two_year,yes,bank_transfer_(automatic),112.25,8041.65,0
3738,male,1,no,no,67,yes,no,fiber_optic,yes,yes,no,yes,yes,yes,two_year,yes,electronic_check,105.05,7171.7,0
3739,female,0,no,no,58,yes,no,fiber_optic,no,no,no,yes,yes,yes,month_to_month,yes,electronic_check,95.3,5817.7,0
3740,female,0,yes,yes,65,yes,yes,fiber_optic,no,yes,yes,yes,yes,yes,two_year,yes,credit_card_(automatic),110.8,7245.9,0
3741,female,0,yes,yes,72,yes,yes,dsl,yes,yes,yes,no,yes,yes,two_year,yes,credit_card_(automatic),83.6,5959.3,0
3742,male,0,no,no,60,yes,yes,fiber_optic,yes,yes,yes,yes,yes,yes,one_year,yes,credit_card_(automatic),116.6,7049.5,0
3743,female,0,yes,yes,11,no,no_phone_service,dsl,yes,no,no,no,no,no,month_to_month,yes,electronic_check,29.6,346.45,0
3744,male,0,yes,yes,22,yes,no,dsl,no,no,no,yes,no,no,month_to_month,yes,electronic_check,51.1,1232.9,0
3745,male,0,yes,no,70,yes,yes,dsl,yes,yes,yes,yes,yes,no,two_year,no,mailed_check,79.15,5536.5,0
3746,male,0,no,yes,1,yes,no,no,no_internet_service,no_internet_service,no_internet_service,no_internet_service,no_internet_service,no_internet_service,month_to_month,yes,mailed_check,21.05,21.05,0
3747,female,0,yes,no,49,no,no_phone_service,dsl,yes,no,no,no,yes,no,month_to_month,no,bank_transfer_(automatic),40.65,2070.75,0
3748,male,1,no,no,47,yes,yes,dsl,no,yes,no,yes,no,no,two_year,no,bank_transfer_(automatic),59.6,2754.0,0
3749,male,0,no,no,2,yes,no,no,no_internet_service,no_internet_service,no_internet_service,no_internet_service,no_internet_service,no_internet_service,month_to_month,no,mailed_check,19.35,46.35,0
3750,female,0,yes,yes,5,yes,no,fiber_optic,no,yes,no,yes,yes,yes,month_to_month,yes,mailed_check,99.15,465.05,1
3751,male,0,yes,no,44,no,no_phone_service,dsl,no,yes,yes,no,yes,yes,two_year,no,bank_transfer_(automatic),54.3,2390.45,0
3752,female,1,no,no,72,yes,yes,fiber_optic,no,yes,yes,yes,yes,yes,two_year,yes,bank_transfer_(automatic),108.1,7774.05,0
3753,female,1,yes,no,70,yes,yes,fiber_optic,yes,yes,yes,yes,yes,yes,two_year,yes,credit_card_(automatic),113.0,7987.6,0
3754,male,0,no,no,1,yes,no,no,no_internet_service,no_internet_service,no_internet_service,no_internet_service,no_internet_service,no_internet_service,month_to_month,no,mailed_check,20.25,20.25,0
3755,female,0,yes,no,51,yes,yes,no,no_internet_service,no_internet_service,no_internet_service,no_internet_service,no_internet_service,no_internet_service,two_year,no,mailed_check,25.5,1281.25,0
3756,female,0,yes,no,31,yes,no,dsl,yes,no,no,yes,no,yes,one_year,yes,electronic_check,64.0,1910.75,0
3757,male,0,yes,yes,5,yes,no,no,no_internet_service,no_internet_service,no_internet_service,no_internet_service,no_internet_service,no_internet_service,one_year,no,electronic_check,20.55,99.45,0
3758,male,1,yes,no,62,yes,yes,fiber_optic,no,yes,no,no,no,yes,month_to_month,yes,bank_transfer_(automatic),89.8,5629.55,0
3759,male,0,yes,yes,44,no,no_phone_service,dsl,yes,yes,yes,yes,no,yes,two_year,yes,credit_card_(automatic),54.05,2375.2,0
3760,female,0,yes,no,6,yes,yes,dsl,no,no,no,no,no,no,month_to_month,no,electronic_check,50.35,314.55,0
3761,male,0,yes,no,64,yes,yes,fiber_optic,yes,no,yes,yes,yes,yes,one_year,yes,mailed_check,108.5,6880.85,0
3762,male,1,yes,no,66,yes,yes,fiber_optic,no,yes,yes,yes,yes,yes,one_year,yes,bank_transfer_(automatic),107.35,7051.95,0
3763,female,0,no,no,1,yes,no,fiber_optic,no,no,no,no,yes,no,month_to_month,yes,electronic_check,80.25,80.25,1
3764,male,0,yes,no,3,no,no_phone_service,dsl,no,no,no,no,no,no,month_to_month,no,mailed_check,25.0,78.25,0
3765,female,0,no,no,35,yes,yes,fiber_optic,no,no,yes,no,yes,yes,month_to_month,yes,electronic_check,100.25,3527.6,1
3766,male,0,yes,yes,28,yes,yes,fiber_optic,yes,yes,no,no,yes,yes,one_year,no,electronic_check,106.1,2847.4,1
3767,female,1,no,no,24,yes,no,no,no_internet_service,no_internet_service,no_internet_service,no_internet_service,no_internet_service,no_internet_service,month_to_month,yes,mailed_check,20.3,459.95,0
3768,female,1,no,no,31,yes,yes,fiber_optic,no,yes,no,no,yes,yes,month_to_month,yes,electronic_check,99.95,3186.65,1
3769,female,0,no,no,10,yes,yes,fiber_optic,no,no,no,no,no,no,month_to_month,yes,electronic_check,74.75,799.65,1
3770,female,0,yes,yes,4,yes,yes,fiber_optic,no,yes,no,no,yes,yes,month_to_month,yes,electronic_check,97.95,384.5,1
3771,female,0,yes,yes,48,no,no_phone_service,dsl,no,no,no,yes,no,no,month_to_month,yes,credit_card_(automatic),29.5,1423.05,0
3772,female,1,no,no,25,yes,yes,fiber_optic,no,yes,no,no,no,yes,month_to_month,yes,electronic_check,89.7,2187.55,1
3773,male,0,yes,yes,17,yes,yes,no,no_internet_service,no_internet_service,no_internet_service,no_internet_service,no_internet_service,no_internet_service,two_year,yes,mailed_check,25.15,412.6,0
3774,female,1,no,no,5,yes,no,fiber_optic,no,no,yes,no,yes,no,month_to_month,yes,mailed_check,84.85,415.55,1
3775,male,1,yes,no,71,yes,yes,no,no_internet_service,no_internet_service,no_internet_service,no_internet_service,no_internet_service,no_internet_service,two_year,no,credit_card_(automatic),25.45,1789.65,0
3776,female,0,no,no,1,yes,yes,fiber_optic,no,no,no,no,no,yes,month_to_month,no,mailed_check,85.8,85.8,1
3777,female,0,yes,yes,68,yes,yes,dsl,no,yes,yes,yes,yes,yes,two_year,no,bank_transfer_(automatic),85.3,5560.0,0
3778,female,1,no,no,1,yes,yes,fiber_optic,no,no,no,no,no,no,month_to_month,yes,electronic_check,74.2,74.2,1
3779,male,0,yes,no,72,yes,yes,fiber_optic,no,yes,no,no,yes,yes,two_year,yes,electronic_check,99.4,7285.7,0
3780,male,0,yes,yes,70,yes,no,dsl,yes,yes,yes,no,yes,yes,two_year,yes,credit_card_(automatic),80.15,5600.15,0
3781,male,0,no,no,25,yes,no,no,no_internet_service,no_internet_service,no_internet_service,no_internet_service,no_internet_service,no_internet_service,one_year,no,credit_card_(automatic),19.9,510.8,0
3782,female,0,yes,yes,51,no,no_phone_service,dsl,no,no,yes,yes,yes,yes,one_year,yes,electronic_check,56.15,2898.95,0
3783,male,0,yes,yes,70,yes,yes,fiber_optic,yes,yes,no,no,yes,yes,month_to_month,yes,electronic_check,106.05,7554.05,0
3784,male,1,yes,no,21,yes,no,dsl,yes,yes,no,no,no,yes,month_to_month,yes,bank_transfer_(automatic),64.95,1339.8,0
3785,male,0,no,no,57,yes,no,dsl,no,yes,no,yes,no,no,one_year,yes,mailed_check,54.65,3134.7,0
3786,female,0,no,no,41,no,no_phone_service,dsl,no,yes,no,no,no,yes,month_to_month,yes,electronic_check,40.35,1677.85,0
3787,female,0,no,no,12,yes,no,no,no_internet_service,no_internet_service,no_internet_service,no_internet_service,no_internet_service,no_internet_service,month_to_month,no,mailed_check,19.7,220.35,0
3788,female,0,no,no,20,yes,no,no,no_internet_service,no_internet_service,no_internet_service,no_internet_service,no_internet_service,no_internet_service,month_to_month,yes,bank_transfer_(automatic),19.5,413.0,0
3789,female,0,yes,no,49,yes,no,no,no_internet_service,no_internet_service,no_internet_service,no_internet_service,no_internet_service,no_internet_service,one_year,no,credit_card_(automatic),20.7,1032.05,0
3790,female,0,yes,yes,27,yes,no,no,no_internet_service,no_internet_service,no_internet_service,no_internet_service,no_internet_service,no_internet_service,one_year,yes,mailed_check,20.55,583.3,0
3791,male,0,yes,yes,72,yes,yes,dsl,yes,yes,yes,yes,yes,yes,two_year,no,credit_card_(automatic),89.7,6339.3,0
3792,female,1,yes,yes,32,yes,yes,fiber_optic,no,yes,no,no,yes,yes,month_to_month,yes,electronic_check,100.4,3217.65,0
3793,female,0,yes,no,72,yes,yes,fiber_optic,yes,yes,yes,yes,yes,yes,two_year,no,credit_card_(automatic),112.1,7965.95,0
3794,male,0,yes,yes,11,yes,no,fiber_optic,no,no,no,no,yes,yes,month_to_month,no,electronic_check,90.6,1020.2,0
3795,female,0,yes,no,18,yes,no,dsl,no,no,no,yes,no,no,month_to_month,yes,mailed_check,50.3,908.75,0
3796,female,0,no,yes,1,yes,no,fiber_optic,no,no,no,no,no,yes,month_to_month,yes,electronic_check,79.6,79.6,1
3797,male,0,no,no,27,yes,yes,fiber_optic,no,no,yes,no,no,no,month_to_month,yes,electronic_check,81.3,2272.8,0
3798,female,0,yes,yes,19,yes,no,dsl,no,no,yes,no,no,no,month_to_month,yes,bank_transfer_(automatic),49.6,962.9,0
3799,male,0,yes,yes,45,yes,no,dsl,yes,yes,yes,yes,yes,yes,two_year,yes,mailed_check,84.35,3858.05,0
3800,male,0,no,no,16,yes,no,fiber_optic,yes,no,no,no,yes,yes,month_to_month,yes,electronic_check,94.25,1483.25,1
3801,male,0,no,no,4,yes,no,dsl,no,no,no,no,yes,no,month_to_month,yes,electronic_check,56.4,234.85,0
3802,female,0,no,no,2,yes,no,no,no_internet_service,no_internet_service,no_internet_service,no_internet_service,no_internet_service,no_internet_service,month_to_month,yes,bank_transfer_(automatic),20.7,39.85,0
3803,male,0,yes,no,72,yes,yes,fiber_optic,yes,yes,yes,yes,yes,yes,two_year,no,bank_transfer_(automatic),115.15,8349.45,0
3804,female,1,yes,no,25,yes,no,fiber_optic,no,yes,yes,no,no,yes,month_to_month,no,bank_transfer_(automatic),88.4,2191.15,0
3805,male,0,yes,no,7,no,no_phone_service,dsl,yes,yes,no,no,no,no,month_to_month,no,mailed_check,34.2,256.6,0
3806,male,0,no,no,67,yes,no,no,no_internet_service,no_internet_service,no_internet_service,no_internet_service,no_internet_service,no_internet_service,two_year,yes,mailed_check,19.8,1311.3,0
3807,male,0,no,no,8,yes,no,dsl,yes,no,yes,no,no,yes,month_to_month,yes,electronic_check,66.7,579.0,0
3808,female,0,no,no,1,yes,no,no,no_internet_service,no_internet_service,no_internet_service,no_internet_service,no_internet_service,no_internet_service,month_to_month,yes,mailed_check,20.25,20.25,0
3809,male,1,yes,no,67,yes,yes,fiber_optic,no,no,no,no,yes,yes,month_to_month,yes,credit_card_(automatic),94.65,6079.0,0
3810,female,1,no,no,1,yes,no,fiber_optic,no,no,no,no,no,no,month_to_month,yes,electronic_check,69.6,69.6,1
3811,male,0,yes,yes,49,no,no_phone_service,dsl,yes,no,no,no,no,yes,month_to_month,yes,electronic_check,39.2,1838.15,0
3812,female,1,yes,no,58,yes,no,fiber_optic,yes,yes,no,yes,yes,yes,one_year,yes,credit_card_(automatic),105.5,6205.5,1
3813,male,1,yes,no,27,yes,yes,fiber_optic,yes,no,yes,no,no,no,one_year,yes,electronic_check,85.9,2220.1,0
3814,female,0,no,no,3,yes,no,no,no_internet_service,no_internet_service,no_internet_service,no_internet_service,no_internet_service,no_internet_service,month_to_month,no,mailed_check,19.95,58.0,0
3815,male,0,no,yes,1,yes,no,no,no_internet_service,no_internet_service,no_internet_service,no_internet_service,no_internet_service,no_internet_service,month_to_month,no,mailed_check,19.25,19.25,1
3816,female,0,yes,yes,39,yes,no,dsl,no,no,yes,no,yes,no,month_to_month,yes,mailed_check,59.85,2341.5,0
3817,male,0,yes,yes,51,yes,yes,no,no_internet_service,no_internet_service,no_internet_service,no_internet_service,no_internet_service,no_internet_service,two_year,yes,mailed_check,24.95,1222.25,0
3818,female,0,yes,yes,46,yes,no,fiber_optic,no,no,yes,yes,no,yes,one_year,no,bank_transfer_(automatic),90.95,4236.6,0
3819,female,0,no,yes,18,no,no_phone_service,dsl,no,no,no,no,no,yes,month_to_month,yes,electronic_check,35.0,553.0,1
3820,female,0,no,no,11,yes,yes,fiber_optic,no,no,no,yes,yes,no,month_to_month,no,electronic_check,90.15,987.95,1
3821,male,1,yes,yes,60,yes,yes,fiber_optic,yes,yes,no,no,no,yes,month_to_month,yes,electronic_check,93.25,5774.55,0
3822,male,0,yes,yes,15,yes,no,dsl,no,yes,yes,yes,no,yes,month_to_month,yes,mailed_check,69.5,1071.4,0
3823,male,0,yes,no,38,no,no_phone_service,dsl,yes,yes,no,yes,yes,yes,two_year,yes,bank_transfer_(automatic),60.0,2193.2,0
3824,male,0,no,no,3,yes,no,fiber_optic,no,no,no,no,no,yes,month_to_month,yes,electronic_check,80.35,253.8,0
3825,male,1,yes,no,1,yes,no,fiber_optic,no,no,no,no,no,no,month_to_month,yes,electronic_check,70.3,70.3,1
3826,female,0,no,no,13,yes,no,fiber_optic,no,yes,yes,no,no,no,month_to_month,yes,electronic_check,79.25,1111.65,1
3827,female,0,yes,yes,63,yes,yes,fiber_optic,yes,yes,yes,no,yes,no,month_to_month,yes,electronic_check,100.55,6215.35,1
3828,male,0,yes,no,16,yes,yes,fiber_optic,no,no,no,no,no,no,month_to_month,yes,electronic_check,75.4,1189.4,0
3829,male,1,no,no,19,yes,yes,fiber_optic,no,yes,no,no,yes,no,month_to_month,yes,electronic_check,88.2,1775.8,1
3830,female,1,no,yes,33,yes,yes,fiber_optic,no,yes,yes,no,yes,yes,month_to_month,yes,bank_transfer_(automatic),105.35,3465.05,0
3831,male,1,yes,no,29,yes,yes,fiber_optic,no,yes,yes,no,no,yes,month_to_month,yes,electronic_check,95.9,2745.2,1
3832,female,0,no,no,21,yes,yes,fiber_optic,no,no,no,no,yes,yes,month_to_month,yes,electronic_check,97.35,2119.5,1
3833,female,1,no,no,42,yes,yes,dsl,no,no,yes,no,no,no,month_to_month,no,electronic_check,55.65,2421.75,0
3834,male,0,no,yes,49,yes,yes,fiber_optic,no,no,no,yes,yes,yes,one_year,yes,bank_transfer_(automatic),100.6,5069.65,1
3835,male,0,no,no,22,yes,yes,no,no_internet_service,no_internet_service,no_internet_service,no_internet_service,no_internet_service,no_internet_service,month_to_month,yes,credit_card_(automatic),24.85,493.4,0
3836,female,0,no,no,65,yes,yes,fiber_optic,no,yes,yes,no,yes,no,one_year,yes,electronic_check,95.5,6153.85,0
3837,male,0,yes,yes,45,yes,yes,fiber_optic,no,yes,yes,no,no,yes,one_year,yes,credit_card_(automatic),95.0,4368.85,0
3838,male,0,yes,no,71,yes,yes,dsl,yes,yes,yes,yes,yes,yes,two_year,no,bank_transfer_(automatic),90.55,6404.0,0
3839,male,1,no,no,5,yes,no,fiber_optic,no,no,no,no,no,no,month_to_month,yes,mailed_check,71.45,371.6,0
3840,female,0,yes,no,45,yes,yes,fiber_optic,yes,yes,yes,yes,yes,yes,one_year,no,mailed_check,113.3,5032.25,0
3841,male,1,yes,no,69,yes,yes,fiber_optic,no,yes,yes,yes,yes,yes,two_year,yes,electronic_check,109.95,7634.25,0
3842,female,0,yes,no,72,yes,yes,no,no_internet_service,no_internet_service,no_internet_service,no_internet_service,no_internet_service,no_internet_service,two_year,yes,bank_transfer_(automatic),25.25,1841.2,0
3843,female,0,no,no,2,yes,no,dsl,no,no,no,no,no,no,month_to_month,yes,mailed_check,45.85,105.6,0
3844,female,0,no,no,4,yes,no,fiber_optic,no,no,no,no,yes,no,month_to_month,yes,electronic_check,79.0,303.15,1
3845,female,0,yes,yes,58,no,no_phone_service,dsl,no,no,yes,yes,yes,yes,two_year,yes,credit_card_(automatic),55.5,3166.9,0
3846,female,0,no,no,2,yes,no,no,no_internet_service,no_internet_service,no_internet_service,no_internet_service,no_internet_service,no_internet_service,month_to_month,no,mailed_check,20.3,41.2,0
3847,female,1,yes,no,25,yes,no,fiber_optic,no,no,no,no,no,no,month_to_month,yes,electronic_check,69.3,1813.1,0
3848,female,0,yes,no,19,yes,yes,fiber_optic,no,no,no,no,yes,no,month_to_month,yes,electronic_check,86.85,1564.4,0
3849,male,0,yes,no,64,yes,no,fiber_optic,no,yes,yes,yes,yes,yes,one_year,yes,credit_card_(automatic),102.45,6654.1,0
3850,female,0,yes,no,38,yes,yes,fiber_optic,no,no,yes,yes,yes,yes,month_to_month,yes,electronic_check,105.0,4026.4,1
3851,female,0,no,yes,1,yes,no,dsl,yes,no,no,no,no,no,month_to_month,no,mailed_check,51.2,51.2,0
3852,female,0,no,yes,9,yes,no,fiber_optic,yes,no,yes,yes,no,yes,month_to_month,no,bank_transfer_(automatic),93.0,870.25,0
3853,female,0,yes,no,40,yes,no,no,no_internet_service,no_internet_service,no_internet_service,no_internet_service,no_internet_service,no_internet_service,two_year,no,mailed_check,19.1,780.1,0
3854,male,1,no,no,1,yes,yes,fiber_optic,no,no,no,no,no,no,month_to_month,yes,electronic_check,74.7,74.7,1
3855,male,1,no,no,1,yes,no,dsl,no,no,no,no,no,no,month_to_month,no,electronic_check,45.2,45.2,0
3856,male,1,yes,no,17,yes,yes,fiber_optic,no,no,yes,no,yes,yes,month_to_month,yes,credit_card_(automatic),100.45,1622.45,1
3857,female,0,no,no,53,no,no_phone_service,dsl,yes,yes,yes,yes,yes,no,one_year,yes,electronic_check,53.6,2879.2,0
3858,female,0,yes,no,37,yes,yes,fiber_optic,no,no,yes,no,no,no,month_to_month,yes,credit_card_(automatic),78.95,2839.65,1
3859,male,0,no,no,62,yes,yes,no,no_internet_service,no_internet_service,no_internet_service,no_internet_service,no_internet_service,no_internet_service,two_year,no,bank_transfer_(automatic),23.4,1429.65,0
3860,male,0,no,no,3,no,no_phone_service,dsl,yes,no,yes,yes,no,no,month_to_month,no,mailed_check,41.35,107.25,0
3861,female,0,yes,no,48,yes,no,fiber_optic,no,no,yes,yes,yes,yes,month_to_month,yes,credit_card_(automatic),100.05,4834.0,0
3862,male,0,no,no,5,yes,yes,fiber_optic,no,yes,yes,no,yes,yes,month_to_month,no,mailed_check,104.1,541.9,1
3863,male,0,no,yes,62,yes,no,no,no_internet_service,no_internet_service,no_internet_service,no_internet_service,no_internet_service,no_internet_service,two_year,no,bank_transfer_(automatic),20.0,1250.1,0
3864,male,0,no,no,1,yes,no,dsl,no,no,no,no,no,no,month_to_month,yes,mailed_check,45.05,45.05,1
3865,male,1,yes,no,40,yes,no,fiber_optic,yes,yes,yes,yes,yes,no,one_year,yes,credit_card_(automatic),98.15,4116.8,0
3866,male,0,no,yes,18,yes,no,dsl,no,no,no,no,no,no,month_to_month,yes,credit_card_(automatic),45.65,747.2,0
3867,male,0,yes,no,66,yes,yes,fiber_optic,no,yes,yes,no,no,yes,one_year,no,electronic_check,95.3,6273.4,0
3868,female,0,yes,yes,43,no,no_phone_service,dsl,yes,no,yes,yes,yes,yes,one_year,yes,credit_card_(automatic),60.4,2640.55,0
3869,male,0,no,no,70,yes,yes,fiber_optic,yes,no,no,yes,yes,yes,two_year,yes,credit_card_(automatic),104.0,7250.15,1
3870,male,1,yes,no,17,yes,no,fiber_optic,no,no,no,no,no,yes,month_to_month,no,bank_transfer_(automatic),81.5,1329.2,1
3871,female,0,yes,no,68,yes,yes,fiber_optic,yes,yes,yes,no,yes,yes,two_year,yes,bank_transfer_(automatic),110.8,7553.6,0
3872,male,0,no,no,12,yes,no,fiber_optic,no,no,no,no,no,yes,month_to_month,yes,bank_transfer_(automatic),79.95,1043.4,0
3873,female,0,no,no,6,yes,no,fiber_optic,no,no,no,no,no,no,month_to_month,no,credit_card_(automatic),70.55,433.95,0
3874,male,0,no,yes,71,yes,yes,no,no_internet_service,no_internet_service,no_internet_service,no_internet_service,no_internet_service,no_internet_service,two_year,no,mailed_check,24.35,1654.6,0
3875,male,0,no,no,1,yes,yes,fiber_optic,no,no,no,no,yes,no,month_to_month,no,electronic_check,84.5,84.5,1
3876,female,0,yes,yes,45,yes,no,dsl,no,yes,no,yes,no,no,one_year,yes,credit_card_(automatic),54.15,2319.8,1
3877,female,0,yes,yes,63,yes,no,dsl,yes,no,no,no,no,no,two_year,yes,bank_transfer_(automatic),50.65,3221.25,0
3878,male,0,no,yes,13,yes,no,dsl,no,no,no,no,yes,yes,month_to_month,no,credit_card_(automatic),66.4,831.75,0
3879,female,0,no,no,15,yes,no,fiber_optic,yes,yes,no,no,yes,yes,month_to_month,yes,credit_card_(automatic),99.1,1426.4,1
3880,female,1,no,no,2,yes,no,dsl,no,no,no,no,no,no,month_to_month,no,electronic_check,43.95,85.1,0
3881,male,0,no,no,5,yes,no,no,no_internet_service,no_internet_service,no_internet_service,no_internet_service,no_internet_service,no_internet_service,month_to_month,yes,mailed_check,19.25,86.05,0
3882,female,1,yes,no,26,yes,yes,fiber_optic,no,no,yes,no,yes,yes,month_to_month,yes,bank_transfer_(automatic),98.1,2510.7,0
3883,male,1,no,no,3,yes,yes,fiber_optic,no,no,no,no,yes,yes,month_to_month,yes,electronic_check,94.85,335.75,0
3884,male,0,yes,no,11,yes,yes,fiber_optic,no,no,no,no,no,no,month_to_month,yes,electronic_check,74.95,825.7,1
3885,male,0,no,no,62,no,no_phone_service,dsl,yes,yes,yes,yes,no,no,two_year,yes,bank_transfer_(automatic),43.7,2618.3,0
3886,male,1,yes,no,61,yes,yes,fiber_optic,no,yes,no,no,no,no,month_to_month,yes,electronic_check,82.15,4904.85,0
3887,female,0,no,no,2,no,no_phone_service,dsl,yes,yes,no,no,no,yes,month_to_month,yes,electronic_check,42.6,72.4,1
3888,male,0,yes,no,51,yes,yes,fiber_optic,no,yes,yes,no,yes,yes,one_year,yes,bank_transfer_(automatic),106.8,5498.8,0
3889,female,1,yes,yes,59,yes,yes,fiber_optic,no,no,yes,no,no,yes,month_to_month,yes,credit_card_(automatic),88.75,5348.65,0
3890,female,0,no,no,43,yes,no,fiber_optic,no,yes,yes,no,yes,no,month_to_month,yes,electronic_check,91.65,3954.1,0
3891,male,0,yes,no,14,yes,yes,fiber_optic,no,no,no,no,no,yes,month_to_month,yes,electronic_check,85.15,1139.2,1
3892,male,1,yes,no,58,no,no_phone_service,dsl,no,yes,yes,no,no,yes,month_to_month,yes,electronic_check,45.3,2651.2,1
3893,female,1,yes,no,26,yes,no,fiber_optic,no,no,yes,no,yes,no,month_to_month,yes,credit_card_(automatic),85.7,2067.0,0
3894,male,0,no,no,18,yes,no,no,no_internet_service,no_internet_service,no_internet_service,no_internet_service,no_internet_service,no_internet_service,month_to_month,no,mailed_check,20.05,358.5,0
3895,female,0,yes,no,72,yes,yes,dsl,yes,yes,no,yes,yes,yes,two_year,yes,bank_transfer_(automatic),86.4,6058.95,0
3896,female,0,yes,no,68,yes,no,dsl,no,yes,no,yes,yes,no,two_year,no,bank_transfer_(automatic),64.1,4326.25,0
3897,female,0,no,no,69,yes,yes,dsl,yes,yes,no,yes,no,no,two_year,yes,mailed_check,66.9,4577.9,0
3898,male,0,no,no,3,yes,no,no,no_internet_service,no_internet_service,no_internet_service,no_internet_service,no_internet_service,no_internet_service,month_to_month,yes,mailed_check,19.1,53.05,0
3899,male,1,no,no,1,yes,no,fiber_optic,no,no,no,no,no,no,month_to_month,yes,electronic_check,69.75,69.75,1
3900,male,0,no,no,5,yes,no,fiber_optic,no,yes,no,no,no,no,month_to_month,yes,electronic_check,74.65,383.65,0
3901,female,0,yes,no,72,yes,yes,fiber_optic,yes,yes,yes,yes,yes,yes,two_year,yes,credit_card_(automatic),115.55,8312.4,0
3902,male,0,no,no,1,yes,no,dsl,no,no,no,no,no,no,month_to_month,no,mailed_check,45.05,45.05,1
3903,female,0,no,no,9,yes,yes,fiber_optic,no,no,no,no,yes,yes,month_to_month,yes,electronic_check,94.75,889.9,1
3904,female,0,no,no,11,yes,yes,no,no_internet_service,no_internet_service,no_internet_service,no_internet_service,no_internet_service,no_internet_service,one_year,no,electronic_check,25.2,245.15,0
3905,female,0,no,no,1,yes,no,no,no_internet_service,no_internet_service,no_internet_service,no_internet_service,no_internet_service,no_internet_service,month_to_month,no,mailed_check,19.75,19.75,0
3906,male,0,no,yes,1,no,no_phone_service,dsl,no,yes,no,no,no,no,month_to_month,yes,mailed_check,31.35,31.35,1
3907,male,0,yes,no,72,yes,yes,fiber_optic,yes,yes,yes,yes,no,yes,two_year,no,bank_transfer_(automatic),105.6,7581.5,0
3908,female,0,no,no,20,yes,no,no,no_internet_service,no_internet_service,no_internet_service,no_internet_service,no_internet_service,no_internet_service,month_to_month,yes,credit_card_(automatic),18.9,347.65,0
3909,male,0,no,no,1,yes,no,dsl,no,no,no,no,no,no,month_to_month,no,mailed_check,46.3,46.3,1
3910,female,0,yes,no,9,yes,no,fiber_optic,no,no,no,no,yes,yes,month_to_month,no,electronic_check,89.45,853.1,1
3911,male,0,yes,yes,37,no,no_phone_service,dsl,yes,no,yes,yes,no,no,one_year,yes,electronic_check,40.2,1525.35,0
3912,male,0,yes,yes,70,no,no_phone_service,dsl,yes,no,yes,yes,yes,yes,two_year,no,bank_transfer_(automatic),59.5,4144.8,0
3913,male,0,no,no,31,yes,no,dsl,no,no,yes,yes,no,no,month_to_month,yes,electronic_check,55.25,1715.65,1
3914,female,0,no,yes,62,yes,yes,fiber_optic,no,no,yes,no,yes,yes,one_year,yes,electronic_check,100.15,6413.65,1
3915,female,0,yes,yes,63,yes,no,dsl,yes,yes,yes,yes,no,no,two_year,no,mailed_check,63.55,4014.2,0
3916,female,0,no,no,1,yes,no,dsl,no,no,no,no,no,no,month_to_month,no,mailed_check,44.75,44.75,0
3917,male,0,no,no,41,yes,no,no,no_internet_service,no_internet_service,no_internet_service,no_internet_service,no_internet_service,no_internet_service,two_year,no,mailed_check,20.15,802.35,0
3918,female,0,no,no,6,yes,no,fiber_optic,yes,yes,yes,yes,no,yes,month_to_month,yes,bank_transfer_(automatic),98.15,567.45,1
3919,female,0,yes,no,1,yes,no,fiber_optic,no,no,no,no,yes,no,month_to_month,no,electronic_check,78.8,78.8,1
3920,female,1,yes,no,8,yes,yes,fiber_optic,no,yes,no,no,no,no,month_to_month,yes,credit_card_(automatic),80.65,633.3,1
3921,female,0,yes,yes,14,yes,no,no,no_internet_service,no_internet_service,no_internet_service,no_internet_service,no_internet_service,no_internet_service,one_year,yes,mailed_check,19.5,272.0,0
3922,female,1,no,no,60,yes,yes,fiber_optic,no,no,yes,yes,yes,yes,one_year,yes,electronic_check,106.0,6441.4,1
3923,male,0,yes,yes,56,yes,yes,fiber_optic,no,no,yes,yes,yes,yes,two_year,yes,electronic_check,103.2,5873.75,0
3924,female,0,yes,yes,72,yes,no,no,no_internet_service,no_internet_service,no_internet_service,no_internet_service,no_internet_service,no_internet_service,two_year,yes,mailed_check,20.7,1482.3,0
3925,female,0,no,no,70,yes,no,dsl,yes,no,yes,yes,yes,yes,two_year,no,bank_transfer_(automatic),79.6,5589.45,0
3926,male,0,no,no,1,yes,no,fiber_optic,no,yes,no,no,no,no,month_to_month,yes,electronic_check,74.35,74.35,1
3927,male,0,no,no,26,yes,yes,fiber_optic,no,no,yes,yes,no,no,month_to_month,yes,mailed_check,84.3,2281.6,0
3928,female,0,no,yes,11,yes,no,no,no_internet_service,no_internet_service,no_internet_service,no_internet_service,no_internet_service,no_internet_service,month_to_month,no,credit_card_(automatic),20.1,221.35,1
3929,male,0,no,no,3,yes,no,dsl,no,no,no,no,no,no,month_to_month,no,mailed_check,45.45,141.7,0
3930,female,0,no,yes,34,yes,no,fiber_optic,yes,yes,yes,no,yes,yes,month_to_month,yes,bank_transfer_(automatic),105.35,3688.6,0
3931,female,0,yes,no,2,yes,no,dsl,yes,no,no,no,no,yes,month_to_month,yes,mailed_check,62.15,113.1,0
3932,male,0,yes,yes,54,yes,no,no,no_internet_service,no_internet_service,no_internet_service,no_internet_service,no_internet_service,no_internet_service,two_year,no,credit_card_(automatic),20.4,1090.6,0
3933,female,1,yes,yes,4,yes,no,dsl,no,no,no,no,no,no,month_to_month,no,electronic_check,46.0,181.6,1
3934,female,0,yes,no,72,yes,yes,dsl,yes,yes,yes,yes,yes,yes,two_year,yes,electronic_check,92.4,6786.1,0
3935,male,0,no,no,17,no,no_phone_service,dsl,no,no,no,no,no,no,month_to_month,yes,mailed_check,25.65,440.2,0
3936,female,0,yes,no,68,yes,yes,no,no_internet_service,no_internet_service,no_internet_service,no_internet_service,no_internet_service,no_internet_service,two_year,yes,credit_card_(automatic),24.95,1614.9,0
3937,female,0,yes,yes,42,yes,no,no,no_internet_service,no_internet_service,no_internet_service,no_internet_service,no_internet_service,no_internet_service,two_year,no,mailed_check,20.0,833.55,0
3938,male,0,no,yes,70,yes,yes,dsl,yes,yes,no,yes,no,no,one_year,no,bank_transfer_(automatic),64.95,4551.5,0
3939,male,0,yes,yes,53,yes,no,dsl,no,yes,no,yes,yes,no,month_to_month,no,credit_card_(automatic),65.0,3363.8,0
3940,male,0,yes,yes,45,yes,yes,fiber_optic,no,yes,yes,yes,yes,yes,two_year,yes,bank_transfer_(automatic),109.75,4900.65,0
3941,female,1,no,no,35,yes,yes,fiber_optic,yes,no,no,no,yes,yes,month_to_month,yes,electronic_check,99.05,3554.6,0
3942,female,0,no,no,11,yes,no,no,no_internet_service,no_internet_service,no_internet_service,no_internet_service,no_internet_service,no_internet_service,month_to_month,no,bank_transfer_(automatic),20.3,246.3,0
3943,male,0,yes,no,25,yes,no,fiber_optic,no,no,no,yes,yes,yes,month_to_month,yes,credit_card_(automatic),95.7,2338.35,0
3944,male,0,yes,yes,51,yes,no,no,no_internet_service,no_internet_service,no_internet_service,no_internet_service,no_internet_service,no_internet_service,one_year,no,mailed_check,19.4,997.75,0
3945,male,0,yes,yes,17,yes,yes,fiber_optic,no,no,no,no,yes,yes,month_to_month,yes,electronic_check,92.55,1515.1,1
3946,male,0,yes,yes,66,yes,yes,dsl,no,yes,yes,no,yes,yes,two_year,no,bank_transfer_(automatic),79.85,5234.95,0
3947,female,0,no,no,28,yes,no,dsl,yes,no,no,yes,no,no,one_year,no,mailed_check,54.3,1546.3,0
3948,female,0,no,no,1,yes,no,fiber_optic,no,no,no,no,no,no,month_to_month,no,bank_transfer_(automatic),69.7,69.7,1
3949,female,0,no,no,54,yes,yes,fiber_optic,no,no,yes,yes,no,yes,two_year,yes,bank_transfer_(automatic),95.1,5064.85,0
3950,female,1,no,no,16,yes,yes,dsl,yes,no,no,no,no,no,month_to_month,yes,electronic_check,54.1,889.0,0
3951,male,1,yes,no,69,yes,yes,fiber_optic,yes,yes,no,no,no,no,month_to_month,yes,credit_card_(automatic),84.9,5785.65,0
3952,male,0,no,no,41,yes,yes,no,no_internet_service,no_internet_service,no_internet_service,no_internet_service,no_internet_service,no_internet_service,month_to_month,yes,bank_transfer_(automatic),25.25,996.45,0
3953,female,0,yes,yes,24,yes,no,no,no_internet_service,no_internet_service,no_internet_service,no_internet_service,no_internet_service,no_internet_service,two_year,yes,credit_card_(automatic),21.1,490.65,0
3954,male,0,no,no,4,yes,yes,fiber_optic,no,no,no,no,no,yes,month_to_month,yes,electronic_check,85.65,338.9,1
3955,female,0,no,no,72,yes,yes,fiber_optic,no,no,yes,yes,yes,yes,two_year,yes,credit_card_(automatic),107.5,7853.7,0
3956,female,0,no,no,8,yes,no,fiber_optic,no,yes,no,no,no,no,month_to_month,no,electronic_check,75.6,535.55,0
3957,male,0,no,no,33,yes,no,fiber_optic,no,yes,yes,no,no,no,month_to_month,yes,credit_card_(automatic),79.0,2576.8,0
3958,female,0,no,no,10,yes,no,dsl,no,yes,no,no,no,no,month_to_month,no,electronic_check,51.2,498.25,0
3959,female,0,no,no,1,yes,no,fiber_optic,no,no,no,no,yes,no,month_to_month,yes,electronic_check,79.65,79.65,1
3960,female,0,no,no,54,no,no_phone_service,dsl,yes,no,no,yes,no,yes,one_year,no,bank_transfer_(automatic),44.1,2369.7,0
3961,male,0,yes,yes,63,no,no_phone_service,dsl,yes,yes,yes,no,yes,yes,two_year,no,electronic_check,59.0,3707.6,0
3962,male,0,yes,yes,72,yes,yes,no,no_internet_service,no_internet_service,no_internet_service,no_internet_service,no_internet_service,no_internet_service,two_year,no,mailed_check,26.1,1851.45,0
3963,female,0,yes,yes,36,yes,no,no,no_internet_service,no_internet_service,no_internet_service,no_internet_service,no_internet_service,no_internet_service,two_year,no,bank_transfer_(automatic),20.25,717.95,0
3964,male,0,no,no,1,yes,no,no,no_internet_service,no_internet_service,no_internet_service,no_internet_service,no_internet_service,no_internet_service,month_to_month,no,electronic_check,20.65,20.65,0
3965,male,1,no,no,60,yes,yes,dsl,yes,yes,no,no,no,yes,one_year,yes,electronic_check,71.75,4374.55,0
3966,male,0,no,no,33,yes,no,no,no_internet_service,no_internet_service,no_internet_service,no_internet_service,no_internet_service,no_internet_service,two_year,no,mailed_check,20.35,689.75,0
3967,female,1,no,no,22,yes,no,dsl,yes,no,yes,yes,no,yes,month_to_month,yes,mailed_check,69.75,1545.4,0
3968,male,0,yes,yes,63,yes,no,dsl,yes,yes,yes,yes,yes,no,two_year,no,credit_card_(automatic),74.5,4674.55,0
3969,male,0,no,no,64,yes,yes,fiber_optic,no,no,yes,yes,yes,yes,one_year,yes,credit_card_(automatic),104.65,6889.8,0
3970,male,0,yes,yes,30,yes,yes,fiber_optic,yes,yes,no,no,yes,no,month_to_month,yes,electronic_check,94.4,2838.7,1
3971,female,1,yes,no,72,yes,yes,fiber_optic,yes,yes,yes,yes,yes,yes,two_year,yes,bank_transfer_(automatic),114.85,8317.95,0
3972,female,0,yes,yes,30,yes,yes,fiber_optic,no,yes,yes,yes,yes,yes,month_to_month,yes,electronic_check,107.5,3242.5,0
3973,female,1,no,no,34,no,no_phone_service,dsl,no,yes,yes,no,yes,yes,month_to_month,yes,electronic_check,56.25,1765.95,0
3974,male,0,yes,no,72,yes,yes,no,no_internet_service,no_internet_service,no_internet_service,no_internet_service,no_internet_service,no_internet_service,two_year,no,credit_card_(automatic),25.75,1864.2,0
3975,male,1,yes,no,7,yes,yes,dsl,yes,yes,no,yes,no,no,month_to_month,no,electronic_check,64.2,475.0,0
3976,male,0,yes,yes,59,no,no_phone_service,dsl,yes,no,yes,no,no,no,one_year,no,mailed_check,34.8,1980.3,0
3977,male,0,yes,no,71,yes,yes,fiber_optic,yes,no,yes,yes,yes,yes,two_year,yes,credit_card_(automatic),108.55,7616.0,0
3978,female,0,no,no,1,yes,no,dsl,no,no,no,no,yes,no,month_to_month,yes,electronic_check,54.65,54.65,0
3979,female,0,yes,yes,69,yes,no,no,no_internet_service,no_internet_service,no_internet_service,no_internet_service,no_internet_service,no_internet_service,two_year,no,credit_card_(automatic),19.8,1436.95,0
3980,male,0,yes,no,72,yes,yes,fiber_optic,yes,yes,yes,yes,yes,yes,two_year,yes,electronic_check,115.55,8425.3,0
3981,male,0,no,no,4,yes,yes,fiber_optic,no,no,no,no,no,no,month_to_month,yes,electronic_check,76.05,318.9,1
3982,female,1,no,no,46,yes,no,fiber_optic,no,yes,yes,no,yes,no,one_year,yes,bank_transfer_(automatic),91.3,4126.35,0
3983,female,0,yes,yes,69,yes,yes,dsl,yes,no,yes,yes,no,no,two_year,yes,credit_card_(automatic),64.15,4254.1,0
3984,female,0,no,no,68,no,no_phone_service,dsl,yes,no,yes,yes,no,no,two_year,no,mailed_check,38.9,2719.2,0
3985,female,0,yes,yes,64,yes,yes,no,no_internet_service,no_internet_service,no_internet_service,no_internet_service,no_internet_service,no_internet_service,two_year,yes,mailed_check,24.05,1559.15,0
3986,female,0,yes,no,46,yes,no,dsl,no,yes,no,yes,yes,no,two_year,yes,credit_card_(automatic),64.2,3009.5,0
3987,male,0,yes,yes,8,yes,no,no,no_internet_service,no_internet_service,no_internet_service,no_internet_service,no_internet_service,no_internet_service,two_year,no,mailed_check,20.15,165.5,0
3988,male,0,no,no,23,yes,no,fiber_optic,no,yes,no,no,yes,yes,month_to_month,no,mailed_check,95.3,2192.9,0
3989,female,0,no,no,10,no,no_phone_service,dsl,yes,yes,yes,no,no,no,month_to_month,no,bank_transfer_(automatic),40.7,449.3,0
3990,male,0,yes,no,57,yes,no,dsl,yes,no,no,yes,no,no,month_to_month,no,electronic_check,55.7,3171.6,0
3991,female,0,yes,no,1,no,no_phone_service,dsl,no,yes,no,no,no,no,month_to_month,yes,electronic_check,29.85,29.85,0
3992,male,0,yes,yes,16,yes,no,no,no_internet_service,no_internet_service,no_internet_service,no_internet_service,no_internet_service,no_internet_service,month_to_month,no,electronic_check,19.75,313.4,0
3993,male,0,yes,no,67,yes,yes,fiber_optic,no,yes,yes,no,no,yes,two_year,yes,electronic_check,93.15,6368.2,0
3994,male,0,no,no,22,yes,yes,fiber_optic,no,yes,no,no,no,no,month_to_month,yes,electronic_check,79.35,1730.35,1
3995,male,1,yes,no,49,yes,yes,fiber_optic,yes,yes,yes,no,no,no,month_to_month,yes,electronic_check,88.2,4159.45,0
3996,female,1,no,no,15,yes,yes,fiber_optic,no,no,no,no,no,no,month_to_month,yes,mailed_check,74.45,1145.7,1
3997,female,0,no,no,2,yes,no,fiber_optic,no,no,no,no,no,no,month_to_month,no,electronic_check,70.35,139.25,0
3998,female,0,no,no,56,yes,yes,fiber_optic,no,yes,no,yes,yes,yes,month_to_month,yes,bank_transfer_(automatic),105.45,5916.95,0
3999,male,1,yes,no,72,yes,yes,dsl,yes,yes,yes,no,yes,yes,two_year,no,credit_card_(automatic),84.45,5899.85,0
4000,female,0,no,no,23,yes,yes,dsl,no,no,no,yes,yes,yes,one_year,yes,mailed_check,73.75,1756.6,0
4001,female,0,yes,no,25,yes,no,no,no_internet_service,no_internet_service,no_internet_service,no_internet_service,no_internet_service,no_internet_service,one_year,yes,bank_transfer_(automatic),20.2,507.9,0
4002,female,0,no,no,45,yes,yes,fiber_optic,no,no,yes,no,no,yes,month_to_month,yes,credit_card_(automatic),89.3,4192.15,0
4003,female,0,no,no,31,yes,no,fiber_optic,yes,no,yes,yes,no,no,month_to_month,no,electronic_check,87.6,2724.25,0
4004,male,0,yes,yes,71,yes,yes,dsl,yes,no,yes,yes,yes,yes,one_year,no,electronic_check,85.45,6300.85,0
4005,male,0,no,no,41,yes,no,fiber_optic,no,no,no,yes,no,no,month_to_month,yes,electronic_check,74.25,3089.1,0
4006,male,0,yes,yes,66,yes,no,no,no_internet_service,no_internet_service,no_internet_service,no_internet_service,no_internet_service,no_internet_service,one_year,yes,electronic_check,20.35,1359.5,0
4007,male,0,no,no,6,yes,no,fiber_optic,no,no,no,no,no,no,month_to_month,yes,electronic_check,69.1,435.0,0
4008,male,0,no,no,24,yes,no,dsl,yes,yes,no,yes,no,no,month_to_month,no,bank_transfer_(automatic),60.45,1440.75,0
4009,female,0,no,no,30,yes,yes,fiber_optic,no,no,yes,no,yes,yes,month_to_month,no,electronic_check,100.45,3096.9,0
4010,female,0,no,no,10,yes,no,fiber_optic,yes,no,no,no,yes,no,month_to_month,yes,mailed_check,84.7,832.05,1
4011,male,0,yes,yes,68,yes,no,dsl,yes,yes,yes,yes,no,no,two_year,no,credit_card_(automatic),62.65,4375.8,0
4012,male,0,no,no,1,yes,no,no,no_internet_service,no_internet_service,no_internet_service,no_internet_service,no_internet_service,no_internet_service,month_to_month,no,mailed_check,19.55,19.55,0
4013,male,0,no,no,3,yes,no,no,no_internet_service,no_internet_service,no_internet_service,no_internet_service,no_internet_service,no_internet_service,month_to_month,no,mailed_check,19.85,64.55,1
4014,female,0,yes,yes,48,yes,no,no,no_internet_service,no_internet_service,no_internet_service,no_internet_service,no_internet_service,no_internet_service,two_year,no,mailed_check,19.55,883.35,0
4015,female,0,yes,yes,65,yes,yes,dsl,yes,yes,no,yes,yes,yes,two_year,yes,bank_transfer_(automatic),82.5,5215.1,0
4016,male,1,yes,yes,68,yes,yes,fiber_optic,no,no,yes,yes,yes,yes,one_year,yes,credit_card_(automatic),107.15,7379.8,0
4017,female,0,yes,yes,70,no,no_phone_service,dsl,no,yes,yes,yes,yes,yes,one_year,yes,bank_transfer_(automatic),58.4,4113.15,0
4018,male,0,no,yes,54,yes,no,dsl,no,yes,yes,yes,no,no,one_year,yes,electronic_check,61.0,3283.05,0
4019,male,0,no,yes,3,yes,no,no,no_internet_service,no_internet_service,no_internet_service,no_internet_service,no_internet_service,no_internet_service,month_to_month,yes,mailed_check,20.05,75.45,0
4020,female,0,yes,no,41,yes,no,fiber_optic,no,yes,yes,yes,no,no,one_year,yes,bank_transfer_(automatic),86.2,3339.05,0
4021,female,0,yes,yes,51,yes,yes,fiber_optic,yes,yes,no,no,no,yes,month_to_month,yes,electronic_check,93.8,4539.35,0
4022,male,0,no,no,70,no,no_phone_service,dsl,yes,no,yes,yes,no,yes,two_year,no,bank_transfer_(automatic),48.4,3442.8,0
4023,female,0,no,no,1,yes,yes,fiber_optic,no,no,no,no,no,yes,month_to_month,yes,mailed_check,85.45,85.45,1
4024,male,1,no,no,19,yes,yes,fiber_optic,no,no,yes,no,no,no,month_to_month,yes,electronic_check,79.85,1471.75,1
4025,female,0,no,no,46,yes,yes,fiber_optic,yes,yes,no,no,no,no,month_to_month,no,mailed_check,84.25,3847.6,0
4026,male,0,yes,no,72,yes,no,no,no_internet_service,no_internet_service,no_internet_service,no_internet_service,no_internet_service,no_internet_service,two_year,no,credit_card_(automatic),19.3,1304.8,0
4027,male,1,yes,no,7,yes,yes,fiber_optic,no,no,yes,no,yes,yes,month_to_month,yes,electronic_check,99.25,665.45,1
4028,female,0,yes,no,71,yes,yes,no,no_internet_service,no_internet_service,no_internet_service,no_internet_service,no_internet_service,no_internet_service,two_year,yes,credit_card_(automatic),24.45,1681.6,0
4029,female,0,yes,no,62,yes,no,dsl,yes,yes,yes,no,yes,no,two_year,yes,credit_card_(automatic),72.0,4284.2,0
4030,female,0,no,no,12,no,no_phone_service,dsl,no,yes,yes,yes,yes,yes,one_year,no,electronic_check,60.65,743.3,0
4031,female,1,no,no,1,yes,no,fiber_optic,no,no,yes,no,no,no,month_to_month,yes,bank_transfer_(automatic),75.3,75.3,1
4032,female,0,yes,yes,69,no,no_phone_service,dsl,no,yes,yes,no,yes,yes,two_year,yes,credit_card_(automatic),54.95,3772.5,0
4033,female,0,no,no,42,yes,no,dsl,yes,no,yes,no,no,no,month_to_month,no,credit_card_(automatic),54.55,2455.05,0
4034,male,1,no,no,22,yes,yes,fiber_optic,no,no,no,no,yes,yes,month_to_month,yes,electronic_check,96.7,2082.95,1
4035,female,0,yes,no,34,yes,no,dsl,no,no,no,yes,no,no,month_to_month,no,bank_transfer_(automatic),50.2,1815.3,0
4036,male,0,no,no,21,yes,no,no,no_internet_service,no_internet_service,no_internet_service,no_internet_service,no_internet_service,no_internet_service,two_year,no,mailed_check,19.6,390.4,0
4037,male,0,no,yes,1,no,no_phone_service,dsl,no,yes,no,yes,no,no,month_to_month,no,mailed_check,33.6,33.6,0
4038,male,0,yes,yes,62,yes,yes,no,no_internet_service,no_internet_service,no_internet_service,no_internet_service,no_internet_service,no_internet_service,two_year,yes,bank_transfer_(automatic),24.25,1424.6,0
4039,male,0,yes,no,52,yes,no,fiber_optic,yes,no,no,no,yes,no,month_to_month,no,electronic_check,84.1,4348.65,1
4040,male,0,yes,no,61,yes,yes,fiber_optic,no,yes,yes,no,yes,yes,month_to_month,yes,electronic_check,105.55,6281.45,1
4041,male,1,no,no,67,yes,yes,fiber_optic,yes,yes,yes,yes,yes,yes,two_year,yes,credit_card_(automatic),116.1,7839.85,0
4042,female,0,yes,yes,72,yes,yes,dsl,yes,no,yes,yes,yes,yes,two_year,yes,credit_card_(automatic),85.9,6110.75,0
4043,male,0,no,no,39,no,no_phone_service,dsl,yes,yes,no,yes,yes,no,month_to_month,yes,credit_card_(automatic),48.95,1880.85,1
4044,male,0,no,no,17,yes,no,fiber_optic,no,yes,yes,no,no,yes,month_to_month,yes,credit_card_(automatic),90.95,1612.2,0
4045,female,0,no,no,72,yes,yes,fiber_optic,yes,yes,yes,yes,yes,yes,two_year,yes,electronic_check,114.9,8496.7,0
4046,male,0,yes,yes,72,yes,yes,no,no_internet_service,no_internet_service,no_internet_service,no_internet_service,no_internet_service,no_internet_service,two_year,no,credit_card_(automatic),24.1,1734.65,0
4047,male,0,yes,yes,12,yes,no,dsl,yes,no,no,no,no,no,month_to_month,yes,electronic_check,49.2,571.15,0
4048,female,0,yes,no,72,yes,yes,no,no_internet_service,no_internet_service,no_internet_service,no_internet_service,no_internet_service,no_internet_service,two_year,yes,credit_card_(automatic),24.15,1776.45,0
4049,female,0,no,no,1,yes,yes,dsl,no,no,no,no,no,yes,month_to_month,yes,electronic_check,60.15,60.15,1
4050,female,0,yes,no,10,yes,no,no,no_internet_service,no_internet_service,no_internet_service,no_internet_service,no_internet_service,no_internet_service,one_year,no,mailed_check,20.1,184.4,0
4051,male,0,no,yes,1,yes,yes,fiber_optic,no,no,no,no,no,no,month_to_month,yes,electronic_check,74.35,74.35,1
4052,male,0,no,no,27,yes,no,no,no_internet_service,no_internet_service,no_internet_service,no_internet_service,no_internet_service,no_internet_service,month_to_month,yes,electronic_check,19.4,529.8,0
4053,female,0,yes,no,2,yes,no,fiber_optic,yes,no,no,yes,no,no,month_to_month,yes,electronic_check,80.15,194.55,0
4054,female,0,no,no,60,yes,no,no,no_internet_service,no_internet_service,no_internet_service,no_internet_service,no_internet_service,no_internet_service,two_year,no,bank_transfer_(automatic),19.85,1128.1,0
4055,male,0,no,no,44,yes,yes,fiber_optic,no,no,yes,no,no,yes,month_to_month,yes,mailed_check,90.4,4063.0,0
4056,female,0,no,no,6,no,no_phone_service,dsl,yes,yes,no,yes,no,yes,month_to_month,no,credit_card_(automatic),50.95,307.6,0
4057,male,0,no,no,11,no,no_phone_service,dsl,no,yes,yes,no,no,no,month_to_month,no,mailed_check,34.7,383.55,0
4058,male,0,no,no,21,yes,yes,fiber_optic,no,no,no,no,no,no,month_to_month,no,mailed_check,75.3,1570.7,0
4059,female,1,no,no,64,yes,yes,fiber_optic,yes,no,yes,yes,yes,yes,month_to_month,yes,bank_transfer_(automatic),108.95,7111.3,0
4060,male,0,no,no,6,yes,no,dsl,no,no,no,no,no,no,month_to_month,no,electronic_check,44.75,270.95,1
4061,female,0,no,no,64,yes,yes,fiber_optic,yes,yes,yes,yes,yes,yes,two_year,yes,bank_transfer_(automatic),115.1,7334.05,0
4062,male,0,no,no,12,yes,yes,fiber_optic,no,no,no,no,yes,no,month_to_month,yes,electronic_check,84.45,1059.55,1
4063,female,0,no,no,6,no,no_phone_service,dsl,no,no,yes,no,yes,yes,month_to_month,yes,electronic_check,47.95,305.1,1
4064,female,0,no,no,11,yes,yes,fiber_optic,no,no,yes,no,yes,no,month_to_month,yes,electronic_check,89.2,990.3,0
4065,female,0,no,no,24,yes,yes,fiber_optic,no,yes,yes,no,yes,yes,month_to_month,yes,electronic_check,104.15,2494.65,0
4066,female,0,yes,yes,55,yes,no,fiber_optic,no,yes,yes,yes,yes,yes,one_year,yes,bank_transfer_(automatic),103.7,5656.75,0
4067,female,0,no,no,51,yes,yes,fiber_optic,yes,yes,yes,no,yes,yes,one_year,no,bank_transfer_(automatic),107.45,5680.9,0
4068,female,0,yes,yes,50,yes,no,fiber_optic,no,no,yes,yes,yes,yes,one_year,no,mailed_check,103.05,5153.5,0
4069,female,0,no,no,33,yes,yes,fiber_optic,no,no,no,no,no,yes,month_to_month,yes,electronic_check,83.35,2757.85,1
4070,female,0,no,no,1,yes,no,no,no_internet_service,no_internet_service,no_internet_service,no_internet_service,no_internet_service,no_internet_service,month_to_month,no,mailed_check,19.9,19.9,0
4071,female,1,no,no,38,yes,yes,fiber_optic,no,no,no,yes,yes,yes,month_to_month,yes,electronic_check,99.55,3734.25,1
4072,male,0,no,no,49,yes,yes,fiber_optic,no,no,no,no,no,no,month_to_month,yes,bank_transfer_(automatic),74.6,3720.35,0
4073,female,0,yes,no,67,yes,yes,fiber_optic,no,yes,yes,no,yes,yes,one_year,yes,bank_transfer_(automatic),105.7,6816.95,0
4074,female,0,yes,no,72,yes,yes,fiber_optic,yes,no,yes,no,yes,yes,two_year,yes,electronic_check,105.5,7544.0,0
4075,female,0,yes,yes,56,yes,no,dsl,yes,yes,yes,no,no,no,two_year,yes,credit_card_(automatic),61.3,3346.8,0
4076,male,0,no,no,12,yes,yes,fiber_optic,no,no,no,yes,yes,yes,month_to_month,yes,mailed_check,99.95,1132.75,1
4077,male,0,yes,yes,38,yes,yes,dsl,yes,no,yes,yes,yes,yes,two_year,yes,bank_transfer_(automatic),85.4,3297.0,0
4078,male,0,yes,yes,58,yes,no,no,no_internet_service,no_internet_service,no_internet_service,no_internet_service,no_internet_service,no_internet_service,one_year,yes,electronic_check,19.55,1108.8,0
4079,female,1,no,no,7,yes,no,fiber_optic,no,no,no,no,yes,yes,month_to_month,yes,electronic_check,89.15,574.35,0
4080,female,0,no,no,49,yes,no,fiber_optic,no,no,yes,yes,yes,yes,two_year,no,credit_card_(automatic),100.65,4917.75,0
4081,female,0,no,no,61,yes,yes,fiber_optic,yes,yes,yes,yes,yes,yes,one_year,yes,mailed_check,115.1,6993.65,0
4082,female,0,no,no,1,yes,no,fiber_optic,no,no,no,no,no,no,month_to_month,yes,mailed_check,70.8,70.8,1
4083,male,0,no,no,62,yes,yes,fiber_optic,yes,yes,yes,no,no,no,month_to_month,no,bank_transfer_(automatic),90.7,5586.45,0
4084,male,0,yes,yes,26,yes,yes,dsl,no,no,yes,yes,yes,yes,one_year,yes,credit_card_(automatic),82.0,2083.1,0
4085,female,0,no,no,4,no,no_phone_service,dsl,yes,yes,no,no,no,no,month_to_month,yes,electronic_check,33.65,137.85,1
4086,female,0,no,yes,9,yes,no,dsl,no,no,no,yes,yes,yes,month_to_month,yes,credit_card_(automatic),69.4,571.45,0
4087,female,1,no,no,2,yes,yes,fiber_optic,no,no,no,no,yes,yes,month_to_month,yes,electronic_check,93.85,170.85,1
4088,male,0,no,no,13,no,no_phone_service,dsl,no,no,no,no,no,no,month_to_month,yes,bank_transfer_(automatic),25.15,331.85,0
4089,male,0,no,yes,1,yes,yes,fiber_optic,no,no,yes,no,yes,yes,month_to_month,yes,electronic_check,99.75,99.75,1
4090,female,0,no,no,5,yes,yes,fiber_optic,no,no,yes,yes,no,no,month_to_month,yes,electronic_check,82.75,417.75,0
4091,male,1,yes,no,8,no,no_phone_service,dsl,no,yes,yes,no,no,yes,month_to_month,yes,mailed_check,43.35,371.4,0
4092,female,0,yes,no,72,no,no_phone_service,dsl,yes,yes,yes,no,no,yes,two_year,yes,electronic_check,49.2,3580.95,0
4093,male,0,yes,no,59,no,no_phone_service,dsl,no,no,no,no,yes,yes,month_to_month,yes,electronic_check,44.3,2666.75,0
4094,female,0,yes,yes,61,no,no_phone_service,dsl,yes,yes,no,yes,no,yes,one_year,yes,bank_transfer_(automatic),50.7,3088.75,0
4095,female,0,no,yes,13,yes,yes,fiber_optic,no,yes,yes,no,yes,yes,one_year,yes,credit_card_(automatic),104.15,1299.1,0
4096,male,0,yes,yes,36,no,no_phone_service,dsl,yes,no,yes,yes,yes,yes,one_year,no,credit_card_(automatic),60.7,2234.55,0
4097,male,0,no,no,10,yes,no,no,no_internet_service,no_internet_service,no_internet_service,no_internet_service,no_internet_service,no_internet_service,one_year,no,mailed_check,19.5,225.85,0
4098,male,0,no,no,53,yes,yes,dsl,no,yes,yes,yes,no,yes,two_year,yes,bank_transfer_(automatic),73.9,3958.25,0
4099,female,0,no,no,48,yes,yes,fiber_optic,no,no,yes,yes,yes,yes,month_to_month,yes,electronic_check,103.85,4946.05,0
4100,male,0,yes,yes,21,yes,yes,fiber_optic,no,yes,yes,no,yes,yes,month_to_month,no,electronic_check,104.4,2157.95,1
4101,male,0,yes,no,67,yes,no,dsl,yes,yes,no,yes,no,yes,two_year,yes,credit_card_(automatic),69.2,4671.65,0
4102,male,0,yes,no,31,yes,no,fiber_optic,no,no,yes,no,yes,yes,one_year,yes,electronic_check,93.8,2939.8,0
4103,female,0,yes,yes,67,yes,yes,fiber_optic,yes,no,yes,yes,yes,yes,two_year,yes,credit_card_(automatic),108.75,7156.2,1
4104,male,0,no,no,3,yes,no,fiber_optic,no,no,no,no,yes,no,month_to_month,no,electronic_check,79.25,267.6,1
4105,female,0,no,no,3,yes,yes,dsl,no,no,no,no,no,no,month_to_month,yes,mailed_check,50.65,151.3,1
4106,female,0,no,no,1,yes,no,no,no_internet_service,no_internet_service,no_internet_service,no_internet_service,no_internet_service,no_internet_service,month_to_month,yes,mailed_check,19.9,19.9,1
4107,male,0,yes,yes,63,yes,no,no,no_internet_service,no_internet_service,no_internet_service,no_internet_service,no_internet_service,no_internet_service,two_year,no,mailed_check,19.7,1275.85,0
4108,male,0,yes,no,43,yes,no,fiber_optic,yes,yes,yes,no,no,no,month_to_month,yes,credit_card_(automatic),86.1,3551.65,0
4109,male,0,yes,yes,24,yes,yes,no,no_internet_service,no_internet_service,no_internet_service,no_internet_service,no_internet_service,no_internet_service,two_year,no,mailed_check,24.2,609.05,0
4110,male,0,yes,yes,66,yes,no,dsl,yes,yes,yes,yes,no,no,two_year,no,mailed_check,65.85,4097.05,0
4111,male,0,no,no,1,yes,no,fiber_optic,no,no,no,no,yes,yes,month_to_month,yes,electronic_check,89.55,89.55,1
4112,male,0,yes,no,61,yes,yes,fiber_optic,yes,no,yes,yes,yes,no,month_to_month,no,bank_transfer_(automatic),99.4,5943.65,0
4113,male,0,yes,no,10,yes,no,fiber_optic,no,no,no,no,yes,no,month_to_month,yes,electronic_check,79.95,857.2,1
4114,female,1,yes,no,42,yes,no,fiber_optic,yes,no,no,no,no,no,month_to_month,yes,credit_card_(automatic),74.15,3229.4,1
4115,male,0,yes,yes,31,yes,yes,fiber_optic,yes,no,yes,yes,no,no,month_to_month,no,electronic_check,89.3,2823.0,0
4116,female,0,yes,yes,7,no,no_phone_service,dsl,yes,no,no,yes,no,no,month_to_month,no,mailed_check,34.65,246.6,0
4117,female,0,no,no,16,yes,yes,fiber_optic,no,no,no,no,no,no,month_to_month,yes,credit_card_(automatic),74.75,1129.35,0
4118,female,0,no,yes,10,no,no_phone_service,dsl,yes,yes,no,yes,no,no,one_year,no,mailed_check,40.25,411.45,0
4119,male,0,no,no,2,yes,no,fiber_optic,no,no,no,no,yes,no,month_to_month,yes,electronic_check,79.95,174.45,0
4120,female,0,no,no,29,yes,yes,dsl,no,no,no,no,yes,yes,one_year,yes,credit_card_(automatic),71.0,2080.1,0
4121,male,1,no,no,15,yes,yes,fiber_optic,no,no,no,no,no,no,month_to_month,yes,credit_card_(automatic),74.2,1133.9,1
4122,male,0,yes,yes,15,yes,no,no,no_internet_service,no_internet_service,no_internet_service,no_internet_service,no_internet_service,no_internet_service,one_year,no,mailed_check,19.65,332.65,0
4123,male,0,no,no,35,yes,no,fiber_optic,yes,no,no,yes,no,yes,one_year,yes,electronic_check,89.2,3251.3,0
4124,female,0,yes,yes,67,yes,yes,dsl,yes,yes,no,yes,yes,no,two_year,no,credit_card_(automatic),74.0,4868.4,0
4125,female,0,no,no,4,yes,yes,fiber_optic,yes,no,no,no,no,no,month_to_month,yes,electronic_check,80.15,319.85,0
4126,male,0,no,no,40,yes,no,dsl,yes,yes,no,yes,no,no,month_to_month,yes,mailed_check,61.9,2647.1,0
4127,male,0,no,no,7,yes,no,dsl,no,no,no,no,yes,no,month_to_month,no,mailed_check,54.85,370.4,0
4128,male,0,yes,yes,53,yes,no,fiber_optic,no,yes,no,yes,yes,no,month_to_month,yes,electronic_check,92.55,4779.45,0
4129,female,0,no,no,21,yes,no,no,no_internet_service,no_internet_service,no_internet_service,no_internet_service,no_internet_service,no_internet_service,two_year,yes,credit_card_(automatic),20.85,435.25,0
4130,male,0,no,no,50,yes,yes,no,no_internet_service,no_internet_service,no_internet_service,no_internet_service,no_internet_service,no_internet_service,two_year,no,bank_transfer_(automatic),24.9,1195.25,0
4131,female,0,yes,yes,40,yes,yes,no,no_internet_service,no_internet_service,no_internet_service,no_internet_service,no_internet_service,no_internet_service,month_to_month,yes,electronic_check,26.2,1077.5,0
4132,male,0,yes,yes,58,yes,no,fiber_optic,no,yes,no,no,yes,yes,month_to_month,yes,electronic_check,92.85,5305.05,0
4133,female,0,no,no,41,yes,yes,fiber_optic,yes,yes,yes,yes,yes,no,month_to_month,yes,electronic_check,106.5,4282.4,0
4134,male,0,no,yes,5,yes,no,no,no_internet_service,no_internet_service,no_internet_service,no_internet_service,no_internet_service,no_internet_service,month_to_month,no,mailed_check,20.2,83.75,0
4135,male,0,yes,yes,1,yes,no,fiber_optic,no,yes,no,no,no,no,month_to_month,no,credit_card_(automatic),74.6,74.6,0
4136,female,0,yes,no,21,yes,yes,fiber_optic,no,no,no,no,yes,yes,month_to_month,yes,electronic_check,94.3,1948.35,0
4137,male,0,yes,no,1,yes,no,dsl,no,no,no,no,no,no,month_to_month,no,credit_card_(automatic),44.7,44.7,1
4138,female,0,no,no,13,yes,no,no,no_internet_service,no_internet_service,no_internet_service,no_internet_service,no_internet_service,no_internet_service,one_year,no,mailed_check,20.2,273.25,0
4139,female,0,yes,no,33,yes,no,fiber_optic,yes,no,yes,yes,yes,yes,one_year,yes,electronic_check,103.75,3361.05,1
4140,male,1,yes,no,12,yes,no,fiber_optic,no,no,no,no,no,yes,month_to_month,yes,electronic_check,80.45,950.2,1
4141,male,1,no,no,33,yes,yes,fiber_optic,no,yes,yes,no,no,no,month_to_month,yes,credit_card_(automatic),83.85,2716.3,1
4142,female,0,no,no,16,yes,no,no,no_internet_service,no_internet_service,no_internet_service,no_internet_service,no_internet_service,no_internet_service,one_year,no,bank_transfer_(automatic),20.1,318.6,0
4143,male,0,yes,yes,57,yes,yes,fiber_optic,no,no,no,no,no,no,month_to_month,yes,electronic_check,74.3,4018.35,0
4144,male,1,yes,no,24,yes,yes,fiber_optic,no,yes,yes,no,yes,yes,month_to_month,yes,electronic_check,104.25,2433.9,1
4145,female,0,no,yes,1,yes,no,dsl,yes,no,no,yes,no,no,month_to_month,no,electronic_check,54.5,54.5,0
4146,female,0,yes,yes,55,yes,no,no,no_internet_service,no_internet_service,no_internet_service,no_internet_service,no_internet_service,no_internet_service,two_year,no,credit_card_(automatic),19.4,1083.0,0
4147,female,0,yes,yes,12,yes,yes,no,no_internet_service,no_internet_service,no_internet_service,no_internet_service,no_internet_service,no_internet_service,two_year,no,credit_card_(automatic),25.25,274.7,0
4148,female,0,yes,no,26,yes,yes,no,no_internet_service,no_internet_service,no_internet_service,no_internet_service,no_internet_service,no_internet_service,one_year,no,mailed_check,26.0,684.05,0
4149,male,0,no,no,29,yes,no,fiber_optic,no,no,yes,yes,yes,yes,month_to_month,yes,credit_card_(automatic),98.8,2807.1,0
4150,female,0,yes,no,3,yes,no,no,no_internet_service,no_internet_service,no_internet_service,no_internet_service,no_internet_service,no_internet_service,month_to_month,no,mailed_check,20.85,72.0,0
4151,male,0,no,no,66,yes,no,no,no_internet_service,no_internet_service,no_internet_service,no_internet_service,no_internet_service,no_internet_service,two_year,no,bank_transfer_(automatic),19.7,1253.8,0
4152,male,0,yes,yes,49,yes,yes,fiber_optic,no,yes,yes,no,yes,no,one_year,yes,electronic_check,93.65,4520.15,0
4153,female,0,no,no,1,yes,yes,dsl,no,no,no,no,no,no,month_to_month,yes,bank_transfer_(automatic),49.95,49.95,1
4154,male,0,no,no,1,yes,yes,fiber_optic,no,no,no,no,no,yes,month_to_month,yes,electronic_check,86.6,86.6,1
4155,female,0,no,no,3,yes,yes,fiber_optic,no,no,no,no,no,no,month_to_month,no,electronic_check,75.25,242.0,1
4156,female,0,no,no,20,yes,no,dsl,no,no,no,no,no,no,month_to_month,yes,electronic_check,44.35,927.15,0
4157,male,0,no,no,8,yes,no,dsl,no,no,no,no,no,no,month_to_month,yes,mailed_check,45.15,438.4,1
4158,male,0,no,yes,28,yes,no,dsl,no,yes,no,yes,no,no,one_year,yes,credit_card_(automatic),54.4,1516.6,0
4159,female,0,yes,no,60,yes,yes,fiber_optic,yes,yes,no,no,no,yes,month_to_month,yes,credit_card_(automatic),94.1,5475.9,0
4160,female,1,yes,yes,34,yes,yes,fiber_optic,no,yes,no,no,no,no,month_to_month,yes,mailed_check,79.6,2718.3,1
4161,female,0,yes,no,17,yes,yes,fiber_optic,no,no,no,no,yes,yes,month_to_month,no,electronic_check,92.6,1579.7,0
4162,male,1,no,no,25,yes,yes,fiber_optic,no,yes,no,no,yes,no,month_to_month,yes,electronic_check,88.95,2291.2,1
4163,male,0,yes,yes,57,yes,no,no,no_internet_service,no_internet_service,no_internet_service,no_internet_service,no_internet_service,no_internet_service,one_year,no,mailed_check,19.4,1061.6,0
4164,female,0,yes,yes,72,yes,no,no,no_internet_service,no_internet_service,no_internet_service,no_internet_service,no_internet_service,no_internet_service,two_year,no,bank_transfer_(automatic),20.1,1460.85,0
4165,female,0,yes,no,46,yes,no,dsl,no,yes,no,no,yes,yes,month_to_month,yes,credit_card_(automatic),69.1,3168.0,0
4166,female,0,yes,yes,19,yes,no,no,no_internet_service,no_internet_service,no_internet_service,no_internet_service,no_internet_service,no_internet_service,month_to_month,no,mailed_check,20.2,382.2,0
4167,female,0,no,no,1,no,no_phone_service,dsl,no,no,no,no,no,no,month_to_month,no,electronic_check,25.25,25.25,0
4168,male,0,yes,yes,47,yes,no,fiber_optic,yes,no,yes,no,no,yes,month_to_month,no,electronic_check,90.05,4137.2,0
4169,male,0,yes,yes,52,yes,no,dsl,no,yes,yes,yes,yes,no,one_year,yes,electronic_check,68.75,3482.85,0
4170,male,0,no,no,1,yes,no,fiber_optic,no,no,no,no,no,no,month_to_month,no,mailed_check,70.6,70.6,1
4171,female,0,yes,yes,46,yes,no,no,no_internet_service,no_internet_service,no_internet_service,no_internet_service,no_internet_service,no_internet_service,two_year,yes,mailed_check,19.95,927.1,0
4172,female,0,no,no,43,yes,no,no,no_internet_service,no_internet_service,no_internet_service,no_internet_service,no_internet_service,no_internet_service,two_year,yes,bank_transfer_(automatic),19.65,779.25,0
4173,female,0,no,no,57,yes,yes,fiber_optic,no,yes,no,yes,no,yes,one_year,no,electronic_check,94.7,5468.95,0
4174,male,0,yes,yes,40,yes,yes,dsl,no,no,yes,no,yes,yes,month_to_month,yes,electronic_check,74.55,3015.75,0
4175,female,0,no,no,25,yes,yes,fiber_optic,no,yes,no,no,yes,yes,month_to_month,yes,electronic_check,100.25,2387.75,1
4176,male,0,yes,no,9,no,no_phone_service,dsl,no,no,no,yes,yes,no,month_to_month,no,mailed_check,40.65,328.95,1
4177,female,1,yes,no,51,yes,yes,fiber_optic,yes,no,no,no,no,no,month_to_month,yes,electronic_check,77.5,3807.35,1
4178,female,0,no,yes,12,yes,yes,fiber_optic,no,no,no,no,yes,no,month_to_month,yes,electronic_check,84.05,966.55,0
4179,male,0,yes,yes,23,yes,yes,no,no_internet_service,no_internet_service,no_internet_service,no_internet_service,no_internet_service,no_internet_service,one_year,no,mailed_check,24.35,538.5,0
4180,male,0,yes,yes,51,yes,yes,fiber_optic,yes,yes,no,yes,yes,yes,one_year,no,credit_card_(automatic),110.05,5686.4,0
4181,female,1,no,no,67,yes,yes,dsl,no,yes,no,no,no,no,month_to_month,no,electronic_check,54.9,3725.5,0
4182,female,0,no,no,2,yes,no,fiber_optic,no,no,no,no,no,yes,month_to_month,no,electronic_check,80.55,184.1,1
4183,female,0,no,no,5,yes,yes,dsl,no,yes,no,no,no,yes,month_to_month,yes,electronic_check,64.0,370.25,0
4184,male,1,yes,yes,68,yes,no,no,no_internet_service,no_internet_service,no_internet_service,no_internet_service,no_internet_service,no_internet_service,one_year,no,bank_transfer_(automatic),19.5,1193.55,0
4185,female,1,no,no,42,yes,yes,fiber_optic,no,yes,yes,no,yes,yes,month_to_month,yes,bank_transfer_(automatic),104.75,4323.45,1
4186,female,0,yes,yes,72,yes,yes,fiber_optic,yes,yes,yes,yes,yes,yes,two_year,yes,bank_transfer_(automatic),116.85,8477.7,0
4187,female,0,yes,yes,72,yes,no,fiber_optic,yes,yes,yes,yes,yes,yes,two_year,yes,credit_card_(automatic),109.5,7854.9,0
4188,male,1,no,no,57,yes,no,dsl,no,no,yes,yes,no,no,one_year,yes,electronic_check,53.5,3035.8,0
4189,male,0,yes,no,25,yes,no,no,no_internet_service,no_internet_service,no_internet_service,no_internet_service,no_internet_service,no_internet_service,one_year,yes,bank_transfer_(automatic),20.95,495.15,0
4190,female,1,no,no,27,yes,yes,fiber_optic,no,yes,yes,no,no,no,month_to_month,yes,bank_transfer_(automatic),86.45,2401.05,0
4191,female,1,no,no,56,yes,yes,fiber_optic,no,yes,yes,yes,yes,no,two_year,yes,bank_transfer_(automatic),99.9,5706.3,0
4192,male,0,no,no,66,yes,yes,no,no_internet_service,no_internet_service,no_internet_service,no_internet_service,no_internet_service,no_internet_service,one_year,no,bank_transfer_(automatic),25.45,1699.15,0
4193,male,0,yes,no,71,yes,yes,dsl,yes,yes,yes,yes,no,yes,two_year,no,credit_card_(automatic),80.4,5727.15,0
4194,male,0,yes,yes,38,yes,no,no,no_internet_service,no_internet_service,no_internet_service,no_internet_service,no_internet_service,no_internet_service,month_to_month,no,electronic_check,19.6,717.3,0
4195,female,0,no,no,9,yes,no,fiber_optic,no,no,no,no,no,no,month_to_month,no,electronic_check,69.05,651.5,0
4196,male,0,yes,yes,68,yes,no,fiber_optic,no,yes,yes,yes,yes,yes,one_year,no,credit_card_(automatic),105.75,7322.5,0
4197,female,0,no,no,69,yes,no,dsl,yes,no,yes,yes,yes,yes,two_year,yes,credit_card_(automatic),82.45,5555.3,0
4198,male,0,yes,yes,19,yes,no,fiber_optic,no,yes,no,yes,yes,yes,one_year,no,bank_transfer_(automatic),100.0,1888.65,1
4199,female,0,yes,no,10,yes,no,no,no_internet_service,no_internet_service,no_internet_service,no_internet_service,no_internet_service,no_internet_service,month_to_month,yes,bank_transfer_(automatic),19.95,187.75,0
4200,female,0,yes,no,58,yes,yes,dsl,yes,no,no,yes,no,yes,one_year,yes,electronic_check,68.4,3972.25,0
4201,female,0,no,no,36,yes,no,dsl,yes,yes,yes,yes,yes,no,one_year,yes,mailed_check,76.35,2606.35,0
4202,male,1,yes,no,72,no,no_phone_service,dsl,yes,yes,yes,yes,yes,yes,two_year,yes,credit_card_(automatic),64.45,4641.1,0
4203,female,0,no,yes,3,no,no_phone_service,dsl,no,yes,no,no,no,no,month_to_month,no,mailed_check,29.65,90.05,0
4204,male,0,no,yes,53,yes,no,no,no_internet_service,no_internet_service,no_internet_service,no_internet_service,no_internet_service,no_internet_service,two_year,no,bank_transfer_(automatic),19.75,1052.35,1
4205,female,0,no,no,17,yes,no,no,no_internet_service,no_internet_service,no_internet_service,no_internet_service,no_internet_service,no_internet_service,one_year,no,mailed_check,19.55,280.85,0
4206,male,0,no,no,56,yes,no,dsl,no,yes,no,yes,yes,yes,one_year,yes,bank_transfer_(automatic),75.75,4284.65,0
4207,male,0,yes,no,71,yes,no,dsl,no,yes,yes,yes,yes,yes,two_year,yes,credit_card_(automatic),79.1,5564.85,0
4208,male,0,yes,yes,72,yes,yes,fiber_optic,yes,yes,yes,yes,yes,yes,two_year,yes,electronic_check,114.0,8093.15,0
4209,male,0,yes,no,12,yes,no,fiber_optic,yes,yes,yes,no,no,no,month_to_month,yes,electronic_check,84.6,959.9,0
4210,female,0,no,no,18,yes,yes,fiber_optic,no,no,no,no,no,no,month_to_month,yes,electronic_check,74.15,1345.75,0
4211,male,0,no,no,1,yes,no,fiber_optic,no,no,yes,no,yes,no,month_to_month,yes,electronic_check,84.85,84.85,1
4212,male,0,no,no,54,yes,no,fiber_optic,yes,yes,no,yes,yes,yes,one_year,yes,credit_card_(automatic),105.4,5643.4,1
4213,male,0,no,no,5,yes,yes,fiber_optic,no,yes,yes,no,no,yes,month_to_month,no,electronic_check,96.55,500.1,0
4214,male,1,no,no,6,yes,no,dsl,no,no,no,no,no,no,month_to_month,no,credit_card_(automatic),44.7,276.5,0
4215,male,0,no,no,19,yes,no,no,no_internet_service,no_internet_service,no_internet_service,no_internet_service,no_internet_service,no_internet_service,one_year,yes,credit_card_(automatic),19.7,386.5,0
4216,female,0,yes,no,72,yes,yes,no,no_internet_service,no_internet_service,no_internet_service,no_internet_service,no_internet_service,no_internet_service,two_year,no,bank_transfer_(automatic),24.65,1830.05,0
4217,male,0,no,no,68,yes,yes,fiber_optic,no,yes,yes,yes,yes,yes,one_year,no,electronic_check,108.45,7176.55,1
4218,male,1,yes,no,72,yes,yes,dsl,no,no,yes,no,yes,yes,two_year,yes,credit_card_(automatic),73.45,5329.0,0
4219,male,1,no,no,2,yes,no,dsl,yes,no,yes,no,yes,no,month_to_month,no,bank_transfer_(automatic),66.4,94.55,1
4220,female,0,yes,yes,25,yes,no,fiber_optic,no,yes,yes,no,yes,no,month_to_month,yes,bank_transfer_(automatic),89.15,2257.75,1
4221,female,0,yes,yes,34,no,no_phone_service,dsl,yes,no,yes,yes,yes,yes,one_year,no,mailed_check,61.25,1993.2,0
4222,female,0,yes,no,20,no,no_phone_service,dsl,no,no,no,no,no,no,month_to_month,yes,electronic_check,24.45,482.8,1
4223,male,0,no,no,2,yes,yes,fiber_optic,no,no,no,no,yes,no,month_to_month,yes,electronic_check,85.65,181.5,1
4224,male,0,no,no,9,yes,yes,dsl,no,no,no,no,no,yes,month_to_month,no,mailed_check,59.9,542.4,0
4225,male,0,no,yes,15,yes,yes,fiber_optic,no,yes,no,no,yes,no,month_to_month,yes,electronic_check,91.0,1430.05,0
4226,male,0,no,no,10,yes,no,fiber_optic,no,no,no,no,yes,yes,month_to_month,yes,electronic_check,89.5,863.1,1
4227,male,0,no,yes,53,yes,no,fiber_optic,yes,yes,yes,no,no,yes,one_year,no,electronic_check,95.95,5036.9,0
4228,female,0,yes,no,5,yes,no,fiber_optic,no,no,no,no,no,no,month_to_month,no,electronic_check,69.95,330.15,1
4229,female,0,no,no,4,yes,no,dsl,yes,no,no,no,no,no,month_to_month,yes,bank_transfer_(automatic),50.55,235.65,0
4230,male,0,yes,yes,34,yes,yes,dsl,no,no,yes,no,yes,yes,one_year,no,bank_transfer_(automatic),77.2,2753.8,0
4231,female,0,no,no,16,yes,yes,fiber_optic,no,yes,yes,no,no,yes,month_to_month,yes,credit_card_(automatic),95.6,1555.65,1
4232,female,1,no,no,52,yes,yes,dsl,yes,no,yes,no,no,no,two_year,no,bank_transfer_(automatic),59.85,3103.25,0
4233,male,0,no,yes,21,yes,yes,fiber_optic,yes,no,no,no,no,no,month_to_month,no,electronic_check,80.35,1747.2,0
4234,female,0,yes,yes,41,yes,yes,dsl,yes,yes,yes,yes,no,yes,month_to_month,no,credit_card_(automatic),79.9,3326.2,1
4235,male,0,no,no,20,no,no_phone_service,dsl,yes,yes,yes,yes,yes,no,month_to_month,yes,credit_card_(automatic),55.0,1165.55,0
4236,female,0,no,no,7,yes,yes,fiber_optic,no,yes,no,no,no,no,month_to_month,yes,bank_transfer_(automatic),78.55,522.95,0
4237,female,0,yes,yes,43,yes,no,dsl,no,yes,no,no,no,no,month_to_month,no,mailed_check,50.2,2169.4,0
4238,male,0,no,yes,22,yes,no,fiber_optic,no,yes,yes,no,yes,no,month_to_month,yes,electronic_check,89.4,2001.5,1
4239,female,0,no,no,66,yes,yes,fiber_optic,yes,yes,yes,yes,no,yes,month_to_month,yes,bank_transfer_(automatic),103.1,6595.0,0
4240,male,0,no,no,1,yes,no,dsl,no,no,no,yes,no,no,month_to_month,no,credit_card_(automatic),49.0,49.0,0
4241,male,0,yes,no,63,yes,yes,dsl,yes,yes,yes,yes,no,yes,one_year,no,credit_card_(automatic),80.0,5040.2,0
4242,female,0,no,no,17,yes,yes,dsl,no,no,yes,yes,yes,no,month_to_month,yes,mailed_check,69.0,1108.0,0
4243,male,0,yes,no,1,yes,no,fiber_optic,no,no,no,yes,yes,no,month_to_month,yes,electronic_check,84.8,84.8,1
4244,female,0,no,no,18,yes,yes,fiber_optic,no,no,no,yes,yes,yes,month_to_month,yes,bank_transfer_(automatic),99.85,1776.95,1
4245,female,0,no,no,10,no,no_phone_service,dsl,no,yes,no,yes,no,no,month_to_month,no,electronic_check,36.25,374.0,0
4246,female,0,no,no,6,yes,yes,fiber_optic,no,no,no,no,no,no,month_to_month,yes,mailed_check,73.85,401.3,0
4247,female,0,yes,yes,13,yes,no,dsl,yes,no,yes,no,no,yes,month_to_month,yes,mailed_check,63.15,816.8,0
4248,female,0,no,no,1,no,no_phone_service,dsl,yes,no,no,no,no,no,month_to_month,no,mailed_check,29.9,29.9,0
4249,female,1,yes,no,65,yes,yes,fiber_optic,no,yes,yes,no,yes,yes,month_to_month,yes,bank_transfer_(automatic),108.8,7082.45,0
4250,female,1,no,no,8,yes,yes,fiber_optic,no,yes,yes,no,yes,yes,month_to_month,yes,electronic_check,105.5,829.55,1
4251,male,0,no,no,58,yes,no,dsl,no,yes,yes,yes,yes,no,two_year,no,bank_transfer_(automatic),70.1,4048.95,0
4252,female,0,no,no,38,yes,no,no,no_internet_service,no_internet_service,no_internet_service,no_internet_service,no_internet_service,no_internet_service,one_year,no,mailed_check,19.3,755.5,0
4253,male,0,yes,yes,23,yes,yes,dsl,no,no,no,no,no,no,one_year,yes,credit_card_(automatic),48.35,1067.15,1
4254,female,0,no,no,25,yes,no,no,no_internet_service,no_internet_service,no_internet_service,no_internet_service,no_internet_service,no_internet_service,month_to_month,no,mailed_check,19.05,461.3,0
4255,female,0,yes,yes,58,yes,no,dsl,no,no,no,no,no,no,one_year,yes,mailed_check,44.1,2413.05,0
4256,female,0,yes,no,71,yes,yes,fiber_optic,no,no,no,no,yes,yes,two_year,yes,bank_transfer_(automatic),93.7,6585.35,1
4257,female,0,no,no,68,yes,no,dsl,yes,no,yes,no,no,no,one_year,yes,credit_card_(automatic),54.45,3674.95,0
4258,female,0,yes,yes,3,yes,no,fiber_optic,no,no,no,no,no,yes,month_to_month,yes,electronic_check,80.3,250.05,1
4259,male,0,no,no,2,yes,no,fiber_optic,no,no,yes,no,yes,yes,month_to_month,no,electronic_check,94.95,178.1,1
4260,male,0,yes,no,9,yes,no,dsl,yes,yes,no,yes,yes,no,month_to_month,yes,mailed_check,68.95,593.85,0
4261,male,1,yes,no,1,no,no_phone_service,dsl,no,no,no,no,no,no,month_to_month,no,electronic_check,25.05,25.05,1
4262,male,1,yes,no,52,yes,yes,fiber_optic,no,yes,yes,no,yes,yes,one_year,yes,bank_transfer_(automatic),105.1,5376.4,0
4263,male,0,no,no,6,yes,no,dsl,yes,no,no,no,no,yes,month_to_month,yes,bank_transfer_(automatic),59.15,336.7,0
4264,female,1,yes,no,26,yes,no,fiber_optic,no,yes,no,no,no,yes,month_to_month,no,electronic_check,84.95,2169.75,1
4265,female,0,yes,no,48,yes,no,fiber_optic,no,yes,yes,no,yes,yes,one_year,yes,electronic_check,97.05,4692.95,0
4266,female,0,yes,yes,31,yes,no,no,no_internet_service,no_internet_service,no_internet_service,no_internet_service,no_internet_service,no_internet_service,month_to_month,yes,mailed_check,19.55,658.95,1
4267,male,0,yes,no,72,yes,no,fiber_optic,no,no,yes,no,yes,yes,month_to_month,yes,electronic_check,94.65,6747.35,0
4268,female,0,no,no,56,yes,no,no,no_internet_service,no_internet_service,no_internet_service,no_internet_service,no_internet_service,no_internet_service,two_year,yes,bank_transfer_(automatic),19.55,1080.55,0
4269,male,0,no,no,36,yes,no,no,no_internet_service,no_internet_service,no_internet_service,no_internet_service,no_internet_service,no_internet_service,two_year,yes,credit_card_(automatic),18.55,689.0,0
4270,male,0,no,no,20,yes,no,no,no_internet_service,no_internet_service,no_internet_service,no_internet_service,no_internet_service,no_internet_service,two_year,yes,mailed_check,19.7,419.4,0
4271,female,0,yes,no,2,yes,no,fiber_optic,yes,no,no,no,no,no,month_to_month,yes,electronic_check,74.4,139.4,1
4272,male,1,yes,yes,66,yes,yes,fiber_optic,yes,yes,yes,yes,yes,yes,one_year,yes,electronic_check,116.25,7862.25,0
4273,female,0,yes,no,58,yes,yes,fiber_optic,no,yes,yes,no,no,yes,one_year,yes,electronic_check,94.3,5610.15,0
4274,male,1,yes,no,7,yes,yes,fiber_optic,no,no,no,no,yes,yes,month_to_month,yes,bank_transfer_(automatic),95.6,644.35,1
4275,female,0,no,no,52,no,no_phone_service,dsl,yes,yes,no,yes,no,no,two_year,no,mailed_check,39.1,1982.1,0
4276,male,0,no,no,1,yes,no,no,no_internet_service,no_internet_service,no_internet_service,no_internet_service,no_internet_service,no_internet_service,month_to_month,yes,mailed_check,20.1,20.1,1
4277,male,1,yes,no,29,yes,yes,fiber_optic,no,no,no,no,no,yes,month_to_month,yes,electronic_check,84.3,2357.75,0
4278,female,1,no,no,9,yes,yes,fiber_optic,no,no,no,no,no,no,month_to_month,yes,electronic_check,74.55,622.9,1
4279,male,0,yes,no,64,yes,no,fiber_optic,yes,no,no,no,no,no,month_to_month,yes,mailed_check,73.55,4764.0,0
4280,female,0,yes,yes,57,yes,no,dsl,yes,yes,no,no,no,no,one_year,no,electronic_check,53.45,3053.0,0
4281,female,0,no,no,1,yes,no,no,no_internet_service,no_internet_service,no_internet_service,no_internet_service,no_internet_service,no_internet_service,month_to_month,no,credit_card_(automatic),19.4,19.4,0
4282,male,1,no,no,6,yes,no,fiber_optic,no,no,no,no,yes,no,month_to_month,yes,electronic_check,79.7,497.6,0
4283,male,0,yes,yes,24,yes,no,no,no_internet_service,no_internet_service,no_internet_service,no_internet_service,no_internet_service,no_internet_service,one_year,yes,credit_card_(automatic),20.8,469.65,0
4284,male,0,yes,yes,72,yes,yes,no,no_internet_service,no_internet_service,no_internet_service,no_internet_service,no_internet_service,no_internet_service,two_year,no,bank_transfer_(automatic),24.75,1769.6,0
4285,male,0,no,yes,54,yes,yes,dsl,no,yes,no,no,no,no,month_to_month,yes,credit_card_(automatic),55.0,3092.65,1
4286,male,1,yes,no,56,yes,no,dsl,yes,yes,yes,yes,yes,yes,two_year,yes,bank_transfer_(automatic),85.65,4824.45,0
4287,male,0,no,no,21,yes,yes,fiber_optic,no,no,no,no,no,yes,month_to_month,yes,electronic_check,84.1,1737.45,0
4288,female,1,yes,yes,72,yes,yes,dsl,yes,yes,yes,yes,yes,yes,two_year,no,credit_card_(automatic),92.45,6440.25,1
4289,female,1,no,no,37,yes,yes,fiber_optic,yes,yes,no,no,yes,yes,month_to_month,yes,bank_transfer_(automatic),106.75,4056.75,1
4290,male,0,no,no,19,yes,no,no,no_internet_service,no_internet_service,no_internet_service,no_internet_service,no_internet_service,no_internet_service,one_year,no,mailed_check,18.8,279.2,0
4291,female,1,yes,no,53,yes,yes,no,no_internet_service,no_internet_service,no_internet_service,no_internet_service,no_internet_service,no_internet_service,two_year,no,credit_card_(automatic),25.1,1275.6,0
4292,female,1,no,no,26,yes,yes,fiber_optic,no,yes,no,no,yes,no,month_to_month,yes,electronic_check,89.15,2277.65,1
4293,female,0,yes,yes,69,yes,no,no,no_internet_service,no_internet_service,no_internet_service,no_internet_service,no_internet_service,no_internet_service,two_year,no,bank_transfer_(automatic),20.2,1412.65,0
4294,female,0,no,no,11,yes,yes,fiber_optic,no,no,no,no,no,no,month_to_month,no,electronic_check,75.25,888.65,0
4295,female,0,yes,yes,1,yes,no,fiber_optic,no,yes,no,no,no,no,month_to_month,yes,electronic_check,74.7,74.7,1
4296,female,0,yes,no,26,no,no_phone_service,dsl,yes,yes,yes,no,yes,no,one_year,no,bank_transfer_(automatic),47.85,1190.5,0
4297,female,0,yes,no,57,no,no_phone_service,dsl,yes,yes,yes,no,yes,yes,month_to_month,yes,bank_transfer_(automatic),58.75,3437.45,0
4298,male,0,yes,no,45,yes,no,dsl,yes,yes,yes,no,yes,yes,one_year,no,bank_transfer_(automatic),78.8,3597.5,0
4299,male,1,no,no,65,yes,no,fiber_optic,no,yes,yes,no,yes,yes,month_to_month,yes,bank_transfer_(automatic),99.1,6496.15,0
4300,female,0,yes,no,54,yes,yes,fiber_optic,yes,yes,no,no,yes,yes,one_year,no,bank_transfer_(automatic),106.55,5763.3,1
4301,male,0,no,yes,72,yes,no,no,no_internet_service,no_internet_service,no_internet_service,no_internet_service,no_internet_service,no_internet_service,two_year,no,credit_card_(automatic),19.9,1529.65,0
4302,female,1,no,no,50,yes,yes,fiber_optic,no,yes,no,yes,yes,yes,one_year,yes,electronic_check,106.8,5347.95,0
4303,male,0,yes,yes,65,yes,no,dsl,yes,no,no,yes,yes,yes,two_year,yes,bank_transfer_(automatic),74.8,4820.15,1
4304,female,1,no,no,45,yes,no,fiber_optic,yes,yes,no,yes,no,no,month_to_month,yes,bank_transfer_(automatic),85.7,3778.1,0
4305,female,0,yes,yes,26,yes,no,fiber_optic,yes,yes,no,no,no,no,month_to_month,no,electronic_check,81.95,2070.05,0
4306,female,1,no,no,2,no,no_phone_service,dsl,no,no,yes,no,no,no,month_to_month,yes,electronic_check,30.4,78.65,1
4307,male,0,no,no,47,yes,yes,fiber_optic,yes,yes,no,yes,yes,no,month_to_month,no,mailed_check,100.75,4669.2,0
4308,male,0,no,yes,44,yes,no,no,no_internet_service,no_internet_service,no_internet_service,no_internet_service,no_internet_service,no_internet_service,two_year,no,bank_transfer_(automatic),19.55,819.95,0
4309,male,0,yes,yes,56,yes,yes,fiber_optic,yes,yes,yes,yes,yes,yes,two_year,no,mailed_check,115.85,6567.9,0
4310,male,0,yes,no,66,yes,yes,dsl,yes,yes,yes,no,no,no,two_year,yes,credit_card_(automatic),66.1,4428.45,0
4311,female,0,yes,yes,25,no,no_phone_service,dsl,yes,yes,yes,no,yes,yes,month_to_month,yes,credit_card_(automatic),58.6,1502.65,1
4312,male,0,no,no,59,yes,no,no,no_internet_service,no_internet_service,no_internet_service,no_internet_service,no_internet_service,no_internet_service,two_year,yes,bank_transfer_(automatic),20.2,1192.3,0
4313,female,1,yes,no,72,yes,yes,fiber_optic,yes,no,no,no,no,no,two_year,no,bank_transfer_(automatic),78.5,5602.25,0
4314,female,1,no,no,32,yes,no,fiber_optic,no,no,no,no,no,yes,month_to_month,yes,electronic_check,79.5,2665.0,0
4315,female,0,yes,yes,14,yes,yes,fiber_optic,no,no,yes,no,no,yes,month_to_month,yes,electronic_check,87.25,1258.6,1
4316,male,0,yes,yes,69,yes,yes,no,no_internet_service,no_internet_service,no_internet_service,no_internet_service,no_internet_service,no_internet_service,two_year,no,bank_transfer_(automatic),24.45,1718.2,0
4317,female,0,no,no,6,yes,no,dsl,no,no,no,no,no,yes,month_to_month,yes,electronic_check,55.0,340.4,0
4318,male,0,no,no,11,yes,yes,no,no_internet_service,no_internet_service,no_internet_service,no_internet_service,no_internet_service,no_internet_service,month_to_month,no,credit_card_(automatic),23.15,245.2,1
4319,female,0,no,no,12,yes,yes,dsl,yes,no,yes,yes,no,no,month_to_month,yes,mailed_check,61.65,713.75,1
4320,female,0,no,no,33,yes,yes,fiber_optic,no,yes,no,no,yes,yes,month_to_month,yes,electronic_check,100.0,3320.6,0
4321,male,0,yes,yes,72,yes,yes,fiber_optic,yes,yes,yes,yes,yes,yes,two_year,yes,bank_transfer_(automatic),116.6,8337.45,0
4322,female,0,yes,no,42,yes,yes,no,no_internet_service,no_internet_service,no_internet_service,no_internet_service,no_internet_service,no_internet_service,two_year,no,electronic_check,25.25,1108.2,0
4323,male,1,no,no,15,yes,no,fiber_optic,no,yes,no,no,no,no,month_to_month,yes,electronic_check,74.4,1074.3,1
4324,female,0,no,yes,1,yes,no,fiber_optic,no,no,no,no,no,no,month_to_month,yes,electronic_check,69.65,69.65,1
4325,female,1,no,no,4,yes,yes,dsl,no,no,no,no,no,no,month_to_month,no,mailed_check,48.75,179.85,0
4326,female,0,no,yes,17,yes,no,dsl,no,no,no,no,yes,yes,month_to_month,yes,mailed_check,64.7,1093.1,1
4327,male,0,yes,yes,25,yes,no,dsl,yes,yes,yes,no,no,no,one_year,yes,bank_transfer_(automatic),61.6,1611.0,0
4328,female,1,no,no,11,yes,yes,dsl,yes,no,no,no,no,no,month_to_month,yes,electronic_check,55.6,580.8,0
4329,female,0,no,no,54,yes,no,fiber_optic,yes,yes,no,no,yes,yes,one_year,yes,credit_card_(automatic),100.05,5299.65,0
4330,male,0,no,no,3,yes,yes,fiber_optic,no,no,yes,no,yes,yes,month_to_month,yes,electronic_check,100.95,329.95,1
4331,male,0,no,no,63,yes,yes,fiber_optic,yes,yes,yes,yes,yes,no,one_year,no,credit_card_(automatic),104.5,6590.8,0
4332,female,0,yes,yes,58,yes,no,fiber_optic,no,yes,yes,no,yes,no,month_to_month,yes,electronic_check,91.55,5511.65,0
4333,female,0,yes,yes,41,yes,no,dsl,yes,yes,no,yes,yes,yes,two_year,no,electronic_check,78.45,3126.45,0
4334,female,0,yes,yes,45,yes,no,no,no_internet_service,no_internet_service,no_internet_service,no_internet_service,no_internet_service,no_internet_service,two_year,yes,bank_transfer_(automatic),20.0,886.4,0
4335,male,0,yes,yes,26,yes,no,dsl,no,no,yes,no,no,no,one_year,no,mailed_check,50.35,1285.8,0
4336,female,0,no,no,40,no,no_phone_service,dsl,yes,no,no,yes,yes,yes,one_year,yes,bank_transfer_(automatic),54.55,2236.2,0
4337,male,0,no,no,2,yes,no,dsl,no,yes,no,no,no,no,month_to_month,no,mailed_check,49.25,97.0,0
4338,female,0,yes,yes,30,yes,no,dsl,no,no,yes,yes,yes,no,one_year,yes,electronic_check,64.5,1985.15,0
4339,female,0,yes,yes,4,yes,no,fiber_optic,no,no,no,no,no,yes,month_to_month,no,electronic_check,80.85,302.75,1
4340,male,0,yes,yes,59,yes,no,dsl,no,yes,yes,yes,yes,yes,one_year,no,credit_card_(automatic),76.75,4541.9,0
4341,female,0,yes,no,72,yes,yes,fiber_optic,yes,no,yes,yes,yes,no,two_year,yes,bank_transfer_(automatic),98.2,7015.9,0
4342,female,0,no,no,18,yes,no,fiber_optic,yes,no,no,no,yes,yes,month_to_month,yes,electronic_check,96.05,1740.7,1
4343,female,0,yes,yes,4,yes,no,no,no_internet_service,no_internet_service,no_internet_service,no_internet_service,no_internet_service,no_internet_service,month_to_month,no,mailed_check,20.35,76.35,1
4344,male,0,yes,yes,72,yes,yes,fiber_optic,yes,yes,yes,yes,yes,no,two_year,yes,credit_card_(automatic),106.1,7548.6,0
4345,male,0,yes,no,15,yes,yes,fiber_optic,no,no,yes,yes,yes,yes,month_to_month,yes,electronic_check,103.45,1539.8,0
4346,male,0,yes,yes,25,yes,no,fiber_optic,no,no,no,yes,yes,no,month_to_month,no,electronic_check,85.9,2199.05,0
4347,female,1,yes,no,54,yes,no,no,no_internet_service,no_internet_service,no_internet_service,no_internet_service,no_internet_service,no_internet_service,two_year,yes,mailed_check,18.95,1031.1,0
4348,male,0,yes,no,47,yes,no,no,no_internet_service,no_internet_service,no_internet_service,no_internet_service,no_internet_service,no_internet_service,one_year,no,bank_transfer_(automatic),19.9,942.95,0
4349,male,0,no,no,1,yes,no,dsl,no,yes,no,no,no,no,month_to_month,yes,electronic_check,50.75,50.75,1
4350,male,0,no,no,59,yes,no,dsl,no,no,yes,yes,yes,no,month_to_month,yes,electronic_check,64.65,3735.45,0
4351,female,0,yes,no,71,yes,no,no,no_internet_service,no_internet_service,no_internet_service,no_internet_service,no_internet_service,no_internet_service,two_year,no,mailed_check,19.6,1416.5,0
4352,female,0,no,no,64,yes,yes,fiber_optic,no,yes,yes,yes,yes,yes,two_year,yes,credit_card_(automatic),110.5,7069.25,0
4353,male,0,no,yes,23,yes,no,dsl,no,yes,no,yes,no,no,month_to_month,no,electronic_check,54.15,1312.45,0
4354,female,0,yes,yes,28,yes,no,no,no_internet_service,no_internet_service,no_internet_service,no_internet_service,no_internet_service,no_internet_service,month_to_month,yes,bank_transfer_(automatic),19.55,543.8,0
4355,male,1,no,no,21,yes,yes,fiber_optic,no,yes,yes,no,yes,yes,month_to_month,yes,electronic_check,104.35,2271.85,0
4356,female,0,no,no,37,yes,yes,fiber_optic,no,no,yes,no,yes,yes,month_to_month,yes,electronic_check,100.05,3810.55,0
4357,male,1,yes,no,20,yes,no,fiber_optic,no,yes,no,no,no,no,month_to_month,yes,electronic_check,73.65,1463.5,1
4358,female,0,no,no,59,yes,yes,fiber_optic,yes,yes,yes,no,no,yes,month_to_month,yes,bank_transfer_(automatic),99.45,5623.7,0
4359,male,1,yes,no,30,yes,yes,dsl,no,no,yes,no,yes,yes,two_year,no,electronic_check,74.85,2181.75,0
4360,female,0,yes,yes,35,no,no_phone_service,dsl,yes,no,no,yes,yes,no,two_year,yes,credit_card_(automatic),46.35,1662.05,0
4361,male,0,no,no,2,yes,no,dsl,no,no,no,no,no,no,month_to_month,no,mailed_check,44.65,74.9,1
4362,male,0,yes,yes,35,yes,yes,dsl,no,no,no,yes,yes,yes,one_year,yes,bank_transfer_(automatic),73.45,2661.1,0
4363,male,0,yes,yes,30,yes,yes,dsl,yes,yes,yes,yes,no,no,month_to_month,no,electronic_check,67.6,2000.2,0
4364,male,0,no,no,25,yes,yes,no,no_internet_service,no_internet_service,no_internet_service,no_internet_service,no_internet_service,no_internet_service,one_year,no,bank_transfer_(automatic),25.3,676.35,1
4365,female,0,yes,yes,72,yes,yes,fiber_optic,yes,yes,yes,yes,yes,yes,two_year,yes,bank_transfer_(automatic),115.8,8476.5,0
4366,female,0,yes,yes,24,yes,yes,fiber_optic,no,yes,yes,no,no,no,one_year,no,bank_transfer_(automatic),83.15,2033.05,0
4367,male,0,no,no,1,yes,no,no,no_internet_service,no_internet_service,no_internet_service,no_internet_service,no_internet_service,no_internet_service,month_to_month,no,mailed_check,20.25,20.25,1
4368,female,0,yes,no,62,yes,yes,fiber_optic,no,no,yes,no,yes,yes,month_to_month,yes,electronic_check,101.35,6164.7,0
4369,female,0,no,no,6,yes,no,no,no_internet_service,no_internet_service,no_internet_service,no_internet_service,no_internet_service,no_internet_service,month_to_month,yes,mailed_check,20.95,109.5,0
4370,female,0,yes,yes,49,yes,yes,fiber_optic,no,yes,yes,yes,yes,yes,two_year,yes,bank_transfer_(automatic),107.95,5293.2,1
4371,female,0,no,no,5,yes,no,fiber_optic,no,no,no,yes,no,yes,month_to_month,yes,credit_card_(automatic),85.4,425.9,1
4372,male,0,yes,yes,18,yes,no,fiber_optic,yes,no,yes,no,yes,no,month_to_month,yes,mailed_check,87.9,1500.5,0
4373,male,0,yes,yes,72,yes,yes,no,no_internet_service,no_internet_service,no_internet_service,no_internet_service,no_internet_service,no_internet_service,two_year,yes,credit_card_(automatic),25.1,1790.8,0
4374,female,1,no,no,71,yes,yes,fiber_optic,no,yes,no,no,yes,yes,month_to_month,yes,credit_card_(automatic),99.65,6951.15,0
4375,male,0,no,no,11,yes,no,dsl,no,yes,no,no,yes,no,one_year,yes,electronic_check,61.25,729.95,0
4376,male,0,no,no,2,yes,no,dsl,yes,yes,no,no,no,no,month_to_month,yes,mailed_check,53.85,108.15,1
4377,female,0,no,no,71,yes,yes,fiber_optic,yes,yes,yes,yes,yes,yes,two_year,no,mailed_check,111.3,7985.9,0
4378,male,0,no,yes,57,yes,yes,dsl,yes,yes,yes,yes,yes,yes,two_year,no,mailed_check,89.55,5012.35,0
4379,male,0,yes,yes,50,yes,yes,dsl,no,no,yes,no,no,no,one_year,no,bank_transfer_(automatic),54.9,2614.1,0
4380,female,0,yes,yes,7,yes,no,dsl,yes,yes,yes,no,yes,no,one_year,no,electronic_check,69.45,477.05,0
4381,male,0,yes,yes,68,yes,yes,fiber_optic,yes,yes,yes,yes,yes,yes,two_year,yes,electronic_check,113.15,7856.0,1
4382,female,0,yes,yes,16,no,no_phone_service,dsl,no,no,no,no,no,yes,month_to_month,yes,credit_card_(automatic),35.5,552.7,0
4383,male,0,no,no,26,yes,no,fiber_optic,no,yes,yes,no,yes,no,month_to_month,no,electronic_check,89.8,2335.3,1
4384,male,0,yes,no,15,yes,yes,fiber_optic,no,no,yes,no,yes,yes,month_to_month,yes,electronic_check,101.1,1504.05,1
4385,male,0,yes,yes,19,yes,no,no,no_internet_service,no_internet_service,no_internet_service,no_internet_service,no_internet_service,no_internet_service,one_year,no,mailed_check,19.8,344.5,0
4386,female,0,no,yes,12,yes,yes,fiber_optic,yes,no,no,no,no,no,month_to_month,yes,electronic_check,78.3,909.25,1
4387,female,0,yes,no,49,yes,no,no,no_internet_service,no_internet_service,no_internet_service,no_internet_service,no_internet_service,no_internet_service,one_year,no,bank_transfer_(automatic),20.45,900.9,0
4388,male,0,no,no,22,yes,yes,fiber_optic,no,no,no,no,yes,yes,month_to_month,yes,credit_card_(automatic),94.65,2104.55,1
4389,female,0,yes,no,68,no,no_phone_service,dsl,yes,no,yes,no,yes,yes,one_year,yes,electronic_check,54.4,3723.65,0
4390,female,0,no,yes,2,yes,no,no,no_internet_service,no_internet_service,no_internet_service,no_internet_service,no_internet_service,no_internet_service,one_year,no,bank_transfer_(automatic),20.5,38.25,0
4391,female,0,yes,yes,69,yes,yes,no,no_internet_service,no_internet_service,no_internet_service,no_internet_service,no_internet_service,no_internet_service,two_year,yes,bank_transfer_(automatic),25.6,1673.4,0
4392,male,0,yes,no,45,yes,yes,fiber_optic,yes,no,yes,no,no,no,month_to_month,yes,mailed_check,84.55,3713.95,0
4393,female,1,yes,no,61,yes,yes,fiber_optic,yes,yes,yes,yes,no,no,month_to_month,yes,credit_card_(automatic),94.2,5895.45,0
4394,female,1,no,no,31,yes,no,fiber_optic,yes,no,no,no,no,no,month_to_month,yes,credit_card_(automatic),73.55,2094.65,0
4395,male,0,yes,no,61,yes,yes,fiber_optic,no,yes,no,yes,yes,no,two_year,yes,electronic_check,94.1,5638.3,1
4396,female,0,no,no,1,yes,no,no,no_internet_service,no_internet_service,no_internet_service,no_internet_service,no_internet_service,no_internet_service,month_to_month,yes,bank_transfer_(automatic),19.25,19.25,0
4397,female,0,no,no,54,yes,yes,fiber_optic,no,yes,no,no,yes,yes,two_year,yes,bank_transfer_(automatic),97.2,5129.45,0
4398,female,0,yes,no,7,yes,no,dsl,yes,no,yes,yes,yes,yes,month_to_month,no,bank_transfer_(automatic),81.25,580.1,0
4399,female,0,yes,yes,71,yes,no,no,no_internet_service,no_internet_service,no_internet_service,no_internet_service,no_internet_service,no_internet_service,two_year,no,bank_transfer_(automatic),20.5,1500.95,0
4400,male,0,yes,yes,66,yes,no,no,no_internet_service,no_internet_service,no_internet_service,no_internet_service,no_internet_service,no_internet_service,two_year,no,credit_card_(automatic),20.0,1374.2,0
4401,female,0,yes,no,51,yes,yes,dsl,no,yes,no,yes,yes,yes,one_year,yes,credit_card_(automatic),78.65,3950.85,0
4402,female,0,yes,yes,70,yes,yes,no,no_internet_service,no_internet_service,no_internet_service,no_internet_service,no_internet_service,no_internet_service,two_year,no,bank_transfer_(automatic),24.7,1685.9,0
4403,male,0,yes,yes,57,yes,no,no,no_internet_service,no_internet_service,no_internet_service,no_internet_service,no_internet_service,no_internet_service,two_year,no,mailed_check,20.75,1123.15,0
4404,female,0,no,no,63,yes,yes,no,no_internet_service,no_internet_service,no_internet_service,no_internet_service,no_internet_service,no_internet_service,two_year,no,mailed_check,24.2,1618.2,0
4405,male,0,yes,yes,24,yes,yes,dsl,yes,no,no,yes,yes,yes,month_to_month,no,bank_transfer_(automatic),81.0,1923.85,0
4406,female,0,yes,no,66,yes,yes,fiber_optic,no,yes,yes,yes,no,no,one_year,yes,bank_transfer_(automatic),90.55,6130.95,0
4407,male,0,yes,yes,1,yes,no,fiber_optic,no,no,no,no,no,no,month_to_month,yes,mailed_check,70.65,70.65,1
4408,male,0,yes,yes,1,yes,no,no,no_internet_service,no_internet_service,no_internet_service,no_internet_service,no_internet_service,no_internet_service,one_year,no,credit_card_(automatic),19.85,19.85,0
4409,male,0,no,no,1,no,no_phone_service,dsl,no,no,no,no,no,no,month_to_month,yes,mailed_check,24.45,24.45,1
4410,male,0,yes,no,51,yes,yes,fiber_optic,yes,yes,no,no,no,yes,one_year,yes,credit_card_(automatic),96.4,4911.05,0
4411,male,1,yes,no,7,yes,yes,fiber_optic,no,no,no,no,no,no,month_to_month,yes,electronic_check,74.85,485.25,0
4412,female,0,no,no,33,yes,yes,no,no_internet_service,no_internet_service,no_internet_service,no_internet_service,no_internet_service,no_internet_service,two_year,no,credit_card_(automatic),25.7,826.1,0
4413,female,0,no,no,24,yes,yes,fiber_optic,yes,no,no,yes,no,no,month_to_month,yes,electronic_check,84.35,1938.05,0
4414,male,0,no,no,7,yes,no,fiber_optic,no,no,no,no,no,no,month_to_month,no,bank_transfer_(automatic),69.15,488.65,0
4415,male,0,no,no,7,yes,no,no,no_internet_service,no_internet_service,no_internet_service,no_internet_service,no_internet_service,no_internet_service,month_to_month,yes,mailed_check,18.95,130.55,0
4416,female,0,no,no,3,yes,no,no,no_internet_service,no_internet_service,no_internet_service,no_internet_service,no_internet_service,no_internet_service,month_to_month,no,mailed_check,18.8,56.0,0
4417,male,0,yes,yes,52,no,no_phone_service,dsl,no,yes,yes,yes,yes,no,two_year,no,mailed_check,50.2,2554.0,0
4418,female,0,yes,yes,41,yes,no,no,no_internet_service,no_internet_service,no_internet_service,no_internet_service,no_internet_service,no_internet_service,two_year,no,bank_transfer_(automatic),19.3,772.4,0
4419,male,0,no,no,2,yes,no,no,no_internet_service,no_internet_service,no_internet_service,no_internet_service,no_internet_service,no_internet_service,month_to_month,no,mailed_check,20.75,44.2,0
4420,female,0,yes,no,43,yes,yes,fiber_optic,no,yes,no,no,no,no,month_to_month,no,electronic_check,80.45,3398.9,0
4421,male,1,yes,no,44,yes,yes,fiber_optic,no,no,yes,no,yes,no,month_to_month,yes,electronic_check,89.2,4040.2,0
4422,male,0,yes,yes,34,yes,no,fiber_optic,no,no,yes,no,yes,no,month_to_month,yes,mailed_check,84.05,2909.95,0
4423,male,0,yes,yes,65,yes,no,no,no_internet_service,no_internet_service,no_internet_service,no_internet_service,no_internet_service,no_internet_service,two_year,no,mailed_check,19.9,1292.6,0
4424,female,0,yes,no,42,yes,yes,fiber_optic,no,no,yes,yes,no,no,month_to_month,yes,credit_card_(automatic),85.9,3729.75,0
4425,female,0,yes,yes,72,yes,yes,fiber_optic,yes,yes,yes,yes,yes,yes,two_year,yes,electronic_check,115.5,8425.15,0
4426,male,1,no,no,43,yes,no,fiber_optic,no,no,no,no,yes,yes,month_to_month,yes,mailed_check,89.55,3856.75,1
4427,female,0,no,no,2,yes,yes,fiber_optic,no,no,no,no,yes,yes,month_to_month,yes,electronic_check,96.0,174.8,1
4428,male,0,no,no,1,yes,no,no,no_internet_service,no_internet_service,no_internet_service,no_internet_service,no_internet_service,no_internet_service,month_to_month,no,mailed_check,19.65,19.65,0
4429,female,0,no,no,2,yes,no,dsl,yes,no,no,no,yes,yes,month_to_month,yes,electronic_check,70.75,146.9,1
4430,male,0,no,no,39,yes,yes,fiber_optic,no,yes,no,no,no,no,one_year,no,credit_card_(automatic),81.4,3213.75,0
4431,female,1,no,no,40,yes,yes,fiber_optic,no,no,yes,yes,yes,yes,one_year,yes,credit_card_(automatic),103.75,4188.4,0
4432,female,0,no,no,3,yes,yes,dsl,no,no,no,yes,yes,no,month_to_month,yes,electronic_check,63.6,155.65,1
4433,female,0,no,no,12,yes,no,no,no_internet_service,no_internet_service,no_internet_service,no_internet_service,no_internet_service,no_internet_service,month_to_month,no,bank_transfer_(automatic),19.45,227.45,0
4434,male,0,no,no,13,yes,no,no,no_internet_service,no_internet_service,no_internet_service,no_internet_service,no_internet_service,no_internet_service,two_year,no,credit_card_(automatic),20.0,268.45,0
4435,female,1,no,no,23,yes,no,fiber_optic,yes,no,no,no,no,no,month_to_month,yes,bank_transfer_(automatic),75.4,1643.55,0
4436,male,0,yes,yes,71,yes,yes,fiber_optic,no,yes,yes,no,yes,yes,two_year,yes,bank_transfer_(automatic),106.0,7723.7,1
4437,male,0,no,no,51,yes,no,no,no_internet_service,no_internet_service,no_internet_service,no_internet_service,no_internet_service,no_internet_service,one_year,no,electronic_check,19.1,1007.8,0
4438,male,0,no,no,1,yes,no,no,no_internet_service,no_internet_service,no_internet_service,no_internet_service,no_internet_service,no_internet_service,month_to_month,no,mailed_check,20.2,20.2,1
4439,female,0,yes,no,1,no,no_phone_service,dsl,no,no,no,no,no,no,month_to_month,yes,electronic_check,24.8,24.8,1
4440,female,1,no,no,22,yes,no,fiber_optic,yes,yes,no,no,no,no,month_to_month,no,electronic_check,81.7,1820.9,0
4441,male,0,no,no,1,yes,no,fiber_optic,no,no,no,no,no,yes,month_to_month,yes,electronic_check,79.25,79.25,1
4442,male,0,no,yes,21,yes,no,dsl,no,no,no,no,no,no,month_to_month,no,mailed_check,45.65,985.05,0
4443,male,1,no,no,5,yes,yes,fiber_optic,no,yes,no,no,no,yes,month_to_month,yes,electronic_check,89.8,502.6,1
4444,male,0,yes,yes,68,yes,no,dsl,no,no,yes,yes,yes,yes,two_year,yes,bank_transfer_(automatic),72.95,4953.25,0
4445,female,0,yes,no,56,yes,yes,fiber_optic,no,yes,no,no,yes,yes,one_year,yes,electronic_check,98.25,5508.35,1
4446,female,0,yes,no,1,yes,no,dsl,no,no,no,no,no,no,month_to_month,yes,electronic_check,45.0,45.0,0
4447,female,0,yes,yes,68,yes,yes,dsl,yes,yes,yes,yes,no,yes,one_year,yes,electronic_check,78.45,5333.35,0
4448,female,0,no,no,23,yes,yes,dsl,yes,no,no,no,no,no,month_to_month,no,electronic_check,54.4,1249.25,0
4449,female,0,no,no,2,yes,no,fiber_optic,yes,no,yes,no,no,no,month_to_month,yes,electronic_check,80.45,137.1,0
4450,female,1,no,no,1,no,no_phone_service,dsl,no,no,no,no,no,no,month_to_month,yes,mailed_check,25.7,25.7,1
4451,female,0,yes,yes,59,yes,no,dsl,no,yes,no,yes,yes,yes,two_year,yes,credit_card_(automatic),75.95,4542.35,0
4452,male,0,yes,yes,72,yes,yes,fiber_optic,yes,yes,yes,yes,no,yes,two_year,no,credit_card_(automatic),103.95,7517.7,0
4453,female,0,yes,no,72,yes,yes,no,no_internet_service,no_internet_service,no_internet_service,no_internet_service,no_internet_service,no_internet_service,two_year,no,credit_card_(automatic),24.85,1871.85,0
4454,female,0,no,no,52,yes,no,dsl,yes,no,no,no,no,no,month_to_month,yes,bank_transfer_(automatic),49.75,2535.55,0
4455,male,0,yes,yes,1,yes,no,fiber_optic,no,no,no,no,no,no,month_to_month,yes,credit_card_(automatic),69.95,69.95,0
4456,female,1,yes,no,3,yes,no,fiber_optic,no,no,no,yes,yes,no,month_to_month,yes,mailed_check,83.9,267.4,1
4457,male,0,no,no,20,yes,no,fiber_optic,no,no,no,no,no,no,month_to_month,no,credit_card_(automatic),70.55,1493.55,0
4458,male,0,no,no,16,yes,no,no,no_internet_service,no_internet_service,no_internet_service,no_internet_service,no_internet_service,no_internet_service,month_to_month,yes,credit_card_(automatic),20.6,330.25,0
4459,female,0,no,no,22,yes,yes,fiber_optic,no,no,no,no,yes,no,month_to_month,yes,bank_transfer_(automatic),84.15,1821.95,0
4460,male,0,yes,no,67,yes,yes,dsl,yes,yes,yes,yes,no,no,two_year,no,credit_card_(automatic),70.9,4677.1,0
4461,female,0,yes,no,26,yes,no,dsl,no,yes,yes,no,yes,yes,two_year,yes,credit_card_(automatic),73.5,1905.7,0
4462,female,0,yes,yes,37,yes,yes,fiber_optic,no,yes,no,no,yes,no,month_to_month,yes,electronic_check,88.8,3340.55,0
4463,female,0,yes,yes,1,yes,no,dsl,no,no,no,no,no,no,month_to_month,yes,bank_transfer_(automatic),44.35,44.35,1
4464,male,0,no,no,1,yes,no,dsl,no,no,no,no,no,no,month_to_month,no,mailed_check,44.4,44.4,1
4465,male,0,no,no,60,yes,no,dsl,yes,yes,yes,no,no,no,two_year,no,electronic_check,61.4,3638.25,0
4466,female,0,yes,yes,52,yes,no,fiber_optic,yes,no,yes,yes,no,no,month_to_month,yes,bank_transfer_(automatic),84.05,4326.8,0
4467,female,0,no,yes,10,yes,yes,dsl,yes,no,yes,yes,no,yes,one_year,no,credit_card_(automatic),73.55,693.3,0
4468,female,0,yes,yes,22,yes,yes,no,no_internet_service,no_internet_service,no_internet_service,no_internet_service,no_internet_service,no_internet_service,two_year,no,credit_card_(automatic),25.25,555.4,0
4469,female,0,yes,yes,9,yes,no,no,no_internet_service,no_internet_service,no_internet_service,no_internet_service,no_internet_service,no_internet_service,one_year,no,mailed_check,20.25,172.35,0
4470,female,0,yes,yes,32,yes,no,dsl,yes,yes,yes,yes,no,yes,month_to_month,no,bank_transfer_(automatic),76.3,2404.15,0
4471,female,0,yes,no,69,yes,yes,fiber_optic,no,yes,yes,no,no,no,month_to_month,yes,bank_transfer_(automatic),85.4,5869.4,0
4472,female,0,yes,yes,12,no,no_phone_service,dsl,no,yes,no,no,no,no,month_to_month,no,mailed_check,29.2,309.1,1
4473,male,0,no,no,42,yes,yes,fiber_optic,yes,yes,yes,no,no,yes,one_year,yes,electronic_check,99.0,4298.45,0
4474,male,0,yes,yes,20,yes,no,fiber_optic,no,no,no,no,yes,yes,month_to_month,yes,electronic_check,90.2,1776.55,1
4475,female,0,no,no,1,yes,no,fiber_optic,no,yes,no,no,no,no,month_to_month,no,electronic_check,74.35,74.35,0
4476,male,0,yes,no,5,yes,yes,fiber_optic,no,yes,no,no,no,no,month_to_month,yes,electronic_check,78.75,412.1,1
4477,male,0,yes,yes,11,yes,no,no,no_internet_service,no_internet_service,no_internet_service,no_internet_service,no_internet_service,no_internet_service,month_to_month,yes,electronic_check,20.45,250.8,0
4478,female,0,yes,yes,35,yes,no,fiber_optic,yes,no,yes,yes,yes,yes,month_to_month,yes,electronic_check,106.9,3756.45,0
4479,female,0,no,no,7,yes,no,no,no_internet_service,no_internet_service,no_internet_service,no_internet_service,no_internet_service,no_internet_service,one_year,no,mailed_check,20.25,129.15,0
4480,male,0,yes,no,67,yes,yes,fiber_optic,yes,yes,yes,no,yes,yes,one_year,no,credit_card_(automatic),109.9,7332.4,0
4481,female,0,no,no,10,yes,no,fiber_optic,no,no,no,no,no,yes,month_to_month,yes,bank_transfer_(automatic),80.25,846.0,1
4482,female,1,yes,no,72,yes,yes,fiber_optic,no,yes,yes,yes,yes,yes,two_year,yes,credit_card_(automatic),110.8,7882.25,0
4483,female,0,no,no,65,yes,no,dsl,yes,yes,yes,yes,yes,yes,two_year,yes,bank_transfer_(automatic),84.85,5459.2,0
4484,male,1,yes,no,33,yes,yes,fiber_optic,no,no,no,no,yes,yes,month_to_month,yes,electronic_check,94.5,3105.55,1
4485,female,0,yes,no,58,yes,yes,fiber_optic,no,no,yes,yes,yes,yes,month_to_month,yes,credit_card_(automatic),102.1,5885.4,1
4486,male,0,no,no,22,yes,yes,fiber_optic,yes,no,no,no,yes,yes,month_to_month,yes,electronic_check,100.75,2095.0,1
4487,female,0,no,no,50,yes,no,fiber_optic,no,yes,no,yes,yes,yes,two_year,yes,mailed_check,100.2,5038.45,0
4488,male,1,no,no,20,yes,no,fiber_optic,no,no,no,no,yes,yes,month_to_month,no,electronic_check,89.95,1648.45,0
4489,female,0,yes,yes,54,yes,yes,dsl,no,yes,yes,yes,yes,yes,month_to_month,yes,electronic_check,86.2,4524.05,0
4490,male,0,no,no,13,yes,yes,fiber_optic,no,no,no,yes,yes,yes,month_to_month,no,electronic_check,100.75,1313.25,0
4491,female,0,yes,no,28,yes,no,fiber_optic,no,yes,yes,no,no,yes,month_to_month,no,credit_card_(automatic),89.9,2433.5,0
4492,female,0,yes,yes,21,no,no_phone_service,dsl,yes,no,yes,no,yes,yes,one_year,yes,electronic_check,55.95,1157.05,1
4493,female,0,yes,yes,72,yes,yes,dsl,yes,yes,yes,yes,yes,yes,two_year,no,credit_card_(automatic),89.75,6595.9,0
4494,female,1,no,no,35,yes,yes,fiber_optic,yes,yes,yes,yes,yes,yes,one_year,yes,bank_transfer_(automatic),110.8,3836.3,0
4495,female,0,yes,no,42,yes,yes,dsl,yes,no,yes,yes,yes,yes,two_year,no,credit_card_(automatic),84.35,3571.6,0
4496,female,0,yes,yes,38,yes,no,no,no_internet_service,no_internet_service,no_internet_service,no_internet_service,no_internet_service,no_internet_service,two_year,yes,mailed_check,19.95,756.4,0
4497,female,0,yes,no,12,yes,no,dsl,no,yes,no,no,no,no,month_to_month,yes,electronic_check,51.25,612.1,0
4498,male,0,yes,yes,1,yes,no,no,no_internet_service,no_internet_service,no_internet_service,no_internet_service,no_internet_service,no_internet_service,one_year,no,mailed_check,20.4,20.4,0
4499,male,0,no,no,9,yes,yes,fiber_optic,no,yes,no,no,yes,yes,month_to_month,yes,credit_card_(automatic),99.3,918.75,0
4500,female,1,no,no,3,yes,no,fiber_optic,no,no,yes,no,no,no,month_to_month,no,mailed_check,75.05,202.9,0
4501,female,0,yes,no,71,yes,no,dsl,no,yes,yes,yes,yes,yes,two_year,yes,credit_card_(automatic),80.7,5705.05,0
4502,female,0,yes,yes,41,yes,no,no,no_internet_service,no_internet_service,no_internet_service,no_internet_service,no_internet_service,no_internet_service,two_year,no,bank_transfer_(automatic),19.7,804.25,0
4503,male,0,no,yes,1,yes,no,no,no_internet_service,no_internet_service,no_internet_service,no_internet_service,no_internet_service,no_internet_service,month_to_month,yes,mailed_check,19.45,19.45,1
4504,female,0,no,no,37,yes,yes,fiber_optic,yes,yes,yes,no,no,no,month_to_month,no,bank_transfer_(automatic),91.2,3382.3,0
4505,female,0,no,no,3,no,no_phone_service,dsl,no,no,no,no,yes,no,month_to_month,no,credit_card_(automatic),35.2,108.95,1
4506,female,0,no,no,5,yes,no,no,no_internet_service,no_internet_service,no_internet_service,no_internet_service,no_internet_service,no_internet_service,month_to_month,no,credit_card_(automatic),19.85,108.05,1
4507,male,1,no,no,8,yes,no,fiber_optic,yes,no,no,yes,yes,yes,month_to_month,no,credit_card_(automatic),100.3,832.35,1
4508,female,0,no,no,8,yes,no,dsl,no,no,no,no,no,no,month_to_month,no,mailed_check,44.45,369.3,0
4509,female,0,yes,yes,61,yes,yes,dsl,yes,yes,yes,yes,yes,yes,two_year,no,mailed_check,88.1,5526.75,0
4510,male,0,no,no,9,no,no_phone_service,dsl,yes,no,yes,yes,no,yes,one_year,no,mailed_check,50.8,463.6,0
4511,male,1,yes,no,34,yes,no,fiber_optic,no,no,no,no,no,no,month_to_month,no,credit_card_(automatic),71.55,2427.35,0
4512,female,0,yes,no,4,yes,no,no,no_internet_service,no_internet_service,no_internet_service,no_internet_service,no_internet_service,no_internet_service,one_year,no,bank_transfer_(automatic),20.5,79.05,0
4513,male,0,no,no,6,yes,no,no,no_internet_service,no_internet_service,no_internet_service,no_internet_service,no_internet_service,no_internet_service,month_to_month,no,mailed_check,18.95,110.15,0
4514,female,1,no,no,43,yes,no,fiber_optic,yes,yes,no,yes,yes,yes,month_to_month,yes,credit_card_(automatic),108.15,4600.7,1
4515,male,0,yes,yes,44,yes,no,dsl,no,yes,no,yes,no,no,month_to_month,yes,bank_transfer_(automatic),54.9,2549.1,0
4516,female,1,no,no,1,yes,yes,dsl,no,no,no,no,no,no,month_to_month,no,mailed_check,50.55,50.55,1
4517,male,0,yes,yes,72,yes,yes,dsl,yes,yes,yes,no,no,no,two_year,no,credit_card_(automatic),64.45,4720.0,0
4518,female,1,yes,yes,72,yes,yes,dsl,yes,yes,yes,yes,yes,yes,two_year,yes,credit_card_(automatic),89.55,6448.85,0
4519,male,0,yes,yes,61,yes,no,dsl,yes,yes,yes,yes,no,no,two_year,yes,bank_transfer_(automatic),68.05,4158.25,0
4520,male,0,no,no,6,yes,no,fiber_optic,no,yes,no,no,no,yes,month_to_month,yes,electronic_check,84.4,556.35,1
4521,female,0,yes,yes,66,yes,yes,dsl,yes,yes,yes,yes,yes,yes,two_year,no,credit_card_(automatic),89.9,5958.85,0
4522,female,0,yes,yes,58,yes,yes,no,no_internet_service,no_internet_service,no_internet_service,no_internet_service,no_internet_service,no_internet_service,two_year,no,credit_card_(automatic),25.15,1509.9,0
4523,female,0,no,no,31,yes,yes,fiber_optic,no,no,no,yes,no,no,month_to_month,yes,credit_card_(automatic),79.85,2404.15,1
4524,female,0,yes,no,34,yes,yes,dsl,yes,yes,no,yes,no,no,month_to_month,no,electronic_check,62.65,2274.9,1
4525,female,1,no,no,16,yes,yes,fiber_optic,no,no,no,no,yes,no,month_to_month,yes,electronic_check,84.75,1350.15,1
4526,male,0,no,no,5,yes,no,dsl,no,no,yes,no,yes,yes,one_year,yes,mailed_check,70.0,347.4,1
4527,male,0,yes,no,40,no,no_phone_service,dsl,yes,yes,yes,no,no,no,one_year,yes,electronic_check,42.35,1716.45,1
4528,female,0,no,no,27,yes,no,fiber_optic,no,no,yes,yes,no,yes,month_to_month,yes,electronic_check,89.2,2383.6,0
4529,male,0,no,no,39,yes,no,no,no_internet_service,no_internet_service,no_internet_service,no_internet_service,no_internet_service,no_internet_service,one_year,no,mailed_check,19.9,791.15,0
4530,male,0,no,no,1,yes,no,no,no_internet_service,no_internet_service,no_internet_service,no_internet_service,no_internet_service,no_internet_service,month_to_month,yes,mailed_check,19.9,19.9,0
4531,male,1,no,no,55,no,no_phone_service,dsl,yes,yes,no,no,yes,no,month_to_month,yes,electronic_check,44.85,2479.05,0
4532,male,0,yes,yes,2,yes,no,no,no_internet_service,no_internet_service,no_internet_service,no_internet_service,no_internet_service,no_internet_service,month_to_month,no,mailed_check,20.3,40.25,0
4533,female,0,no,no,66,yes,yes,no,no_internet_service,no_internet_service,no_internet_service,no_internet_service,no_internet_service,no_internet_service,two_year,yes,credit_card_(automatic),25.15,1683.6,0
4534,male,1,yes,no,51,yes,yes,fiber_optic,yes,no,yes,no,no,yes,one_year,yes,bank_transfer_(automatic),93.65,4839.15,0
4535,female,0,yes,no,49,yes,yes,dsl,yes,yes,yes,no,no,yes,one_year,no,electronic_check,71.8,3472.05,0
4536,male,1,yes,no,17,yes,yes,fiber_optic,no,no,no,no,yes,yes,month_to_month,yes,electronic_check,94.8,1563.9,0
4537,male,0,yes,yes,51,yes,no,dsl,yes,no,no,yes,yes,yes,one_year,yes,bank_transfer_(automatic),76.4,3966.3,0
4538,male,0,no,no,29,yes,no,dsl,no,no,yes,no,no,no,month_to_month,no,bank_transfer_(automatic),48.95,1323.7,0
4539,female,0,no,no,43,yes,no,dsl,no,yes,no,yes,no,no,one_year,no,electronic_check,55.45,2444.25,0
4540,female,0,no,no,1,yes,no,dsl,no,no,no,no,no,no,month_to_month,yes,credit_card_(automatic),44.55,44.55,0
4541,male,0,no,no,4,yes,no,fiber_optic,no,no,yes,no,no,no,month_to_month,yes,electronic_check,73.9,280.85,1
4542,female,0,yes,yes,9,yes,no,fiber_optic,no,no,no,yes,no,no,month_to_month,yes,electronic_check,75.85,647.5,0
4543,female,0,yes,yes,24,yes,yes,dsl,yes,yes,yes,no,no,no,two_year,no,electronic_check,64.35,1558.65,0
4544,male,0,yes,yes,18,yes,no,fiber_optic,no,no,yes,no,yes,yes,month_to_month,no,mailed_check,95.15,1779.95,1
4545,female,0,no,no,12,yes,yes,fiber_optic,yes,no,no,no,no,no,month_to_month,yes,electronic_check,78.95,927.35,1
4546,male,0,no,no,3,yes,yes,fiber_optic,no,no,no,no,no,no,month_to_month,no,mailed_check,75.0,209.1,1
4547,female,0,no,no,19,yes,yes,fiber_optic,yes,yes,no,no,no,yes,month_to_month,yes,electronic_check,95.15,1789.25,1
4548,female,1,yes,no,7,yes,yes,fiber_optic,no,no,no,no,no,yes,month_to_month,yes,electronic_check,84.55,646.85,1
4549,male,0,yes,yes,4,yes,no,dsl,no,no,no,yes,no,yes,month_to_month,no,credit_card_(automatic),61.45,229.55,1
4550,male,0,no,no,35,yes,yes,fiber_optic,yes,no,yes,yes,yes,yes,two_year,yes,electronic_check,108.95,4025.5,0
4551,male,0,no,no,3,yes,no,fiber_optic,no,yes,no,no,no,no,month_to_month,no,credit_card_(automatic),74.45,221.1,0
4552,male,0,yes,no,1,yes,no,fiber_optic,no,no,no,no,yes,yes,month_to_month,yes,electronic_check,90.75,90.75,1
4553,female,1,no,no,2,yes,no,fiber_optic,no,no,no,no,no,yes,month_to_month,yes,bank_transfer_(automatic),79.75,159.4,1
4554,male,0,yes,no,53,yes,yes,fiber_optic,yes,no,yes,no,no,yes,month_to_month,no,electronic_check,93.9,5029.2,1
4555,male,1,yes,no,21,yes,no,fiber_optic,no,no,yes,no,yes,no,month_to_month,no,bank_transfer_(automatic),86.55,1857.25,0
4556,male,0,no,no,1,yes,no,no,no_internet_service,no_internet_service,no_internet_service,no_internet_service,no_internet_service,no_internet_service,month_to_month,no,mailed_check,19.4,19.4,1
4557,male,0,no,no,64,yes,yes,fiber_optic,no,yes,yes,no,yes,yes,two_year,yes,bank_transfer_(automatic),104.4,6692.65,0
4558,female,0,yes,yes,72,yes,no,dsl,yes,yes,yes,yes,yes,yes,two_year,no,bank_transfer_(automatic),85.3,6129.2,0
4559,male,0,yes,yes,56,yes,no,fiber_optic,no,yes,yes,yes,no,no,one_year,yes,mailed_check,85.85,4793.8,0
4560,male,0,no,no,64,yes,no,no,no_internet_service,no_internet_service,no_internet_service,no_internet_service,no_internet_service,no_internet_service,two_year,no,mailed_check,19.55,1240.15,0
4561,female,0,no,no,56,no,no_phone_service,dsl,yes,yes,yes,yes,no,no,two_year,no,bank_transfer_(automatic),45.05,2560.1,0
4562,female,0,no,yes,4,yes,yes,fiber_optic,no,no,yes,yes,no,no,month_to_month,yes,mailed_check,87.1,341.45,1
4563,male,0,no,no,48,yes,yes,fiber_optic,yes,no,no,yes,no,yes,month_to_month,yes,electronic_check,95.4,4445.3,0
4564,female,0,yes,yes,57,yes,yes,dsl,yes,no,yes,yes,yes,yes,two_year,yes,electronic_check,84.5,4845.4,0
4565,female,0,yes,no,57,yes,no,no,no_internet_service,no_internet_service,no_internet_service,no_internet_service,no_internet_service,no_internet_service,two_year,no,bank_transfer_(automatic),19.9,1115.6,0
4566,female,0,no,no,34,yes,yes,dsl,yes,yes,no,yes,no,no,one_year,yes,mailed_check,64.4,2088.75,1
4567,female,0,no,yes,1,yes,no,fiber_optic,no,no,no,no,no,yes,month_to_month,no,electronic_check,78.65,78.65,1
4568,female,0,no,no,1,yes,no,fiber_optic,no,no,no,no,no,no,month_to_month,no,mailed_check,70.75,70.75,1
4569,female,0,no,yes,4,yes,no,no,no_internet_service,no_internet_service,no_internet_service,no_internet_service,no_internet_service,no_internet_service,one_year,yes,mailed_check,20.4,84.75,0
4570,male,0,yes,yes,39,yes,yes,no,no_internet_service,no_internet_service,no_internet_service,no_internet_service,no_internet_service,no_internet_service,two_year,no,mailed_check,25.2,987.95,0
4571,female,0,yes,yes,72,yes,yes,fiber_optic,yes,yes,yes,yes,yes,yes,two_year,yes,bank_transfer_(automatic),118.75,8672.45,0
4572,female,0,no,no,63,yes,yes,dsl,yes,yes,yes,yes,yes,no,two_year,yes,credit_card_(automatic),79.85,4861.45,0
4573,female,0,no,no,68,yes,no,no,no_internet_service,no_internet_service,no_internet_service,no_internet_service,no_internet_service,no_internet_service,two_year,no,credit_card_(automatic),19.6,1441.65,0
4574,male,0,no,no,6,yes,no,dsl,yes,no,yes,yes,yes,yes,month_to_month,no,credit_card_(automatic),78.65,483.3,0
4575,female,1,yes,yes,28,no,no_phone_service,dsl,no,yes,no,no,no,yes,one_year,yes,electronic_check,39.1,1096.6,0
4576,male,0,no,yes,1,no,no_phone_service,dsl,no,no,no,no,no,no,month_to_month,no,electronic_check,24.75,24.75,1
4577,male,0,no,no,1,yes,no,no,no_internet_service,no_internet_service,no_internet_service,no_internet_service,no_internet_service,no_internet_service,month_to_month,no,mailed_check,19.65,19.65,1
4578,male,0,no,yes,7,yes,no,no,no_internet_service,no_internet_service,no_internet_service,no_internet_service,no_internet_service,no_internet_service,one_year,no,mailed_check,19.45,136.75,0
4579,female,0,no,no,39,yes,no,dsl,no,yes,no,no,yes,no,one_year,yes,credit_card_(automatic),58.6,2224.5,0
4580,female,0,no,no,1,yes,no,no,no_internet_service,no_internet_service,no_internet_service,no_internet_service,no_internet_service,no_internet_service,month_to_month,no,electronic_check,19.75,19.75,0
4581,female,0,yes,no,1,yes,no,dsl,yes,yes,no,no,no,no,month_to_month,yes,mailed_check,53.55,53.55,0
4582,female,0,yes,no,67,yes,yes,dsl,no,yes,yes,yes,yes,yes,two_year,no,bank_transfer_(automatic),86.15,5883.85,0
4583,female,1,yes,no,67,yes,yes,fiber_optic,yes,no,yes,no,yes,yes,one_year,yes,credit_card_(automatic),107.05,7142.5,0
4584,male,0,no,yes,5,yes,no,dsl,no,no,no,yes,no,no,month_to_month,yes,bank_transfer_(automatic),48.65,235.2,0
4585,female,0,yes,no,9,yes,no,dsl,no,yes,no,no,no,no,month_to_month,no,mailed_check,50.85,466.6,0
4586,male,0,yes,yes,12,yes,no,no,no_internet_service,no_internet_service,no_internet_service,no_internet_service,no_internet_service,no_internet_service,two_year,no,mailed_check,19.7,258.35,0
4587,female,0,no,no,18,yes,yes,fiber_optic,no,no,no,yes,no,yes,month_to_month,yes,electronic_check,90.1,1612.75,1
4588,female,0,yes,yes,19,yes,yes,no,no_internet_service,no_internet_service,no_internet_service,no_internet_service,no_internet_service,no_internet_service,two_year,no,mailed_check,25.6,485.9,0
4589,male,0,no,no,17,yes,no,dsl,yes,yes,no,no,no,no,one_year,no,mailed_check,56.1,946.95,0
4590,female,0,yes,yes,2,no,no_phone_service,dsl,no,yes,no,no,no,no,month_to_month,yes,mailed_check,30.25,63.75,0
4591,female,0,yes,yes,3,yes,no,fiber_optic,no,no,no,no,no,no,month_to_month,yes,electronic_check,69.55,200.2,0
4592,male,0,no,no,7,yes,no,fiber_optic,yes,no,no,no,no,no,month_to_month,no,mailed_check,74.35,533.6,0
4593,male,0,yes,yes,70,yes,yes,no,no_internet_service,no_internet_service,no_internet_service,no_internet_service,no_internet_service,no_internet_service,two_year,no,mailed_check,25.4,1782.05,0
4594,male,0,yes,no,54,yes,yes,fiber_optic,yes,yes,yes,no,yes,yes,month_to_month,no,electronic_check,109.55,6118.95,0
4595,female,0,yes,yes,13,yes,no,no,no_internet_service,no_internet_service,no_internet_service,no_internet_service,no_internet_service,no_internet_service,month_to_month,yes,mailed_check,20.45,254.5,0
4596,male,1,yes,no,13,yes,no,fiber_optic,no,no,no,no,no,no,month_to_month,no,bank_transfer_(automatic),70.45,849.1,0
4597,male,0,no,no,23,yes,no,dsl,no,no,no,no,yes,yes,one_year,yes,bank_transfer_(automatic),64.9,1509.8,0
4598,male,0,yes,yes,12,no,no_phone_service,dsl,no,yes,no,yes,no,no,month_to_month,no,mailed_check,35.5,432.25,0
4599,female,0,yes,no,23,yes,no,dsl,yes,no,yes,yes,no,yes,one_year,yes,bank_transfer_(automatic),68.75,1689.45,0
4600,female,0,no,no,3,yes,yes,fiber_optic,no,no,no,no,no,no,month_to_month,no,bank_transfer_(automatic),74.4,215.8,1
4601,male,0,yes,no,13,yes,yes,fiber_optic,no,no,yes,no,yes,yes,month_to_month,yes,credit_card_(automatic),102.25,1359.0,1
4602,female,1,yes,no,71,yes,no,fiber_optic,yes,yes,yes,yes,yes,yes,two_year,yes,bank_transfer_(automatic),109.7,7904.25,0
4603,female,1,yes,no,68,yes,yes,fiber_optic,no,yes,no,no,no,yes,month_to_month,yes,bank_transfer_(automatic),89.6,6127.6,1
4604,male,0,yes,no,52,no,no_phone_service,dsl,yes,no,no,no,no,yes,month_to_month,yes,electronic_check,39.9,2020.9,0
4605,female,0,no,no,9,yes,yes,fiber_optic,no,no,no,no,no,yes,month_to_month,yes,electronic_check,83.3,803.3,1
4606,male,0,no,no,14,yes,no,no,no_internet_service,no_internet_service,no_internet_service,no_internet_service,no_internet_service,no_internet_service,one_year,no,mailed_check,19.35,324.8,0
4607,male,0,no,no,34,yes,yes,fiber_optic,no,yes,no,yes,yes,yes,month_to_month,yes,electronic_check,105.35,3540.65,0
4608,male,0,yes,yes,33,yes,no,no,no_internet_service,no_internet_service,no_internet_service,no_internet_service,no_internet_service,no_internet_service,one_year,yes,bank_transfer_(automatic),19.45,600.25,0
4609,female,0,no,no,13,no,no_phone_service,dsl,yes,no,no,no,no,no,month_to_month,yes,bank_transfer_(automatic),30.85,394.1,0
4610,female,0,yes,yes,72,yes,no,dsl,yes,yes,yes,no,yes,no,two_year,yes,credit_card_(automatic),70.65,5011.15,0
4611,female,1,yes,no,11,yes,no,fiber_optic,no,no,no,yes,yes,no,month_to_month,yes,electronic_check,82.9,880.05,0
4612,female,1,no,no,2,yes,no,fiber_optic,no,no,no,no,yes,no,month_to_month,no,mailed_check,81.5,162.55,0
4613,female,0,no,no,1,no,no_phone_service,dsl,no,no,no,no,no,no,one_year,no,mailed_check,25.85,25.85,0
4614,female,0,yes,yes,41,no,no_phone_service,dsl,yes,no,yes,no,no,no,one_year,no,credit_card_(automatic),35.4,1412.4,0
4615,male,0,no,no,35,yes,no,fiber_optic,no,yes,yes,no,yes,yes,one_year,yes,bank_transfer_(automatic),102.35,3626.1,1
4616,male,0,no,no,37,yes,yes,fiber_optic,no,no,no,yes,yes,yes,month_to_month,no,bank_transfer_(automatic),98.8,3475.55,1
4617,female,0,no,no,47,yes,yes,dsl,yes,yes,no,yes,no,yes,two_year,no,mailed_check,74.05,3496.3,0
4618,female,0,no,no,17,yes,no,fiber_optic,no,no,no,no,no,no,month_to_month,yes,electronic_check,70.0,1144.5,1
4619,male,0,yes,yes,64,yes,yes,no,no_internet_service,no_internet_service,no_internet_service,no_internet_service,no_internet_service,no_internet_service,two_year,yes,mailed_check,24.8,1514.85,0
4620,female,1,no,no,36,yes,yes,fiber_optic,no,no,no,no,no,no,month_to_month,yes,bank_transfer_(automatic),74.9,2659.45,0
4621,male,0,no,no,1,yes,no,no,no_internet_service,no_internet_service,no_internet_service,no_internet_service,no_internet_service,no_internet_service,month_to_month,yes,credit_card_(automatic),19.75,19.75,0
4622,female,0,yes,yes,53,yes,no,fiber_optic,no,yes,yes,yes,yes,yes,month_to_month,yes,bank_transfer_(automatic),108.25,5935.1,0
4623,female,0,no,yes,43,yes,no,fiber_optic,yes,yes,no,yes,yes,yes,one_year,yes,credit_card_(automatic),106.0,4532.3,0
4624,female,0,yes,yes,68,yes,yes,dsl,yes,yes,yes,yes,yes,yes,two_year,no,credit_card_(automatic),88.0,6161.9,0
4625,female,0,no,no,32,yes,yes,fiber_optic,yes,no,yes,yes,yes,yes,one_year,yes,bank_transfer_(automatic),109.55,3608.0,0
4626,male,0,no,no,4,yes,no,fiber_optic,no,no,no,no,yes,no,month_to_month,yes,electronic_check,81.0,340.85,1
4627,female,0,no,yes,16,yes,yes,fiber_optic,no,no,no,yes,no,no,one_year,yes,credit_card_(automatic),79.5,1264.2,0
4628,female,1,no,no,15,yes,yes,dsl,no,no,no,yes,no,no,month_to_month,no,credit_card_(automatic),55.0,757.1,1
4629,female,0,no,no,5,yes,no,no,no_internet_service,no_internet_service,no_internet_service,no_internet_service,no_internet_service,no_internet_service,month_to_month,yes,mailed_check,20.5,104.3,0
4630,male,0,no,yes,68,yes,yes,dsl,yes,yes,no,yes,yes,yes,two_year,yes,bank_transfer_(automatic),86.5,5882.75,0
4631,female,1,yes,no,46,yes,yes,fiber_optic,no,no,no,yes,yes,yes,one_year,no,electronic_check,100.25,4753.85,0
4632,male,0,no,no,67,yes,no,no,no_internet_service,no_internet_service,no_internet_service,no_internet_service,no_internet_service,no_internet_service,two_year,no,bank_transfer_(automatic),19.95,1311.75,0
4633,male,0,yes,yes,70,yes,no,fiber_optic,no,yes,yes,yes,yes,yes,one_year,yes,electronic_check,106.15,7475.1,0
4634,female,0,yes,yes,37,yes,yes,fiber_optic,no,yes,yes,no,no,yes,month_to_month,yes,electronic_check,95.15,3532.85,0
4635,female,1,no,no,2,yes,yes,fiber_optic,no,no,no,no,no,no,month_to_month,yes,mailed_check,75.45,158.4,1
4636,male,0,yes,yes,59,yes,no,no,no_internet_service,no_internet_service,no_internet_service,no_internet_service,no_internet_service,no_internet_service,two_year,no,mailed_check,19.85,1188.25,0
4637,female,0,yes,yes,70,yes,no,dsl,yes,yes,yes,yes,no,yes,one_year,no,credit_card_(automatic),74.1,5222.3,0
4638,female,1,no,no,4,yes,no,fiber_optic,no,yes,no,no,no,no,month_to_month,no,electronic_check,72.75,317.75,0
4639,male,1,no,no,1,yes,no,fiber_optic,no,no,no,no,no,no,month_to_month,yes,electronic_check,71.65,71.65,1
4640,male,0,yes,yes,7,yes,no,no,no_internet_service,no_internet_service,no_internet_service,no_internet_service,no_internet_service,no_internet_service,one_year,no,mailed_check,20.65,150.0,0
4641,male,0,no,no,6,yes,no,no,no_internet_service,no_internet_service,no_internet_service,no_internet_service,no_internet_service,no_internet_service,month_to_month,no,bank_transfer_(automatic),20.15,130.5,0
4642,female,0,yes,no,57,no,no_phone_service,dsl,yes,no,yes,yes,no,yes,month_to_month,yes,bank_transfer_(automatic),49.9,2782.4,0
4643,male,0,no,no,45,yes,yes,fiber_optic,yes,no,yes,yes,yes,yes,month_to_month,yes,credit_card_(automatic),108.45,4964.7,0
4644,female,0,no,no,70,yes,yes,fiber_optic,yes,yes,yes,yes,yes,yes,one_year,no,credit_card_(automatic),115.55,8127.6,1
4645,female,1,yes,yes,28,no,no_phone_service,dsl,no,no,no,no,yes,no,month_to_month,yes,electronic_check,35.9,973.65,0
4646,female,0,no,no,20,no,no_phone_service,dsl,no,no,no,no,no,no,month_to_month,no,credit_card_(automatic),24.9,505.95,0
4647,male,1,no,no,30,yes,yes,dsl,no,no,yes,yes,yes,no,two_year,yes,credit_card_(automatic),69.1,2093.9,0
4648,male,0,yes,no,27,yes,no,dsl,no,yes,no,yes,no,no,month_to_month,yes,electronic_check,53.8,1389.85,0
4649,female,1,no,no,56,yes,yes,fiber_optic,no,yes,yes,yes,yes,yes,one_year,yes,electronic_check,111.95,6418.9,1
4650,male,1,yes,yes,68,yes,yes,fiber_optic,no,yes,yes,no,no,no,month_to_month,yes,electronic_check,84.65,5683.6,0
4651,female,0,no,no,22,yes,no,no,no_internet_service,no_internet_service,no_internet_service,no_internet_service,no_internet_service,no_internet_service,month_to_month,yes,mailed_check,20.05,470.2,0
4652,female,0,no,yes,15,yes,no,fiber_optic,no,no,no,no,no,no,month_to_month,no,bank_transfer_(automatic),69.0,994.8,1
4653,female,0,yes,no,72,yes,yes,no,no_internet_service,no_internet_service,no_internet_service,no_internet_service,no_internet_service,no_internet_service,two_year,no,electronic_check,24.55,1750.7,0
4654,male,1,yes,no,43,yes,yes,fiber_optic,no,yes,no,yes,yes,no,month_to_month,yes,electronic_check,94.3,3953.15,0
4655,male,1,yes,yes,58,yes,yes,fiber_optic,yes,yes,no,yes,no,no,one_year,yes,bank_transfer_(automatic),89.85,5125.75,0
4656,female,0,yes,yes,3,no,no_phone_service,dsl,no,no,no,yes,no,no,month_to_month,yes,mailed_check,31.0,95.05,1
4657,female,0,no,no,28,yes,yes,dsl,yes,no,yes,no,no,no,one_year,no,mailed_check,59.0,1654.45,0
4658,female,0,yes,yes,10,yes,yes,fiber_optic,yes,no,no,no,yes,yes,month_to_month,yes,electronic_check,100.25,1064.65,1
4659,female,0,no,no,1,yes,no,fiber_optic,no,no,no,no,no,no,month_to_month,yes,electronic_check,70.25,70.25,1
4660,female,0,no,no,24,yes,no,no,no_internet_service,no_internet_service,no_internet_service,no_internet_service,no_internet_service,no_internet_service,one_year,no,credit_card_(automatic),20.45,527.35,0
4661,male,1,no,no,26,yes,no,no,no_internet_service,no_internet_service,no_internet_service,no_internet_service,no_internet_service,no_internet_service,one_year,no,credit_card_(automatic),19.3,504.2,0
4662,female,1,no,no,8,yes,no,fiber_optic,no,no,yes,no,yes,yes,month_to_month,yes,electronic_check,92.1,729.95,1
4663,male,1,yes,no,64,yes,yes,fiber_optic,no,no,yes,yes,yes,yes,two_year,no,electronic_check,102.1,6538.45,0
4664,male,0,yes,yes,20,yes,no,dsl,no,no,yes,no,no,no,month_to_month,yes,electronic_check,49.6,939.8,0
4665,female,0,no,no,4,yes,yes,no,no_internet_service,no_internet_service,no_internet_service,no_internet_service,no_internet_service,no_internet_service,one_year,no,electronic_check,23.9,97.5,0
4666,male,0,no,no,18,yes,no,no,no_internet_service,no_internet_service,no_internet_service,no_internet_service,no_internet_service,no_internet_service,one_year,no,mailed_check,19.65,411.25,0
4667,male,0,yes,yes,46,yes,no,dsl,yes,no,yes,yes,yes,yes,two_year,no,mailed_check,81.0,3846.35,0
4668,male,0,yes,no,1,no,no_phone_service,dsl,no,no,no,no,no,no,month_to_month,yes,electronic_check,23.45,23.45,1
4669,male,0,no,yes,43,no,no_phone_service,dsl,yes,yes,yes,no,no,no,month_to_month,yes,electronic_check,40.45,1912.85,0
4670,female,0,no,no,62,yes,no,dsl,yes,no,no,yes,no,yes,two_year,yes,mailed_check,65.1,3846.75,0
4671,male,0,no,no,40,no,no_phone_service,dsl,no,yes,no,yes,no,no,one_year,no,credit_card_(automatic),36.0,1382.9,0
4672,male,0,no,no,10,yes,yes,fiber_optic,no,yes,yes,no,no,yes,month_to_month,yes,electronic_check,95.25,1021.55,0
4673,female,0,yes,no,59,yes,yes,fiber_optic,yes,yes,yes,yes,no,yes,one_year,yes,credit_card_(automatic),107.0,6152.3,0
4674,male,0,no,yes,13,yes,no,dsl,no,no,no,no,no,no,month_to_month,no,mailed_check,44.0,659.35,0
4675,female,0,yes,no,44,yes,no,dsl,yes,yes,yes,no,no,no,one_year,yes,mailed_check,61.5,2722.2,0
4676,female,1,no,no,55,yes,yes,fiber_optic,no,no,yes,no,yes,yes,one_year,yes,electronic_check,100.15,5409.75,0
4677,male,1,yes,no,52,yes,yes,fiber_optic,yes,no,yes,no,yes,yes,month_to_month,yes,electronic_check,104.2,5568.35,1
4678,female,1,yes,no,53,yes,no,fiber_optic,no,yes,yes,yes,yes,no,one_year,yes,electronic_check,94.0,4871.45,0
4679,female,1,no,no,66,yes,yes,fiber_optic,no,yes,yes,no,yes,yes,one_year,no,bank_transfer_(automatic),108.1,7238.6,0
4680,male,0,yes,yes,65,yes,yes,no,no_internet_service,no_internet_service,no_internet_service,no_internet_service,no_internet_service,no_internet_service,two_year,no,credit_card_(automatic),24.75,1715.1,0
4681,female,0,yes,no,49,yes,no,no,no_internet_service,no_internet_service,no_internet_service,no_internet_service,no_internet_service,no_internet_service,two_year,yes,bank_transfer_(automatic),20.15,973.35,0
4682,male,1,no,yes,1,yes,no,dsl,no,no,yes,no,no,no,month_to_month,yes,mailed_check,50.15,50.15,1
4683,male,0,no,no,2,yes,no,dsl,no,no,no,no,no,no,month_to_month,yes,bank_transfer_(automatic),46.6,87.9,0
4684,male,0,no,yes,60,yes,no,no,no_internet_service,no_internet_service,no_internet_service,no_internet_service,no_internet_service,no_internet_service,two_year,no,mailed_check,19.95,1189.9,0
4685,female,0,no,no,28,yes,no,dsl,yes,yes,no,no,no,no,month_to_month,no,electronic_check,56.05,1522.65,0
4686,male,1,yes,no,63,yes,yes,fiber_optic,yes,yes,yes,no,yes,yes,two_year,no,credit_card_(automatic),108.5,6991.9,0
4687,male,0,no,yes,6,yes,no,no,no_internet_service,no_internet_service,no_internet_service,no_internet_service,no_internet_service,no_internet_service,month_to_month,no,mailed_check,19.55,128.6,0
4688,male,0,yes,yes,67,yes,yes,fiber_optic,yes,yes,yes,no,yes,yes,one_year,yes,electronic_check,111.3,7482.1,1
4689,female,1,yes,no,5,yes,yes,fiber_optic,no,no,no,no,no,no,month_to_month,yes,electronic_check,74.35,334.8,1
4690,male,1,no,no,51,yes,yes,fiber_optic,no,yes,no,no,no,no,one_year,yes,bank_transfer_(automatic),79.6,3974.7,0
4691,male,0,yes,yes,25,yes,no,fiber_optic,no,yes,no,no,no,no,month_to_month,yes,electronic_check,75.5,1901.05,0
4692,male,0,no,no,33,no,no_phone_service,dsl,no,yes,no,no,yes,no,one_year,yes,electronic_check,39.1,1309.0,0
4693,female,0,yes,yes,59,yes,no,no,no_internet_service,no_internet_service,no_internet_service,no_internet_service,no_internet_service,no_internet_service,two_year,no,credit_card_(automatic),19.5,1222.65,0
4694,female,0,no,no,2,yes,no,no,no_internet_service,no_internet_service,no_internet_service,no_internet_service,no_internet_service,no_internet_service,month_to_month,no,bank_transfer_(automatic),18.75,53.15,0
4695,male,0,no,no,1,yes,no,fiber_optic,no,no,no,no,no,no,month_to_month,no,electronic_check,69.95,69.95,1
4696,male,0,no,no,16,yes,yes,fiber_optic,no,yes,no,no,no,no,month_to_month,yes,mailed_check,80.55,1248.9,0
4697,male,0,yes,no,11,yes,yes,fiber_optic,no,yes,no,no,no,no,month_to_month,yes,bank_transfer_(automatic),80.5,896.9,1
4698,male,0,no,yes,71,yes,yes,fiber_optic,yes,yes,no,no,no,no,one_year,yes,credit_card_(automatic),85.45,6028.95,0
4699,male,0,no,no,2,yes,no,fiber_optic,no,no,no,no,no,yes,month_to_month,yes,electronic_check,80.2,181.1,1
4700,male,0,no,yes,10,yes,no,no,no_internet_service,no_internet_service,no_internet_service,no_internet_service,no_internet_service,no_internet_service,one_year,yes,bank_transfer_(automatic),19.95,219.5,0
4701,male,0,no,yes,1,yes,no,no,no_internet_service,no_internet_service,no_internet_service,no_internet_service,no_internet_service,no_internet_service,month_to_month,yes,mailed_check,19.3,19.3,0
4702,female,0,yes,no,54,yes,yes,dsl,no,no,no,no,yes,yes,one_year,yes,credit_card_(automatic),70.15,3715.65,1
4703,female,0,no,no,21,yes,no,dsl,yes,yes,no,yes,yes,no,two_year,no,credit_card_(automatic),71.05,1524.85,0
4704,female,0,no,no,3,yes,no,dsl,no,no,no,no,yes,no,month_to_month,yes,electronic_check,54.2,140.4,0
4705,female,0,yes,yes,68,yes,yes,fiber_optic,no,yes,yes,no,no,no,two_year,yes,credit_card_(automatic),84.4,5746.75,0
4706,male,0,yes,yes,63,yes,yes,no,no_internet_service,no_internet_service,no_internet_service,no_internet_service,no_internet_service,no_internet_service,two_year,no,mailed_check,25.25,1573.05,0
4707,male,0,no,no,25,yes,no,fiber_optic,no,no,yes,yes,yes,yes,two_year,no,bank_transfer_(automatic),99.3,2513.5,0
4708,male,0,no,no,4,yes,no,dsl,no,yes,no,yes,yes,no,month_to_month,yes,bank_transfer_(automatic),63.75,226.2,0
4709,female,0,no,no,35,yes,no,fiber_optic,no,no,yes,yes,yes,yes,one_year,yes,electronic_check,99.25,3532.0,0
4710,female,0,yes,yes,70,yes,yes,fiber_optic,yes,yes,yes,yes,yes,yes,two_year,yes,credit_card_(automatic),115.15,8250.0,0
4711,female,0,no,no,29,no,no_phone_service,dsl,no,yes,no,no,no,no,month_to_month,yes,electronic_check,30.6,856.35,1
4712,female,0,yes,yes,15,yes,no,no,no_internet_service,no_internet_service,no_internet_service,no_internet_service,no_internet_service,no_internet_service,month_to_month,no,mailed_check,19.8,272.95,0
4713,male,0,yes,yes,71,yes,yes,dsl,yes,yes,yes,yes,yes,yes,two_year,no,electronic_check,90.35,6325.25,0
4714,female,0,yes,yes,33,yes,yes,no,no_internet_service,no_internet_service,no_internet_service,no_internet_service,no_internet_service,no_internet_service,one_year,no,credit_card_(automatic),24.15,800.3,0
4715,male,1,no,no,2,yes,no,dsl,no,no,no,no,no,no,month_to_month,yes,electronic_check,44.15,92.65,1
4716,female,0,no,yes,1,yes,no,dsl,yes,no,no,no,no,no,month_to_month,no,mailed_check,49.9,49.9,0
4717,male,0,yes,no,72,yes,yes,no,no_internet_service,no_internet_service,no_internet_service,no_internet_service,no_internet_service,no_internet_service,two_year,yes,bank_transfer_(automatic),23.55,1723.95,0
4718,male,0,yes,yes,38,yes,yes,fiber_optic,no,yes,yes,no,yes,no,month_to_month,yes,electronic_check,94.65,3624.3,1
4719,female,0,yes,yes,11,yes,no,no,no_internet_service,no_internet_service,no_internet_service,no_internet_service,no_internet_service,no_internet_service,one_year,no,mailed_check,20.6,233.9,0
4720,male,0,no,no,27,yes,no,no,no_internet_service,no_internet_service,no_internet_service,no_internet_service,no_internet_service,no_internet_service,two_year,no,credit_card_(automatic),20.35,531.6,0
4721,female,0,no,no,41,yes,yes,dsl,no,no,yes,yes,no,yes,one_year,yes,electronic_check,68.6,2877.05,0
4722,male,0,no,yes,40,yes,no,no,no_internet_service,no_internet_service,no_internet_service,no_internet_service,no_internet_service,no_internet_service,one_year,yes,bank_transfer_(automatic),20.4,854.9,0
4723,female,0,yes,yes,6,yes,no,dsl,yes,yes,no,no,no,no,month_to_month,no,credit_card_(automatic),55.9,365.35,1
4724,female,0,yes,no,71,yes,yes,no,no_internet_service,no_internet_service,no_internet_service,no_internet_service,no_internet_service,no_internet_service,two_year,yes,bank_transfer_(automatic),24.65,1710.15,0
4725,female,0,no,no,65,yes,yes,no,no_internet_service,no_internet_service,no_internet_service,no_internet_service,no_internet_service,no_internet_service,two_year,no,bank_transfer_(automatic),26.5,1698.55,0
4726,female,0,yes,yes,62,yes,no,dsl,yes,no,yes,yes,yes,no,one_year,yes,bank_transfer_(automatic),70.75,4263.45,0
4727,male,0,yes,no,9,yes,no,dsl,no,no,yes,no,yes,yes,month_to_month,yes,mailed_check,70.05,564.4,0
4728,male,0,no,no,54,no,no_phone_service,dsl,yes,no,no,yes,yes,no,two_year,no,credit_card_(automatic),45.2,2460.55,0
4729,female,0,yes,yes,10,yes,no,dsl,no,no,yes,yes,no,no,month_to_month,no,credit_card_(automatic),55.2,528.35,1
4730,male,0,no,no,59,yes,no,dsl,no,no,yes,no,no,yes,one_year,yes,bank_transfer_(automatic),61.35,3645.5,0
4731,male,0,no,no,12,yes,no,dsl,no,yes,no,yes,no,no,month_to_month,yes,mailed_check,53.75,648.65,0
4732,male,0,no,no,3,yes,no,dsl,yes,no,yes,no,yes,yes,month_to_month,yes,electronic_check,77.4,206.15,0
4733,male,0,no,no,61,yes,yes,fiber_optic,yes,no,yes,no,yes,yes,one_year,no,electronic_check,104.0,6363.45,0
4734,female,0,no,yes,21,yes,no,dsl,yes,no,yes,no,no,yes,one_year,no,mailed_check,64.85,1336.8,0
4735,male,0,yes,yes,26,yes,yes,fiber_optic,no,no,no,no,yes,no,month_to_month,yes,electronic_check,83.75,2070.6,1
4736,male,0,no,no,5,yes,no,no,no_internet_service,no_internet_service,no_internet_service,no_internet_service,no_internet_service,no_internet_service,month_to_month,no,mailed_check,21.05,113.85,1
4737,female,0,yes,yes,17,yes,no,fiber_optic,yes,no,no,yes,yes,no,month_to_month,no,electronic_check,91.85,1574.45,1
4738,male,0,no,no,12,yes,no,dsl,yes,no,no,yes,no,no,month_to_month,no,mailed_check,56.65,654.85,1
4739,female,1,yes,no,32,yes,yes,fiber_optic,no,no,no,no,yes,no,month_to_month,yes,credit_card_(automatic),85.95,2628.6,1
4740,male,0,no,no,67,yes,yes,fiber_optic,yes,yes,yes,yes,yes,yes,one_year,yes,bank_transfer_(automatic),118.35,7804.15,1
4741,female,0,no,no,14,yes,no,dsl,no,yes,no,no,no,no,one_year,no,credit_card_(automatic),51.45,727.85,0
4742,female,0,yes,yes,23,yes,no,fiber_optic,yes,yes,no,yes,no,no,month_to_month,no,mailed_check,84.4,1936.85,0
4743,male,0,yes,no,14,yes,no,dsl,no,no,no,yes,no,no,month_to_month,no,bank_transfer_(automatic),48.8,664.4,0
4744,female,0,no,no,68,no,no_phone_service,dsl,no,yes,no,yes,no,yes,month_to_month,no,electronic_check,44.95,3085.35,0
4745,male,0,yes,yes,72,yes,no,fiber_optic,yes,yes,no,yes,yes,yes,two_year,no,bank_transfer_(automatic),105.5,7611.55,0
4746,female,0,yes,yes,72,yes,yes,fiber_optic,yes,yes,yes,yes,yes,yes,two_year,yes,bank_transfer_(automatic),115.6,8220.4,0
4747,female,0,yes,no,60,no,no_phone_service,dsl,yes,yes,no,yes,no,no,two_year,no,bank_transfer_(automatic),37.7,2288.7,0
4748,female,0,yes,no,68,yes,yes,fiber_optic,no,no,yes,no,yes,no,two_year,yes,bank_transfer_(automatic),89.95,5974.3,0
4749,female,1,yes,no,12,yes,no,dsl,yes,no,yes,yes,yes,yes,one_year,yes,electronic_check,79.2,943.85,0
4750,female,0,yes,yes,15,yes,yes,fiber_optic,no,yes,yes,no,yes,yes,month_to_month,yes,bank_transfer_(automatic),105.35,1559.25,0
4751,male,0,yes,no,17,no,no_phone_service,dsl,no,yes,no,no,yes,yes,month_to_month,yes,mailed_check,49.8,836.35,0
4752,male,0,no,no,7,no,no_phone_service,dsl,no,no,yes,yes,no,no,one_year,yes,credit_card_(automatic),35.5,249.55,0
4753,female,0,yes,no,57,yes,yes,fiber_optic,no,no,yes,no,yes,yes,one_year,yes,credit_card_(automatic),100.75,5985.0,0
4754,female,0,yes,no,9,yes,yes,fiber_optic,yes,yes,yes,no,no,no,month_to_month,no,bank_transfer_(automatic),91.75,865.8,1
4755,female,0,no,yes,7,yes,no,fiber_optic,no,no,no,no,no,no,month_to_month,yes,electronic_check,71.05,472.65,0
4756,female,0,yes,no,18,yes,no,fiber_optic,yes,no,no,no,no,no,month_to_month,no,electronic_check,74.8,1438.05,0
4757,male,1,no,no,5,yes,no,dsl,no,no,yes,no,no,no,month_to_month,no,electronic_check,50.35,237.25,1
4758,female,0,yes,no,2,yes,no,fiber_optic,no,no,no,no,no,no,month_to_month,yes,electronic_check,70.35,120.25,0
4759,female,0,no,no,21,yes,yes,fiber_optic,no,yes,no,no,yes,yes,month_to_month,yes,credit_card_(automatic),99.85,1992.55,0
4760,male,0,no,no,37,yes,yes,dsl,yes,yes,yes,yes,no,no,one_year,no,electronic_check,67.45,2443.3,0
4761,male,0,no,no,10,yes,yes,fiber_optic,yes,no,no,no,yes,yes,month_to_month,no,electronic_check,98.55,1008.55,1
4762,female,0,no,no,18,yes,no,no,no_internet_service,no_internet_service,no_internet_service,no_internet_service,no_internet_service,no_internet_service,month_to_month,yes,mailed_check,19.55,389.25,0
4763,male,0,yes,yes,1,yes,no,dsl,yes,no,no,no,no,no,month_to_month,yes,mailed_check,48.75,48.75,0
4764,female,0,yes,yes,18,yes,yes,no,no_internet_service,no_internet_service,no_internet_service,no_internet_service,no_internet_service,no_internet_service,two_year,no,mailed_check,25.1,428.45,0
4765,female,0,yes,no,72,yes,yes,fiber_optic,no,yes,yes,yes,yes,yes,one_year,yes,bank_transfer_(automatic),108.5,8003.8,0
4766,male,1,yes,no,72,yes,yes,fiber_optic,no,yes,yes,yes,yes,yes,two_year,no,credit_card_(automatic),109.7,7898.45,0
4767,male,0,no,no,3,yes,no,fiber_optic,no,no,yes,yes,yes,no,month_to_month,yes,mailed_check,88.35,262.05,1
4768,male,1,no,no,71,yes,yes,fiber_optic,no,yes,no,yes,yes,yes,one_year,no,bank_transfer_(automatic),105.75,7382.85,0
4769,male,0,no,no,1,yes,no,no,no_internet_service,no_internet_service,no_internet_service,no_internet_service,no_internet_service,no_internet_service,month_to_month,no,mailed_check,20.5,20.5,1
4770,male,0,no,no,24,yes,no,dsl,no,no,no,yes,no,no,month_to_month,yes,credit_card_(automatic),51.1,1269.6,0
4771,male,0,no,yes,39,yes,yes,fiber_optic,no,no,no,yes,yes,yes,two_year,no,mailed_check,100.55,3895.35,0
4772,male,0,yes,yes,50,no,no_phone_service,dsl,yes,no,no,no,yes,no,month_to_month,yes,credit_card_(automatic),39.45,2021.35,0
4773,male,0,yes,yes,27,yes,no,dsl,yes,yes,no,no,no,no,month_to_month,yes,credit_card_(automatic),54.75,1510.3,0
4774,female,0,no,no,23,yes,no,no,no_internet_service,no_internet_service,no_internet_service,no_internet_service,no_internet_service,no_internet_service,one_year,yes,credit_card_(automatic),19.65,478.1,0
4775,female,0,no,yes,12,yes,no,dsl,no,no,no,no,no,no,month_to_month,yes,electronic_check,44.55,480.6,1
4776,female,0,yes,yes,8,yes,no,dsl,yes,yes,no,no,no,no,month_to_month,no,mailed_check,54.65,482.25,0
4777,female,0,no,no,7,yes,no,no,no_internet_service,no_internet_service,no_internet_service,no_internet_service,no_internet_service,no_internet_service,one_year,no,mailed_check,19.9,173.15,0
4778,female,0,yes,no,46,no,no_phone_service,dsl,no,no,no,no,yes,yes,month_to_month,yes,electronic_check,43.95,2007.85,0
4779,male,1,no,no,47,yes,no,fiber_optic,yes,no,no,no,no,yes,month_to_month,no,mailed_check,85.5,4042.3,1
4780,female,0,no,yes,48,no,no_phone_service,dsl,no,yes,yes,no,no,yes,month_to_month,no,credit_card_(automatic),45.55,2108.35,0
4781,male,0,no,no,1,yes,no,fiber_optic,no,no,no,no,no,no,month_to_month,yes,electronic_check,69.65,69.65,1
4782,male,1,no,no,52,no,no_phone_service,dsl,no,yes,no,no,yes,yes,month_to_month,yes,electronic_check,49.15,2550.9,1
4783,female,1,yes,no,1,yes,yes,fiber_optic,no,no,yes,no,yes,yes,month_to_month,yes,electronic_check,100.8,100.8,1
4784,female,1,yes,no,31,yes,yes,fiber_optic,no,no,no,no,no,yes,month_to_month,yes,electronic_check,84.85,2633.4,0
4785,female,0,yes,yes,56,yes,yes,no,no_internet_service,no_internet_service,no_internet_service,no_internet_service,no_internet_service,no_internet_service,two_year,yes,mailed_check,24.45,1385.85,0
4786,male,0,yes,no,2,yes,no,no,no_internet_service,no_internet_service,no_internet_service,no_internet_service,no_internet_service,no_internet_service,month_to_month,no,mailed_check,20.0,38.0,0
4787,male,0,yes,no,57,yes,yes,fiber_optic,no,no,yes,yes,yes,yes,two_year,no,electronic_check,107.95,5969.85,0
4788,male,0,no,no,57,yes,no,no,no_internet_service,no_internet_service,no_internet_service,no_internet_service,no_internet_service,no_internet_service,two_year,no,credit_card_(automatic),20.55,1252.85,0
4789,female,0,no,no,3,yes,no,fiber_optic,yes,no,no,no,no,no,month_to_month,yes,electronic_check,74.55,233.65,0
4790,female,1,no,no,50,yes,yes,fiber_optic,no,no,yes,yes,yes,yes,month_to_month,yes,electronic_check,104.95,5222.35,0
4791,female,0,yes,no,2,yes,no,fiber_optic,yes,yes,no,no,yes,no,month_to_month,no,electronic_check,90.35,190.5,0
4792,female,0,no,no,6,yes,no,no,no_internet_service,no_internet_service,no_internet_service,no_internet_service,no_internet_service,no_internet_service,month_to_month,no,mailed_check,20.7,112.75,0
4793,female,0,yes,no,53,yes,no,no,no_internet_service,no_internet_service,no_internet_service,no_internet_service,no_internet_service,no_internet_service,one_year,no,credit_card_(automatic),19.05,990.45,0
4794,male,0,yes,yes,66,yes,yes,dsl,no,no,yes,no,yes,no,two_year,yes,bank_transfer_(automatic),63.3,4189.7,0
4795,male,0,no,yes,40,no,no_phone_service,dsl,yes,yes,no,yes,no,no,one_year,no,mailed_check,40.25,1564.05,0
4796,female,0,yes,no,60,no,no_phone_service,dsl,no,yes,yes,yes,yes,yes,two_year,no,credit_card_(automatic),60.8,3603.45,0
4797,female,0,yes,yes,51,yes,no,fiber_optic,yes,yes,no,no,no,no,month_to_month,yes,bank_transfer_(automatic),79.15,4018.55,0
4798,male,0,no,no,15,yes,no,no,no_internet_service,no_internet_service,no_internet_service,no_internet_service,no_internet_service,no_internet_service,month_to_month,yes,mailed_check,19.8,309.4,0
4799,female,0,no,no,3,yes,no,fiber_optic,no,yes,no,yes,yes,yes,month_to_month,yes,electronic_check,97.9,315.3,1
4800,male,0,no,yes,1,yes,no,fiber_optic,no,yes,no,no,no,no,month_to_month,yes,electronic_check,75.35,75.35,1
4801,female,0,no,yes,50,yes,no,no,no_internet_service,no_internet_service,no_internet_service,no_internet_service,no_internet_service,no_internet_service,two_year,no,credit_card_(automatic),20.15,970.85,0
4802,female,0,yes,yes,11,yes,no,no,no_internet_service,no_internet_service,no_internet_service,no_internet_service,no_internet_service,no_internet_service,month_to_month,yes,mailed_check,19.25,180.3,1
4803,male,1,yes,no,2,yes,no,fiber_optic,no,no,yes,no,yes,yes,month_to_month,yes,credit_card_(automatic),95.5,181.65,0
4804,female,0,no,no,15,yes,yes,no,no_internet_service,no_internet_service,no_internet_service,no_internet_service,no_internet_service,no_internet_service,two_year,no,bank_transfer_(automatic),25.05,369.1,0
4805,female,0,no,no,55,yes,no,dsl,yes,no,no,no,no,no,month_to_month,yes,credit_card_(automatic),50.55,2832.75,0
4806,male,0,no,no,43,yes,yes,fiber_optic,no,yes,no,no,no,no,month_to_month,yes,electronic_check,77.85,3365.85,1
4807,male,0,yes,yes,64,yes,no,fiber_optic,yes,yes,no,no,no,no,month_to_month,no,electronic_check,81.05,5135.35,0
4808,male,0,no,no,10,yes,no,fiber_optic,yes,no,yes,no,no,no,month_to_month,yes,mailed_check,79.85,887.35,0
4809,male,0,yes,yes,29,yes,no,no,no_internet_service,no_internet_service,no_internet_service,no_internet_service,no_internet_service,no_internet_service,month_to_month,yes,mailed_check,20.65,654.85,0
4810,female,1,no,no,45,yes,yes,fiber_optic,no,no,yes,no,yes,yes,one_year,yes,bank_transfer_(automatic),100.15,4459.8,0
4811,male,1,no,no,55,yes,yes,fiber_optic,yes,no,no,no,yes,yes,month_to_month,yes,electronic_check,98.8,5617.75,1
4812,female,0,no,no,3,yes,no,no,no_internet_service,no_internet_service,no_internet_service,no_internet_service,no_internet_service,no_internet_service,month_to_month,no,mailed_check,20.0,63.6,0
4813,female,1,no,no,1,yes,no,fiber_optic,no,no,no,no,no,no,month_to_month,yes,electronic_check,71.25,71.25,0
4814,female,0,yes,no,18,yes,yes,fiber_optic,no,no,no,yes,yes,no,month_to_month,yes,electronic_check,88.85,1594.75,0
4815,female,1,yes,no,50,yes,yes,fiber_optic,yes,yes,yes,no,yes,yes,month_to_month,no,bank_transfer_(automatic),108.75,5431.9,0
4816,male,0,yes,yes,72,yes,yes,fiber_optic,yes,yes,no,yes,yes,yes,two_year,yes,credit_card_(automatic),107.7,7919.8,0
4817,female,0,no,yes,11,no,no_phone_service,dsl,yes,no,no,yes,no,no,one_year,yes,mailed_check,36.05,402.6,0
4818,male,0,no,no,7,yes,no,no,no_internet_service,no_internet_service,no_internet_service,no_internet_service,no_internet_service,no_internet_service,month_to_month,no,mailed_check,20.75,141.1,0
4819,male,0,yes,yes,15,yes,no,fiber_optic,yes,no,no,no,no,no,month_to_month,no,mailed_check,75.1,1151.55,0
4820,male,0,yes,yes,69,yes,no,dsl,yes,yes,yes,yes,yes,no,two_year,yes,bank_transfer_(automatic),75.75,5388.15,0
4821,female,0,no,no,1,yes,no,fiber_optic,no,yes,no,no,yes,no,month_to_month,no,electronic_check,84.3,84.3,1
4822,male,0,yes,no,72,yes,yes,fiber_optic,yes,yes,yes,yes,yes,yes,two_year,yes,credit_card_(automatic),116.95,8594.4,0
4823,female,0,no,no,7,yes,no,dsl,yes,yes,yes,no,no,no,month_to_month,no,electronic_check,61.4,438.9,0
4824,female,1,no,no,9,yes,no,fiber_optic,no,no,no,no,yes,no,month_to_month,yes,electronic_check,80.85,751.65,1
4825,female,0,no,yes,9,yes,no,dsl,no,no,yes,yes,yes,yes,month_to_month,yes,mailed_check,72.9,651.4,1
4826,female,0,no,no,4,yes,no,no,no_internet_service,no_internet_service,no_internet_service,no_internet_service,no_internet_service,no_internet_service,month_to_month,no,mailed_check,20.15,84.5,0
4827,male,0,yes,yes,34,yes,no,fiber_optic,no,yes,yes,no,yes,no,month_to_month,yes,electronic_check,89.85,3091.75,0
4828,female,1,yes,no,72,yes,yes,dsl,yes,yes,yes,yes,yes,yes,two_year,no,credit_card_(automatic),89.1,6352.4,0
4829,female,1,no,no,20,yes,yes,fiber_optic,no,yes,yes,no,no,yes,month_to_month,yes,electronic_check,94.1,1782.4,1
4830,male,0,yes,no,63,yes,yes,fiber_optic,no,yes,yes,no,yes,yes,month_to_month,yes,electronic_check,103.4,6603.0,1
4831,male,0,yes,yes,51,yes,no,no,no_internet_service,no_internet_service,no_internet_service,no_internet_service,no_internet_service,no_internet_service,two_year,no,credit_card_(automatic),19.55,1086.75,0
4832,male,0,no,no,5,no,no_phone_service,dsl,yes,no,yes,yes,no,no,month_to_month,no,mailed_check,40.0,223.45,1
4833,male,0,no,no,26,yes,no,dsl,no,no,no,yes,yes,no,one_year,no,credit_card_(automatic),59.45,1507.0,0
4834,female,1,yes,no,70,yes,yes,fiber_optic,no,no,no,no,no,no,two_year,yes,credit_card_(automatic),75.65,5411.4,0
4835,female,1,yes,yes,48,no,no_phone_service,dsl,no,yes,no,no,no,no,one_year,no,bank_transfer_(automatic),29.9,1388.75,0
4836,male,0,yes,yes,13,yes,no,fiber_optic,no,no,yes,no,yes,yes,month_to_month,no,electronic_check,97.0,1334.45,0
4837,female,0,no,no,5,yes,yes,fiber_optic,no,no,no,no,yes,yes,month_to_month,yes,mailed_check,93.9,486.85,1
4838,male,0,yes,yes,21,yes,no,no,no_internet_service,no_internet_service,no_internet_service,no_internet_service,no_internet_service,no_internet_service,one_year,no,mailed_check,19.8,350.1,0
4839,female,0,yes,yes,40,yes,yes,fiber_optic,no,yes,yes,no,yes,no,month_to_month,yes,credit_card_(automatic),96.35,3915.4,0
4840,male,1,no,no,57,yes,yes,dsl,no,yes,yes,no,yes,yes,two_year,yes,bank_transfer_(automatic),79.75,4438.2,0
4841,male,0,no,no,60,yes,yes,fiber_optic,no,yes,no,no,yes,no,month_to_month,yes,bank_transfer_(automatic),89.9,5450.7,0
4842,female,0,no,yes,18,yes,no,no,no_internet_service,no_internet_service,no_internet_service,no_internet_service,no_internet_service,no_internet_service,one_year,no,bank_transfer_(automatic),20.15,390.85,1
4843,female,0,no,no,2,yes,no,dsl,no,no,no,no,no,no,month_to_month,no,electronic_check,45.55,84.4,0
4844,male,1,yes,no,60,yes,yes,fiber_optic,no,no,no,yes,yes,yes,month_to_month,yes,electronic_check,99.0,6017.9,0
4845,female,1,no,no,13,yes,yes,fiber_optic,no,no,no,no,no,yes,month_to_month,yes,electronic_check,82.0,1127.2,1
4846,male,0,no,no,1,no,no_phone_service,dsl,no,no,no,no,no,yes,month_to_month,yes,bank_transfer_(automatic),35.25,35.25,1
4847,female,0,no,no,8,yes,yes,fiber_optic,no,no,no,no,yes,yes,month_to_month,no,bank_transfer_(automatic),95.65,778.1,1
4848,male,0,yes,yes,46,yes,no,no,no_internet_service,no_internet_service,no_internet_service,no_internet_service,no_internet_service,no_internet_service,two_year,no,credit_card_(automatic),19.75,856.5,0
4849,female,0,no,no,67,yes,yes,no,no_internet_service,no_internet_service,no_internet_service,no_internet_service,no_internet_service,no_internet_service,two_year,yes,bank_transfer_(automatic),25.6,1790.35,0
4850,female,1,no,no,3,yes,no,dsl,no,no,no,no,no,no,month_to_month,no,electronic_check,45.0,127.1,1
4851,female,0,yes,yes,35,yes,yes,dsl,yes,no,yes,yes,yes,no,month_to_month,no,electronic_check,72.25,2568.55,1
4852,male,0,no,no,9,no,no_phone_service,dsl,yes,yes,yes,no,no,no,one_year,no,mailed_check,39.55,373.0,0
4853,male,0,yes,no,47,yes,yes,fiber_optic,yes,no,yes,yes,yes,yes,one_year,yes,credit_card_(automatic),110.85,5275.8,1
4854,male,0,no,no,12,yes,no,fiber_optic,yes,no,yes,no,no,no,month_to_month,no,bank_transfer_(automatic),81.7,858.6,1
4855,female,0,no,no,60,yes,yes,fiber_optic,no,no,yes,no,no,no,one_year,yes,bank_transfer_(automatic),79.2,4765.0,0
4856,female,0,no,no,1,no,no_phone_service,dsl,no,no,no,no,yes,no,month_to_month,yes,electronic_check,34.7,34.7,1
4857,male,0,no,no,26,yes,no,dsl,yes,no,no,yes,yes,yes,one_year,no,bank_transfer_(automatic),75.0,1908.35,0
4858,female,1,yes,no,37,yes,no,fiber_optic,no,no,yes,yes,yes,no,month_to_month,no,electronic_check,90.0,3371.75,0
4859,female,0,no,no,57,yes,yes,fiber_optic,yes,yes,yes,no,yes,yes,two_year,yes,bank_transfer_(automatic),112.95,6465.0,1
4860,female,0,no,no,16,yes,yes,fiber_optic,no,no,yes,no,no,yes,month_to_month,yes,electronic_check,88.45,1422.1,1
4861,female,0,no,no,28,no,no_phone_service,dsl,no,no,yes,no,no,no,month_to_month,yes,mailed_check,29.75,790.7,0
4862,male,0,yes,yes,47,yes,no,fiber_optic,yes,yes,yes,no,no,yes,one_year,yes,electronic_check,96.1,4391.45,0
4863,male,0,no,no,45,yes,no,dsl,yes,no,no,no,no,no,month_to_month,yes,bank_transfer_(automatic),50.9,2298.55,0
4864,male,0,no,no,26,yes,no,no,no_internet_service,no_internet_service,no_internet_service,no_internet_service,no_internet_service,no_internet_service,one_year,yes,bank_transfer_(automatic),19.6,471.85,0
4865,female,1,no,no,14,no,no_phone_service,dsl,yes,no,yes,yes,no,no,two_year,no,mailed_check,39.7,692.35,0
4866,female,0,yes,no,40,yes,yes,fiber_optic,no,no,no,yes,no,no,month_to_month,yes,credit_card_(automatic),78.85,3126.85,0
4867,male,1,yes,no,10,yes,yes,fiber_optic,no,no,no,no,no,yes,month_to_month,no,electronic_check,85.55,851.75,1
4868,female,0,no,yes,1,no,no_phone_service,dsl,no,no,no,no,no,no,month_to_month,no,mailed_check,24.7,24.7,0
4869,female,1,no,no,49,yes,yes,fiber_optic,no,no,yes,no,no,yes,month_to_month,yes,credit_card_(automatic),90.85,4515.85,1
4870,male,1,no,no,34,yes,no,fiber_optic,no,yes,yes,no,yes,yes,one_year,yes,electronic_check,99.85,3343.15,0
4871,female,0,yes,yes,70,yes,yes,dsl,yes,yes,yes,yes,yes,no,two_year,no,electronic_check,80.7,5617.95,0
4872,male,0,no,no,65,yes,yes,fiber_optic,no,yes,yes,yes,yes,yes,month_to_month,yes,electronic_check,109.15,6941.2,1
4873,male,0,no,no,1,yes,no,dsl,no,yes,no,no,no,no,month_to_month,no,mailed_check,50.65,50.65,1
4874,male,0,no,no,3,yes,yes,fiber_optic,no,no,yes,no,yes,yes,month_to_month,yes,bank_transfer_(automatic),101.55,298.35,1
4875,male,0,no,no,10,no,no_phone_service,dsl,no,yes,no,yes,no,no,month_to_month,no,electronic_check,35.75,389.8,0
4876,male,0,no,no,13,yes,no,fiber_optic,no,yes,yes,no,no,no,month_to_month,yes,electronic_check,79.8,973.45,1
4877,female,0,no,no,6,yes,yes,fiber_optic,no,no,no,no,yes,yes,month_to_month,yes,bank_transfer_(automatic),93.55,536.4,1
4878,male,0,yes,no,41,yes,yes,dsl,no,no,yes,no,yes,yes,one_year,yes,electronic_check,73.0,3001.2,1
4879,female,1,yes,no,47,yes,yes,fiber_optic,no,no,yes,no,yes,yes,month_to_month,no,electronic_check,99.7,4747.2,0
4880,female,0,yes,yes,72,yes,no,dsl,yes,no,yes,yes,yes,yes,two_year,yes,bank_transfer_(automatic),80.45,5886.85,0
4881,female,0,yes,no,24,yes,yes,dsl,yes,yes,yes,no,no,no,month_to_month,no,mailed_check,66.3,1559.45,0
4882,female,0,yes,no,46,yes,yes,dsl,yes,no,no,no,no,no,month_to_month,no,electronic_check,53.1,2459.8,0
4883,female,0,no,no,15,yes,no,fiber_optic,no,yes,yes,no,yes,yes,month_to_month,yes,electronic_check,101.25,1457.25,1
4884,male,0,no,no,9,yes,yes,fiber_optic,no,no,no,no,no,no,month_to_month,yes,electronic_check,76.25,684.85,0
4885,female,0,yes,no,72,yes,no,dsl,yes,yes,yes,yes,yes,yes,two_year,no,mailed_check,85.1,6155.4,0
4886,female,0,yes,no,2,yes,no,fiber_optic,no,no,no,no,no,no,month_to_month,yes,credit_card_(automatic),70.4,154.8,0
4887,male,0,yes,yes,61,yes,yes,fiber_optic,no,no,yes,no,yes,yes,one_year,yes,electronic_check,99.9,6241.35,0
4888,male,0,yes,yes,8,yes,yes,no,no_internet_service,no_internet_service,no_internet_service,no_internet_service,no_internet_service,no_internet_service,one_year,no,mailed_check,24.4,203.95,0
4889,male,0,no,no,72,yes,yes,dsl,yes,yes,yes,yes,yes,yes,two_year,no,bank_transfer_(automatic),92.0,6632.75,0
4890,male,1,no,no,4,yes,no,fiber_optic,yes,no,no,no,no,no,month_to_month,no,electronic_check,75.35,273.4,0
4891,male,0,no,yes,41,yes,no,fiber_optic,yes,yes,yes,yes,yes,yes,two_year,yes,electronic_check,111.15,4507.15,0
4892,female,1,yes,no,60,yes,no,fiber_optic,yes,yes,yes,yes,yes,yes,two_year,yes,bank_transfer_(automatic),110.0,6668.35,0
4893,female,0,yes,yes,26,yes,no,no,no_internet_service,no_internet_service,no_internet_service,no_internet_service,no_internet_service,no_internet_service,two_year,no,credit_card_(automatic),19.65,494.9,0
4894,female,0,yes,yes,22,yes,no,no,no_internet_service,no_internet_service,no_internet_service,no_internet_service,no_internet_service,no_internet_service,one_year,no,bank_transfer_(automatic),20.75,452.35,0
4895,female,0,yes,no,46,yes,yes,no,no_internet_service,no_internet_service,no_internet_service,no_internet_service,no_internet_service,no_internet_service,one_year,yes,bank_transfer_(automatic),24.45,1066.15,0
4896,male,1,yes,no,52,yes,no,fiber_optic,yes,no,yes,yes,yes,yes,one_year,yes,bank_transfer_(automatic),104.45,5481.25,0
4897,female,0,no,no,23,yes,yes,fiber_optic,yes,no,no,no,yes,no,month_to_month,yes,bank_transfer_(automatic),90.05,2169.8,1
4898,female,0,no,no,48,yes,no,fiber_optic,no,yes,no,no,no,no,one_year,no,electronic_check,75.15,3772.65,0
4899,female,0,yes,yes,57,yes,no,no,no_internet_service,no_internet_service,no_internet_service,no_internet_service,no_internet_service,no_internet_service,two_year,yes,bank_transfer_(automatic),20.1,1087.7,0
4900,female,0,no,no,36,yes,yes,dsl,no,yes,no,yes,no,yes,one_year,yes,mailed_check,70.7,2511.95,0
4901,male,0,yes,no,33,yes,no,dsl,no,no,no,no,no,no,month_to_month,yes,credit_card_(automatic),44.55,1462.6,0
4902,female,0,yes,yes,14,yes,no,fiber_optic,no,yes,no,yes,no,yes,month_to_month,yes,credit_card_(automatic),89.65,1208.35,1
4903,female,0,no,no,2,yes,no,fiber_optic,no,no,no,no,no,no,month_to_month,no,electronic_check,69.65,145.15,1
4904,female,0,no,no,48,yes,yes,fiber_optic,no,yes,yes,no,yes,yes,month_to_month,yes,bank_transfer_(automatic),107.4,5121.3,1
4905,male,0,yes,yes,12,yes,no,no,no_internet_service,no_internet_service,no_internet_service,no_internet_service,no_internet_service,no_internet_service,month_to_month,yes,electronic_check,19.2,239.0,0
4906,female,1,no,no,45,yes,yes,dsl,yes,no,no,yes,no,yes,month_to_month,yes,electronic_check,70.05,3062.45,0
4907,female,1,yes,no,27,yes,no,fiber_optic,yes,no,yes,no,yes,yes,month_to_month,yes,electronic_check,101.25,2754.45,1
4908,female,0,yes,yes,64,no,no_phone_service,dsl,no,yes,no,yes,yes,yes,two_year,yes,electronic_check,54.6,3423.5,0
4909,male,0,no,no,24,yes,no,no,no_internet_service,no_internet_service,no_internet_service,no_internet_service,no_internet_service,no_internet_service,two_year,no,mailed_check,20.75,487.05,0
4910,male,1,no,no,1,yes,yes,fiber_optic,no,no,no,no,no,no,month_to_month,yes,electronic_check,73.65,73.65,1
4911,female,0,yes,yes,9,yes,no,dsl,no,yes,no,yes,yes,no,one_year,yes,mailed_check,65.6,593.3,0
4912,female,0,yes,no,2,yes,no,dsl,no,no,no,no,no,no,month_to_month,yes,electronic_check,45.0,89.75,0
4913,female,1,yes,yes,66,yes,yes,fiber_optic,yes,yes,no,yes,yes,yes,one_year,yes,credit_card_(automatic),110.6,7210.85,0
4914,female,0,no,no,41,yes,no,no,no_internet_service,no_internet_service,no_internet_service,no_internet_service,no_internet_service,no_internet_service,two_year,no,mailed_check,20.65,835.15,0
4915,female,0,yes,yes,69,yes,yes,fiber_optic,no,yes,no,yes,no,yes,two_year,yes,bank_transfer_(automatic),93.3,6398.05,0
4916,male,0,yes,yes,24,yes,yes,dsl,yes,no,no,no,no,no,month_to_month,no,electronic_check,54.75,1338.15,1
4917,female,0,no,no,2,yes,no,fiber_optic,no,no,no,no,no,no,month_to_month,yes,electronic_check,69.7,135.2,0
4918,female,0,no,no,31,no,no_phone_service,dsl,yes,yes,no,yes,no,yes,two_year,yes,bank_transfer_(automatic),49.85,1520.1,0
4919,male,0,no,no,15,yes,no,fiber_optic,no,no,yes,no,yes,no,month_to_month,no,electronic_check,85.3,1219.85,0
4920,male,1,no,no,18,yes,yes,fiber_optic,no,yes,no,no,no,no,month_to_month,yes,credit_card_(automatic),80.55,1411.65,0
4921,male,1,yes,no,1,yes,yes,fiber_optic,yes,no,no,no,no,no,month_to_month,yes,electronic_check,80.3,80.3,1
4922,male,0,no,no,2,yes,yes,fiber_optic,no,yes,no,no,no,no,month_to_month,yes,electronic_check,82.0,184.65,1
4923,female,1,no,no,46,yes,yes,dsl,no,no,yes,yes,no,yes,one_year,yes,credit_card_(automatic),69.1,3255.35,0
4924,female,0,yes,yes,22,yes,yes,fiber_optic,no,no,no,no,no,no,month_to_month,yes,bank_transfer_(automatic),75.8,1615.1,0
4925,female,0,no,no,10,yes,yes,no,no_internet_service,no_internet_service,no_internet_service,no_internet_service,no_internet_service,no_internet_service,month_to_month,yes,mailed_check,24.5,270.15,0
4926,male,1,no,no,54,yes,no,dsl,no,no,yes,yes,no,yes,one_year,no,bank_transfer_(automatic),65.25,3529.95,0
4927,male,0,no,no,69,yes,no,fiber_optic,no,yes,yes,yes,yes,yes,one_year,yes,bank_transfer_(automatic),104.05,7262.0,1
4928,female,0,no,no,4,yes,no,dsl,no,no,no,no,yes,no,month_to_month,no,credit_card_(automatic),55.5,227.35,0
4929,female,0,yes,no,18,no,no_phone_service,dsl,no,no,yes,no,yes,no,month_to_month,yes,electronic_check,39.05,669.85,1
4930,male,0,yes,no,42,no,no_phone_service,dsl,yes,no,no,no,yes,no,month_to_month,yes,bank_transfer_(automatic),40.15,1626.05,0
4931,male,0,yes,yes,35,yes,no,no,no_internet_service,no_internet_service,no_internet_service,no_internet_service,no_internet_service,no_internet_service,two_year,no,mailed_check,20.1,655.3,0
4932,male,0,no,no,62,yes,no,no,no_internet_service,no_internet_service,no_internet_service,no_internet_service,no_internet_service,no_internet_service,two_year,yes,credit_card_(automatic),20.05,1201.65,0
4933,male,0,no,yes,27,yes,yes,no,no_internet_service,no_internet_service,no_internet_service,no_internet_service,no_internet_service,no_internet_service,two_year,yes,credit_card_(automatic),25.85,788.55,0
4934,female,0,no,no,14,yes,yes,dsl,no,yes,no,no,no,no,one_year,yes,mailed_check,54.25,773.2,0
4935,female,0,yes,no,61,yes,yes,fiber_optic,no,yes,no,yes,no,yes,two_year,yes,bank_transfer_(automatic),94.35,5703.0,0
4936,female,0,no,no,3,yes,no,dsl,no,no,no,no,no,yes,month_to_month,yes,electronic_check,55.3,196.15,1
4937,female,0,yes,no,51,yes,yes,fiber_optic,no,no,yes,no,yes,yes,one_year,yes,electronic_check,98.85,4947.55,0
4938,male,0,yes,no,71,yes,yes,dsl,yes,yes,no,yes,no,no,two_year,no,bank_transfer_(automatic),65.15,4681.75,0
4939,male,1,no,no,25,yes,yes,fiber_optic,no,yes,no,no,yes,no,month_to_month,yes,electronic_check,89.5,2196.15,1
4940,male,0,no,yes,1,yes,no,no,no_internet_service,no_internet_service,no_internet_service,no_internet_service,no_internet_service,no_internet_service,month_to_month,no,mailed_check,19.85,19.85,0
4941,male,0,yes,no,50,yes,yes,fiber_optic,yes,yes,no,no,no,yes,month_to_month,yes,credit_card_(automatic),94.4,4914.9,0
4942,female,0,no,no,16,yes,no,fiber_optic,no,yes,no,no,no,no,month_to_month,no,bank_transfer_(automatic),75.1,1212.85,0
4943,male,0,no,no,9,yes,no,fiber_optic,no,no,no,no,no,no,month_to_month,no,mailed_check,70.05,657.5,0
4944,male,0,no,no,25,yes,no,fiber_optic,yes,no,yes,yes,yes,yes,month_to_month,yes,electronic_check,105.5,2686.05,0
4945,male,1,no,no,2,yes,no,no,no_internet_service,no_internet_service,no_internet_service,no_internet_service,no_internet_service,no_internet_service,month_to_month,no,electronic_check,19.2,37.2,0
4946,female,0,no,no,1,yes,no,fiber_optic,no,no,no,no,yes,yes,month_to_month,no,electronic_check,90.55,90.55,1
4947,male,0,no,no,60,no,no_phone_service,dsl,yes,yes,yes,no,no,no,two_year,no,bank_transfer_(automatic),39.6,2424.5,0
4948,male,0,yes,no,59,yes,yes,dsl,yes,no,no,yes,no,yes,one_year,yes,mailed_check,69.1,4096.9,0
4949,female,1,no,no,8,yes,yes,fiber_optic,no,no,no,no,no,no,month_to_month,yes,electronic_check,75.75,606.25,1
4950,female,1,no,no,20,yes,yes,fiber_optic,no,no,no,no,no,yes,month_to_month,yes,credit_card_(automatic),85.8,1727.5,1
4951,female,0,no,no,47,yes,no,no,no_internet_service,no_internet_service,no_internet_service,no_internet_service,no_internet_service,no_internet_service,two_year,no,mailed_check,20.15,1046.2,0
4952,female,0,yes,yes,70,yes,no,dsl,yes,no,no,yes,yes,yes,two_year,no,credit_card_(automatic),75.35,5437.75,0
4953,male,0,yes,yes,68,yes,no,fiber_optic,yes,yes,no,yes,no,yes,two_year,no,bank_transfer_(automatic),95.1,6683.4,0
4954,female,0,no,no,5,yes,no,no,no_internet_service,no_internet_service,no_internet_service,no_internet_service,no_internet_service,no_internet_service,month_to_month,no,mailed_check,19.95,109.6,0
4955,male,0,no,no,59,yes,yes,dsl,no,no,yes,no,no,no,two_year,no,credit_card_(automatic),54.15,3116.15,0
4956,female,0,yes,yes,28,yes,no,no,no_internet_service,no_internet_service,no_internet_service,no_internet_service,no_internet_service,no_internet_service,one_year,no,mailed_check,19.9,543.0,0
4957,male,0,no,no,24,yes,no,dsl,no,yes,no,no,no,no,month_to_month,yes,mailed_check,49.7,1218.25,0
4958,female,0,no,no,34,yes,yes,fiber_optic,yes,yes,yes,no,yes,yes,month_to_month,yes,mailed_check,109.8,3587.25,1
4959,male,0,yes,yes,71,yes,no,no,no_internet_service,no_internet_service,no_internet_service,no_internet_service,no_internet_service,no_internet_service,two_year,no,mailed_check,19.8,1396.25,0
4960,male,0,no,no,72,yes,yes,dsl,yes,no,yes,yes,yes,yes,two_year,no,credit_card_(automatic),84.3,5997.1,0
4961,female,1,yes,no,50,yes,yes,fiber_optic,no,yes,yes,no,yes,no,month_to_month,yes,electronic_check,95.05,4888.7,1
4962,female,1,yes,no,35,yes,yes,fiber_optic,yes,yes,no,yes,yes,no,month_to_month,yes,bank_transfer_(automatic),100.5,3653.35,1
4963,male,0,yes,no,60,yes,no,dsl,yes,no,no,no,yes,no,one_year,yes,mailed_check,59.8,3561.15,0
4964,male,0,yes,no,57,yes,no,dsl,yes,yes,no,yes,no,no,two_year,yes,electronic_check,59.75,3450.15,0
4965,male,0,no,no,41,yes,yes,fiber_optic,no,yes,yes,no,yes,yes,month_to_month,yes,electronic_check,104.7,4346.4,1
4966,male,0,no,no,18,yes,no,no,no_internet_service,no_internet_service,no_internet_service,no_internet_service,no_internet_service,no_internet_service,month_to_month,no,mailed_check,19.25,331.35,0
4967,female,0,yes,yes,31,yes,yes,dsl,no,yes,no,yes,yes,yes,two_year,no,bank_transfer_(automatic),80.55,2471.6,0
4968,female,0,no,yes,3,yes,no,no,no_internet_service,no_internet_service,no_internet_service,no_internet_service,no_internet_service,no_internet_service,one_year,yes,credit_card_(automatic),20.55,57.4,0
4969,female,0,yes,no,56,yes,no,fiber_optic,no,no,yes,yes,yes,yes,month_to_month,yes,electronic_check,98.7,5669.5,0
4970,female,1,no,no,30,yes,yes,fiber_optic,no,yes,no,no,yes,yes,month_to_month,yes,electronic_check,99.7,2967.35,1
4971,female,1,no,no,55,yes,yes,fiber_optic,no,no,yes,no,yes,yes,one_year,yes,electronic_check,100.0,5509.3,1
4972,female,0,no,no,32,yes,yes,fiber_optic,no,yes,yes,no,yes,yes,one_year,yes,credit_card_(automatic),104.05,3416.85,0
4973,female,0,no,no,19,yes,no,dsl,no,yes,no,no,yes,no,one_year,no,electronic_check,58.2,1045.25,0
4974,male,0,yes,yes,65,yes,yes,fiber_optic,yes,no,yes,yes,yes,yes,two_year,no,bank_transfer_(automatic),108.65,6937.95,1
4975,female,0,no,yes,4,yes,yes,fiber_optic,no,yes,yes,no,no,no,month_to_month,no,bank_transfer_(automatic),84.05,333.55,1
4976,female,0,yes,no,29,yes,yes,fiber_optic,no,no,no,no,no,no,month_to_month,yes,electronic_check,74.95,2149.05,0
4977,male,0,yes,no,72,yes,no,no,no_internet_service,no_internet_service,no_internet_service,no_internet_service,no_internet_service,no_internet_service,two_year,no,credit_card_(automatic),19.7,1421.9,0
4978,male,1,no,no,3,yes,no,fiber_optic,no,no,no,no,yes,no,month_to_month,yes,electronic_check,79.9,260.9,1
4979,male,0,no,no,56,yes,yes,fiber_optic,yes,no,no,yes,yes,yes,month_to_month,yes,mailed_check,105.35,5794.45,0
4980,female,0,yes,yes,20,yes,no,no,no_internet_service,no_internet_service,no_internet_service,no_internet_service,no_internet_service,no_internet_service,month_to_month,no,mailed_check,20.35,442.6,0
4981,female,0,yes,yes,23,no,no_phone_service,dsl,yes,no,no,yes,no,no,two_year,no,mailed_check,34.6,813.45,0
4982,female,0,no,no,17,yes,no,fiber_optic,no,no,no,no,no,no,month_to_month,no,bank_transfer_(automatic),70.5,1165.6,0
4983,female,0,yes,no,25,yes,yes,fiber_optic,no,no,yes,yes,yes,yes,month_to_month,yes,bank_transfer_(automatic),104.95,2566.5,1
4984,male,0,no,no,3,yes,no,no,no_internet_service,no_internet_service,no_internet_service,no_internet_service,no_internet_service,no_internet_service,month_to_month,yes,electronic_check,20.25,61.45,0
4985,female,1,yes,no,72,yes,yes,dsl,yes,yes,yes,yes,yes,yes,two_year,yes,bank_transfer_(automatic),89.85,6697.35,0
4986,male,0,yes,no,6,yes,yes,fiber_optic,no,no,no,no,no,no,month_to_month,yes,electronic_check,75.5,438.0,1
4987,female,0,yes,yes,2,no,no_phone_service,dsl,no,no,no,no,no,no,month_to_month,yes,mailed_check,24.4,36.55,1
4988,female,0,yes,no,5,yes,yes,dsl,no,no,yes,yes,yes,no,month_to_month,no,bank_transfer_(automatic),67.95,350.3,1
4989,female,1,yes,no,25,yes,yes,dsl,yes,no,no,yes,yes,no,month_to_month,yes,credit_card_(automatic),69.5,1752.65,0
4990,male,1,yes,no,27,yes,yes,fiber_optic,no,yes,yes,no,no,yes,month_to_month,yes,electronic_check,95.55,2510.2,1
4991,male,0,no,no,64,yes,yes,fiber_optic,no,yes,no,yes,yes,yes,one_year,yes,credit_card_(automatic),105.65,6903.1,1
4992,male,0,yes,yes,23,yes,no,fiber_optic,yes,no,no,yes,yes,yes,month_to_month,yes,electronic_check,99.85,2331.3,1
4993,female,0,yes,no,72,yes,yes,fiber_optic,yes,no,yes,yes,yes,yes,two_year,yes,credit_card_(automatic),110.15,7881.2,0
4994,female,0,no,no,17,yes,no,no,no_internet_service,no_internet_service,no_internet_service,no_internet_service,no_internet_service,no_internet_service,one_year,no,mailed_check,20.15,353.65,0
4995,female,0,yes,yes,62,yes,yes,fiber_optic,no,yes,yes,yes,yes,yes,one_year,yes,electronic_check,110.8,6840.95,0
4996,female,0,yes,yes,3,yes,no,no,no_internet_service,no_internet_service,no_internet_service,no_internet_service,no_internet_service,no_internet_service,two_year,no,mailed_check,19.1,52.0,0
4997,female,1,yes,no,38,yes,no,fiber_optic,yes,no,no,no,no,yes,month_to_month,yes,electronic_check,83.45,3147.15,0
4998,male,1,yes,no,72,yes,yes,fiber_optic,no,yes,yes,no,yes,yes,two_year,yes,bank_transfer_(automatic),104.15,7689.95,1
4999,female,0,yes,yes,52,yes,yes,no,no_internet_service,no_internet_service,no_internet_service,no_internet_service,no_internet_service,no_internet_service,two_year,no,mailed_check,23.05,1255.1,0
5000,male,0,no,no,17,yes,no,fiber_optic,no,no,no,no,no,no,month_to_month,yes,electronic_check,70.8,1207.0,0
5001,female,0,yes,yes,72,yes,yes,dsl,yes,yes,yes,yes,yes,yes,two_year,yes,bank_transfer_(automatic),93.25,6688.95,0
5002,male,0,yes,yes,12,yes,no,dsl,no,no,no,no,yes,no,month_to_month,yes,mailed_check,56.3,628.65,0
5003,female,0,yes,no,71,yes,yes,dsl,no,no,yes,yes,yes,yes,two_year,yes,bank_transfer_(automatic),80.45,5662.25,0
5004,male,0,no,no,66,no,no_phone_service,dsl,no,no,no,yes,no,no,one_year,no,credit_card_(automatic),29.45,1983.15,0
5005,female,0,yes,yes,52,yes,yes,fiber_optic,no,no,yes,no,yes,yes,one_year,no,bank_transfer_(automatic),101.25,5301.1,0
5006,female,0,no,no,27,yes,no,no,no_internet_service,no_internet_service,no_internet_service,no_internet_service,no_internet_service,no_internet_service,two_year,yes,mailed_check,19.6,561.15,0
5007,male,1,no,no,72,yes,yes,no,no_internet_service,no_internet_service,no_internet_service,no_internet_service,no_internet_service,no_internet_service,two_year,no,bank_transfer_(automatic),25.4,1809.35,0
5008,female,0,yes,no,58,yes,yes,dsl,yes,no,yes,yes,yes,yes,two_year,yes,electronic_check,84.3,4916.4,0
5009,male,0,no,no,67,yes,no,no,no_internet_service,no_internet_service,no_internet_service,no_internet_service,no_internet_service,no_internet_service,two_year,no,bank_transfer_(automatic),20.5,1430.95,0
5010,female,1,yes,no,66,yes,yes,fiber_optic,no,no,yes,yes,yes,yes,one_year,yes,credit_card_(automatic),105.95,6975.25,1
5011,male,0,yes,yes,72,yes,yes,fiber_optic,no,yes,no,no,yes,no,one_year,yes,electronic_check,89.7,6588.95,0
5012,female,0,yes,yes,49,yes,yes,dsl,no,yes,no,yes,yes,yes,two_year,no,bank_transfer_(automatic),79.3,3902.45,0
5013,male,1,no,no,9,yes,yes,fiber_optic,no,no,yes,no,yes,yes,month_to_month,yes,electronic_check,100.5,918.6,1
5014,female,0,yes,yes,67,yes,yes,fiber_optic,no,yes,yes,yes,yes,yes,one_year,yes,credit_card_(automatic),112.35,7388.45,0
5015,female,0,yes,yes,52,yes,no,no,no_internet_service,no_internet_service,no_internet_service,no_internet_service,no_internet_service,no_internet_service,one_year,yes,electronic_check,20.4,1090.65,0
5016,male,0,no,no,2,yes,no,dsl,no,no,no,no,no,no,month_to_month,no,bank_transfer_(automatic),44.9,111.05,0
5017,male,1,yes,no,28,yes,yes,fiber_optic,no,yes,no,yes,yes,yes,month_to_month,yes,electronic_check,105.8,2998.0,0
5018,male,0,no,no,3,yes,no,fiber_optic,no,no,no,no,yes,yes,month_to_month,yes,electronic_check,92.0,266.8,0
5019,female,0,no,no,18,no,no_phone_service,dsl,no,no,yes,yes,no,no,month_to_month,yes,electronic_check,35.2,607.3,0
5020,male,0,yes,yes,72,yes,yes,dsl,yes,yes,yes,yes,yes,no,two_year,yes,bank_transfer_(automatic),80.85,5727.45,0
5021,male,1,yes,no,47,yes,yes,fiber_optic,no,no,yes,no,yes,yes,month_to_month,yes,electronic_check,100.05,4871.05,1
5022,female,0,yes,yes,11,yes,yes,dsl,no,no,no,yes,no,yes,month_to_month,yes,electronic_check,66.35,740.8,1
5023,male,0,no,yes,21,yes,yes,no,no_internet_service,no_internet_service,no_internet_service,no_internet_service,no_internet_service,no_internet_service,month_to_month,no,mailed_check,24.7,467.15,0
5024,male,1,no,no,2,yes,no,fiber_optic,no,yes,no,no,no,no,month_to_month,yes,electronic_check,74.7,165.4,1
5025,female,0,no,no,12,yes,no,no,no_internet_service,no_internet_service,no_internet_service,no_internet_service,no_internet_service,no_internet_service,month_to_month,no,mailed_check,20.3,246.7,0
5026,female,0,yes,no,57,yes,no,dsl,yes,yes,no,yes,yes,no,two_year,yes,credit_card_(automatic),70.35,4124.65,0
5027,male,0,no,yes,6,yes,yes,no,no_internet_service,no_internet_service,no_internet_service,no_internet_service,no_internet_service,no_internet_service,month_to_month,no,mailed_check,26.35,184.05,0
5028,female,0,no,no,69,yes,yes,fiber_optic,no,no,yes,yes,yes,yes,two_year,no,electronic_check,104.0,7028.5,0
5029,female,0,no,no,35,yes,yes,fiber_optic,yes,yes,yes,yes,yes,yes,two_year,yes,mailed_check,113.2,3914.05,0
5030,male,0,yes,no,37,yes,no,no,no_internet_service,no_internet_service,no_internet_service,no_internet_service,no_internet_service,no_internet_service,month_to_month,no,bank_transfer_(automatic),20.35,697.65,0
5031,female,0,yes,yes,18,yes,no,dsl,no,no,yes,yes,no,no,one_year,yes,credit_card_(automatic),54.4,957.1,0
5032,female,0,yes,yes,71,yes,no,no,no_internet_service,no_internet_service,no_internet_service,no_internet_service,no_internet_service,no_internet_service,two_year,no,credit_card_(automatic),19.7,1415.85,0
5033,male,0,yes,no,55,yes,yes,no,no_internet_service,no_internet_service,no_internet_service,no_internet_service,no_internet_service,no_internet_service,two_year,no,bank_transfer_(automatic),25.7,1443.65,0
5034,female,0,no,no,68,no,no_phone_service,dsl,yes,yes,yes,yes,yes,yes,two_year,no,credit_card_(automatic),64.35,4539.6,0
5035,male,0,no,yes,1,yes,no,dsl,no,yes,no,no,no,no,month_to_month,yes,electronic_check,49.9,49.9,0
5036,female,0,yes,no,61,yes,yes,no,no_internet_service,no_internet_service,no_internet_service,no_internet_service,no_internet_service,no_internet_service,two_year,no,mailed_check,24.4,1417.9,0
5037,male,1,yes,no,45,yes,yes,fiber_optic,no,yes,yes,yes,yes,no,one_year,yes,bank_transfer_(automatic),98.7,4525.8,0
5038,male,0,yes,yes,69,yes,yes,fiber_optic,no,no,yes,no,yes,yes,month_to_month,yes,credit_card_(automatic),99.45,7007.6,1
5039,male,0,no,no,49,yes,yes,dsl,no,no,no,yes,yes,no,two_year,yes,bank_transfer_(automatic),66.15,3199.0,0
5040,male,1,no,no,21,yes,no,no,no_internet_service,no_internet_service,no_internet_service,no_internet_service,no_internet_service,no_internet_service,one_year,no,bank_transfer_(automatic),20.5,429.55,0
5041,male,0,yes,yes,61,yes,yes,fiber_optic,yes,yes,no,no,yes,yes,one_year,yes,electronic_check,106.0,6547.7,1
5042,male,0,no,no,3,yes,yes,fiber_optic,no,yes,yes,no,yes,yes,month_to_month,no,mailed_check,107.95,313.6,0
5043,female,0,no,no,1,yes,no,dsl,yes,yes,no,no,no,no,month_to_month,yes,electronic_check,54.9,54.9,1
5044,female,0,no,no,35,yes,yes,fiber_optic,no,no,no,no,yes,no,month_to_month,yes,electronic_check,86.45,3029.1,1
5045,female,0,no,no,2,no,no_phone_service,dsl,no,no,no,yes,no,no,month_to_month,yes,electronic_check,30.9,59.05,1
5046,male,1,yes,no,58,yes,yes,fiber_optic,yes,yes,yes,no,yes,yes,one_year,yes,electronic_check,108.85,6287.25,1
5047,male,0,yes,no,24,yes,yes,fiber_optic,no,no,yes,no,yes,yes,month_to_month,yes,electronic_check,101.05,2391.8,1
5048,male,0,yes,no,62,yes,no,dsl,no,yes,yes,yes,no,no,two_year,yes,credit_card_(automatic),60.15,3753.2,0
5049,female,0,yes,yes,30,yes,no,dsl,yes,no,no,yes,no,yes,month_to_month,no,bank_transfer_(automatic),66.3,1923.5,0
5050,male,0,yes,no,51,yes,no,dsl,yes,yes,yes,yes,yes,yes,two_year,yes,credit_card_(automatic),83.25,4089.45,0
5051,male,0,no,no,1,yes,no,no,no_internet_service,no_internet_service,no_internet_service,no_internet_service,no_internet_service,no_internet_service,month_to_month,no,mailed_check,18.9,18.9,0
5052,male,0,yes,yes,68,yes,yes,fiber_optic,yes,yes,yes,yes,yes,yes,two_year,yes,bank_transfer_(automatic),114.7,7849.85,0
5053,female,0,no,no,32,yes,no,no,no_internet_service,no_internet_service,no_internet_service,no_internet_service,no_internet_service,no_internet_service,one_year,no,bank_transfer_(automatic),20.55,654.55,0
5054,male,0,no,no,24,yes,no,fiber_optic,no,no,no,no,no,yes,month_to_month,yes,credit_card_(automatic),79.85,2001.0,0
5055,female,0,yes,no,72,yes,yes,fiber_optic,yes,yes,yes,yes,yes,yes,two_year,yes,bank_transfer_(automatic),113.65,8182.75,0
5056,female,0,yes,no,53,yes,no,no,no_internet_service,no_internet_service,no_internet_service,no_internet_service,no_internet_service,no_internet_service,one_year,no,bank_transfer_(automatic),20.8,1021.8,1
5057,female,0,no,no,12,yes,no,no,no_internet_service,no_internet_service,no_internet_service,no_internet_service,no_internet_service,no_internet_service,month_to_month,no,mailed_check,19.45,246.25,0
5058,female,0,no,no,2,yes,yes,fiber_optic,no,no,yes,no,no,no,month_to_month,no,mailed_check,80.6,155.8,1
5059,female,0,no,no,3,no,no_phone_service,dsl,no,no,no,no,yes,no,month_to_month,yes,credit_card_(automatic),34.8,113.95,0
5060,female,0,yes,no,10,yes,no,no,no_internet_service,no_internet_service,no_internet_service,no_internet_service,no_internet_service,no_internet_service,month_to_month,yes,mailed_check,20.55,252.75,0
5061,female,0,no,no,1,yes,no,no,no_internet_service,no_internet_service,no_internet_service,no_internet_service,no_internet_service,no_internet_service,month_to_month,no,mailed_check,19.55,19.55,0
5062,female,0,no,no,36,yes,yes,dsl,yes,no,yes,yes,yes,yes,one_year,yes,credit_card_(automatic),89.65,3348.1,0
5063,female,0,no,no,24,yes,yes,no,no_internet_service,no_internet_service,no_internet_service,no_internet_service,no_internet_service,no_internet_service,one_year,no,bank_transfer_(automatic),24.6,605.25,0
5064,female,0,yes,yes,71,yes,no,fiber_optic,no,no,yes,no,no,no,two_year,no,electronic_check,76.05,5436.45,0
5065,male,0,no,no,5,yes,no,dsl,yes,no,no,yes,no,no,month_to_month,yes,mailed_check,55.75,266.95,0
5066,male,0,no,no,68,yes,yes,fiber_optic,yes,yes,yes,no,yes,no,one_year,no,bank_transfer_(automatic),101.35,7110.75,0
5067,female,0,yes,no,22,yes,no,dsl,no,yes,yes,no,no,no,month_to_month,yes,mailed_check,54.7,1178.75,0
5068,male,0,no,no,1,yes,no,no,no_internet_service,no_internet_service,no_internet_service,no_internet_service,no_internet_service,no_internet_service,month_to_month,yes,bank_transfer_(automatic),19.65,19.65,0
5069,male,1,no,no,20,yes,no,fiber_optic,no,no,no,no,no,no,month_to_month,no,credit_card_(automatic),71.3,1389.2,1
5070,male,0,yes,no,8,yes,no,no,no_internet_service,no_internet_service,no_internet_service,no_internet_service,no_internet_service,no_internet_service,month_to_month,no,mailed_check,20.25,158.35,0
5071,female,1,no,no,1,yes,no,dsl,yes,no,yes,no,no,no,month_to_month,yes,electronic_check,55.8,55.8,1
5072,female,0,no,no,61,yes,yes,dsl,yes,yes,yes,yes,yes,yes,two_year,no,electronic_check,89.65,5308.7,0
5073,female,0,no,no,13,yes,yes,fiber_optic,no,yes,yes,no,no,no,month_to_month,yes,electronic_check,84.45,1058.6,1
5074,male,1,yes,no,53,yes,yes,dsl,yes,no,no,yes,no,no,one_year,yes,electronic_check,60.05,3229.65,1
5075,female,0,yes,no,37,yes,yes,dsl,no,yes,no,yes,no,yes,one_year,no,mailed_check,72.1,2658.4,0
5076,female,0,no,no,13,yes,no,dsl,yes,yes,no,yes,no,yes,month_to_month,no,bank_transfer_(automatic),67.8,842.25,0
5077,female,0,yes,no,70,no,no_phone_service,dsl,yes,no,yes,yes,no,yes,two_year,yes,bank_transfer_(automatic),49.85,3370.2,0
5078,male,1,yes,no,72,yes,yes,fiber_optic,yes,yes,yes,no,no,yes,two_year,yes,credit_card_(automatic),102.65,7550.3,0
5079,female,0,no,no,29,yes,yes,fiber_optic,no,no,yes,no,yes,yes,month_to_month,no,bank_transfer_(automatic),100.55,2878.75,0
5080,female,0,yes,no,22,yes,yes,dsl,yes,no,no,yes,yes,yes,month_to_month,yes,electronic_check,79.2,1742.75,1
5081,male,0,no,no,72,no,no_phone_service,dsl,yes,yes,yes,yes,yes,yes,two_year,yes,bank_transfer_(automatic),65.55,4807.45,0
5082,male,0,no,no,29,no,no_phone_service,dsl,no,yes,no,yes,no,no,month_to_month,no,electronic_check,34.3,1004.75,0
5083,female,0,yes,no,30,yes,yes,fiber_optic,no,yes,no,yes,yes,no,month_to_month,yes,credit_card_(automatic),94.1,2804.45,1
5084,male,0,no,no,4,yes,no,dsl,no,no,no,no,no,yes,month_to_month,yes,electronic_check,55.9,238.5,0
5085,female,0,no,no,64,yes,yes,dsl,yes,yes,yes,yes,yes,yes,two_year,yes,credit_card_(automatic),86.4,5442.05,0
5086,female,1,no,no,1,yes,no,fiber_optic,no,yes,no,no,no,yes,month_to_month,yes,electronic_check,86.0,86.0,1
5087,female,0,yes,yes,48,no,no_phone_service,dsl,yes,no,yes,no,no,yes,one_year,no,credit_card_(automatic),45.0,2196.3,0
5088,female,0,no,no,2,yes,no,no,no_internet_service,no_internet_service,no_internet_service,no_internet_service,no_internet_service,no_internet_service,one_year,no,mailed_check,20.45,34.8,0
5089,female,0,yes,yes,32,yes,no,fiber_optic,no,yes,no,no,yes,no,month_to_month,yes,electronic_check,86.1,2723.75,0
5090,male,0,yes,yes,18,yes,no,dsl,yes,no,yes,yes,yes,yes,month_to_month,no,electronic_check,83.25,1611.15,0
5091,male,1,no,no,4,no,no_phone_service,dsl,no,yes,no,no,yes,yes,month_to_month,yes,credit_card_(automatic),50.95,207.35,0
5092,female,0,no,no,67,yes,yes,fiber_optic,yes,yes,yes,no,yes,no,month_to_month,yes,credit_card_(automatic),102.95,6886.25,1
5093,female,0,yes,yes,18,yes,no,no,no_internet_service,no_internet_service,no_internet_service,no_internet_service,no_internet_service,no_internet_service,month_to_month,no,mailed_check,20.45,357.0,0
5094,male,0,yes,yes,8,yes,no,dsl,no,no,no,no,no,no,month_to_month,no,bank_transfer_(automatic),44.65,369.15,0
5095,female,0,yes,no,58,yes,yes,dsl,yes,no,no,yes,no,no,one_year,yes,bank_transfer_(automatic),61.05,3478.75,0
5096,female,0,no,no,18,yes,yes,fiber_optic,no,no,yes,yes,no,yes,month_to_month,yes,bank_transfer_(automatic),95.05,1679.4,0
5097,female,0,no,no,12,yes,no,no,no_internet_service,no_internet_service,no_internet_service,no_internet_service,no_internet_service,no_internet_service,month_to_month,no,mailed_check,20.1,223.6,0
5098,male,0,yes,no,72,yes,yes,fiber_optic,yes,yes,yes,yes,yes,yes,one_year,yes,bank_transfer_(automatic),117.8,8684.8,1
5099,male,0,yes,no,18,yes,no,fiber_optic,no,no,yes,yes,no,no,month_to_month,no,electronic_check,78.2,1468.75,0
5100,male,0,no,no,1,yes,yes,dsl,no,no,no,no,no,no,month_to_month,yes,electronic_check,50.45,50.45,1
5101,female,0,no,no,40,yes,yes,fiber_optic,no,yes,yes,no,yes,no,month_to_month,yes,bank_transfer_(automatic),93.4,3756.4,0
5102,female,0,yes,yes,8,yes,no,fiber_optic,no,no,yes,no,yes,yes,month_to_month,yes,electronic_check,94.2,777.3,1
5103,male,0,no,no,43,yes,yes,no,no_internet_service,no_internet_service,no_internet_service,no_internet_service,no_internet_service,no_internet_service,two_year,no,bank_transfer_(automatic),26.45,1110.05,0
5104,male,1,yes,no,30,yes,yes,fiber_optic,no,no,no,no,no,no,month_to_month,no,mailed_check,77.9,2351.45,0
5105,female,0,no,no,38,yes,yes,dsl,yes,yes,yes,no,no,no,month_to_month,yes,bank_transfer_(automatic),66.15,2522.4,0
5106,male,0,no,no,31,yes,yes,dsl,no,yes,no,yes,yes,no,month_to_month,yes,electronic_check,71.05,2168.15,0
5107,male,0,yes,yes,72,yes,yes,dsl,yes,yes,yes,yes,no,no,two_year,no,credit_card_(automatic),72.1,5016.65,0
5108,male,0,yes,yes,58,no,no_phone_service,dsl,yes,yes,yes,no,yes,no,one_year,no,mailed_check,50.0,2919.85,0
5109,male,0,yes,yes,19,yes,no,no,no_internet_service,no_internet_service,no_internet_service,no_internet_service,no_internet_service,no_internet_service,month_to_month,no,mailed_check,20.6,414.95,0
5110,female,0,no,no,3,yes,no,fiber_optic,no,no,no,no,yes,no,month_to_month,yes,electronic_check,79.4,244.65,1
5111,male,0,yes,yes,37,yes,no,fiber_optic,no,no,no,no,yes,yes,one_year,no,credit_card_(automatic),91.2,3247.55,0
5112,female,0,no,no,10,yes,yes,fiber_optic,no,yes,yes,no,no,yes,month_to_month,yes,electronic_check,94.85,953.45,1
5113,female,0,yes,no,51,yes,no,fiber_optic,no,no,no,no,no,no,month_to_month,no,mailed_check,69.15,3649.6,0
5114,male,0,no,no,12,yes,no,dsl,no,no,no,yes,no,no,month_to_month,no,bank_transfer_(automatic),50.25,593.75,1
5115,female,0,no,no,7,yes,yes,fiber_optic,no,no,no,no,no,no,month_to_month,yes,electronic_check,73.85,511.25,1
5116,male,0,yes,yes,62,yes,no,dsl,yes,yes,yes,yes,yes,yes,two_year,no,electronic_check,86.1,5215.25,0
5117,female,0,yes,yes,54,yes,yes,no,no_internet_service,no_internet_service,no_internet_service,no_internet_service,no_internet_service,no_internet_service,one_year,yes,bank_transfer_(automatic),24.75,1342.15,0
5118,female,1,yes,yes,57,yes,no,fiber_optic,no,yes,yes,yes,yes,no,month_to_month,yes,credit_card_(automatic),95.3,5567.45,0
5119,female,0,yes,yes,4,yes,yes,fiber_optic,no,no,no,no,no,yes,month_to_month,yes,electronic_check,85.95,381.3,1
5120,female,0,yes,yes,56,yes,yes,fiber_optic,no,yes,yes,yes,no,yes,one_year,yes,credit_card_(automatic),99.75,5608.4,0
5121,female,0,no,no,43,yes,yes,fiber_optic,yes,yes,yes,yes,yes,yes,two_year,no,credit_card_(automatic),115.05,4895.1,0
5122,male,1,no,no,1,no,no_phone_service,dsl,no,yes,yes,no,no,yes,month_to_month,yes,electronic_check,43.3,43.3,1
5123,male,0,no,no,11,yes,no,fiber_optic,no,yes,no,no,no,no,month_to_month,yes,mailed_check,75.9,866.4,0
5124,female,0,yes,yes,17,yes,no,no,no_internet_service,no_internet_service,no_internet_service,no_internet_service,no_internet_service,no_internet_service,one_year,no,mailed_check,20.75,418.25,0
5125,male,0,no,no,2,yes,no,no,no_internet_service,no_internet_service,no_internet_service,no_internet_service,no_internet_service,no_internet_service,month_to_month,no,mailed_check,19.85,51.6,0
5126,female,0,yes,yes,42,yes,no,fiber_optic,no,no,yes,no,yes,yes,month_to_month,yes,electronic_check,92.15,3875.4,0
5127,female,1,yes,no,1,yes,yes,fiber_optic,no,no,no,no,no,no,month_to_month,yes,electronic_check,74.45,74.45,1
5128,female,1,no,no,63,yes,yes,fiber_optic,no,no,yes,no,no,yes,month_to_month,yes,bank_transfer_(automatic),89.6,5538.8,0
5129,female,0,yes,yes,40,yes,yes,no,no_internet_service,no_internet_service,no_internet_service,no_internet_service,no_internet_service,no_internet_service,two_year,yes,mailed_check,24.8,1024.7,0
5130,female,0,no,no,16,yes,yes,dsl,no,no,no,no,no,yes,month_to_month,yes,bank_transfer_(automatic),63.05,1067.05,0
5131,male,0,yes,yes,72,yes,yes,no,no_internet_service,no_internet_service,no_internet_service,no_internet_service,no_internet_service,no_internet_service,two_year,no,bank_transfer_(automatic),25.0,1738.9,0
5132,male,0,yes,no,35,yes,yes,dsl,no,yes,no,yes,yes,no,one_year,yes,electronic_check,69.0,2441.7,0
5133,male,0,yes,yes,15,yes,yes,fiber_optic,no,no,no,no,no,no,month_to_month,yes,bank_transfer_(automatic),74.9,1107.25,1
5134,female,0,no,no,25,yes,no,fiber_optic,yes,yes,no,no,no,no,month_to_month,yes,bank_transfer_(automatic),79.85,2015.35,1
5135,female,0,yes,yes,72,yes,yes,fiber_optic,yes,no,no,no,no,no,two_year,no,bank_transfer_(automatic),79.05,5730.7,0
5136,female,0,yes,no,37,yes,no,no,no_internet_service,no_internet_service,no_internet_service,no_internet_service,no_internet_service,no_internet_service,month_to_month,no,bank_transfer_(automatic),19.5,805.2,0
5137,female,1,yes,yes,32,yes,yes,fiber_optic,no,no,yes,no,yes,no,month_to_month,yes,mailed_check,91.35,2896.55,0
5138,female,0,yes,no,30,yes,no,no,no_internet_service,no_internet_service,no_internet_service,no_internet_service,no_internet_service,no_internet_service,month_to_month,no,bank_transfer_(automatic),19.65,655.85,1
5139,male,0,no,no,39,yes,no,fiber_optic,yes,no,yes,no,yes,yes,two_year,yes,electronic_check,100.45,3801.7,0
5140,male,1,yes,no,33,no,no_phone_service,dsl,no,yes,yes,yes,yes,no,month_to_month,yes,electronic_check,50.0,1750.85,0
5141,male,0,yes,yes,15,yes,yes,dsl,no,no,yes,yes,no,no,month_to_month,yes,bank_transfer_(automatic),59.65,867.1,0
5142,female,1,no,no,23,yes,yes,fiber_optic,no,no,yes,no,no,no,month_to_month,yes,mailed_check,79.35,1835.3,0
5143,male,0,yes,no,28,yes,no,dsl,yes,no,no,yes,no,no,one_year,no,mailed_check,54.35,1426.45,0
5144,female,0,no,no,41,yes,no,no,no_internet_service,no_internet_service,no_internet_service,no_internet_service,no_internet_service,no_internet_service,month_to_month,no,electronic_check,20.45,775.6,0
5145,female,0,no,no,71,yes,yes,fiber_optic,no,yes,yes,yes,yes,yes,two_year,yes,electronic_check,111.25,7984.15,0
5146,male,0,yes,yes,71,yes,yes,fiber_optic,no,yes,no,yes,no,no,two_year,yes,electronic_check,84.8,6152.4,0
5147,female,0,yes,no,55,yes,yes,fiber_optic,yes,no,no,no,yes,no,month_to_month,yes,bank_transfer_(automatic),89.8,4959.6,0
5148,male,0,no,no,66,yes,yes,fiber_optic,yes,yes,yes,yes,yes,yes,one_year,yes,bank_transfer_(automatic),114.3,7383.7,0
5149,female,0,yes,yes,55,yes,no,no,no_internet_service,no_internet_service,no_internet_service,no_internet_service,no_internet_service,no_internet_service,one_year,no,credit_card_(automatic),19.15,998.1,0
5150,male,0,yes,yes,67,yes,yes,fiber_optic,no,yes,yes,no,yes,yes,one_year,yes,electronic_check,105.4,6989.45,0
5151,female,0,no,no,2,yes,no,fiber_optic,no,no,yes,no,no,yes,month_to_month,yes,mailed_check,86.2,178.7,1
5152,female,0,yes,no,61,yes,yes,fiber_optic,no,no,yes,yes,yes,yes,month_to_month,yes,electronic_check,106.35,6751.35,0
5153,male,0,no,no,1,yes,no,fiber_optic,no,no,no,no,yes,yes,month_to_month,yes,electronic_check,90.55,90.55,1
5154,female,0,yes,no,67,yes,yes,fiber_optic,no,yes,yes,yes,yes,yes,one_year,yes,credit_card_(automatic),109.7,7344.45,0
5155,male,0,yes,yes,72,yes,no,no,no_internet_service,no_internet_service,no_internet_service,no_internet_service,no_internet_service,no_internet_service,two_year,no,bank_transfer_(automatic),21.0,1493.75,0
5156,male,0,yes,no,37,yes,no,fiber_optic,no,no,yes,yes,no,yes,month_to_month,yes,electronic_check,90.35,3419.3,0
5157,male,0,yes,no,71,yes,yes,fiber_optic,no,yes,no,yes,yes,yes,two_year,yes,credit_card_(automatic),104.15,7365.3,0
5158,male,1,no,no,30,yes,yes,fiber_optic,yes,no,no,no,no,yes,month_to_month,yes,credit_card_(automatic),90.5,2595.85,0
5159,female,0,yes,no,59,yes,no,no,no_internet_service,no_internet_service,no_internet_service,no_internet_service,no_internet_service,no_internet_service,one_year,no,mailed_check,20.35,1267.0,0
5160,female,1,yes,no,55,yes,yes,fiber_optic,no,yes,yes,yes,no,no,month_to_month,no,electronic_check,90.45,5044.8,0
5161,female,0,no,no,15,yes,no,dsl,no,no,yes,no,no,yes,month_to_month,yes,electronic_check,59.45,892.65,1
5162,male,0,yes,yes,12,yes,no,no,no_internet_service,no_internet_service,no_internet_service,no_internet_service,no_internet_service,no_internet_service,month_to_month,yes,electronic_check,21.15,306.05,0
5163,female,0,yes,yes,2,yes,no,fiber_optic,no,no,no,no,no,no,month_to_month,yes,electronic_check,71.65,135.75,0
5164,male,0,no,no,6,yes,no,no,no_internet_service,no_internet_service,no_internet_service,no_internet_service,no_internet_service,no_internet_service,one_year,no,mailed_check,20.6,116.6,0
5165,female,0,no,no,41,yes,yes,dsl,no,yes,yes,no,yes,yes,one_year,yes,electronic_check,80.55,3263.9,0
5166,female,0,yes,yes,71,yes,yes,dsl,yes,yes,yes,yes,yes,yes,two_year,no,bank_transfer_(automatic),89.9,6342.7,0
5167,female,0,no,no,23,yes,no,dsl,no,yes,yes,no,no,no,one_year,no,bank_transfer_(automatic),55.8,1327.85,0
5168,male,0,yes,no,71,yes,yes,fiber_optic,yes,yes,yes,no,yes,yes,one_year,yes,electronic_check,109.6,7854.15,0
5169,male,0,no,no,17,yes,yes,fiber_optic,no,no,yes,yes,no,no,one_year,no,electronic_check,86.75,1410.25,0
5170,male,0,no,no,29,yes,no,no,no_internet_service,no_internet_service,no_internet_service,no_internet_service,no_internet_service,no_internet_service,one_year,no,mailed_check,19.1,529.5,0
5171,female,0,no,no,1,yes,no,no,no_internet_service,no_internet_service,no_internet_service,no_internet_service,no_internet_service,no_internet_service,month_to_month,no,mailed_check,20.4,20.4,0
5172,female,0,no,yes,15,yes,no,dsl,yes,yes,yes,yes,no,no,one_year,no,credit_card_(automatic),65.6,1010.0,0
5173,male,0,yes,no,68,yes,yes,fiber_optic,yes,yes,no,yes,yes,yes,month_to_month,yes,electronic_check,107.7,7320.9,0
5174,female,0,yes,no,25,yes,no,fiber_optic,no,no,yes,no,no,no,month_to_month,yes,electronic_check,74.6,1797.75,0
5175,female,0,yes,yes,23,yes,yes,dsl,yes,no,yes,yes,yes,no,two_year,yes,bank_transfer_(automatic),77.15,1759.4,0
5176,female,0,no,no,46,yes,yes,fiber_optic,no,no,yes,no,yes,yes,one_year,yes,electronic_check,101.1,4674.4,0
5177,female,0,yes,yes,42,yes,no,fiber_optic,no,no,yes,yes,yes,yes,two_year,yes,electronic_check,100.4,4303.65,0
5178,male,0,yes,no,13,yes,yes,dsl,yes,no,no,no,no,yes,month_to_month,yes,electronic_check,65.85,902.25,0
5179,female,0,no,no,23,yes,yes,fiber_optic,no,yes,no,no,no,no,month_to_month,yes,electronic_check,79.15,1676.95,1
5180,male,0,no,no,7,yes,yes,fiber_optic,no,no,no,no,no,yes,month_to_month,yes,electronic_check,86.8,620.35,1
5181,female,0,yes,yes,66,yes,no,dsl,yes,no,no,no,yes,no,two_year,yes,electronic_check,59.75,3996.8,0
5182,female,0,no,no,16,yes,no,no,no_internet_service,no_internet_service,no_internet_service,no_internet_service,no_internet_service,no_internet_service,one_year,no,mailed_check,20.1,296.15,0
5183,male,0,no,no,69,yes,no,no,no_internet_service,no_internet_service,no_internet_service,no_internet_service,no_internet_service,no_internet_service,two_year,yes,bank_transfer_(automatic),19.3,1447.9,0
5184,male,0,no,no,2,yes,no,no,no_internet_service,no_internet_service,no_internet_service,no_internet_service,no_internet_service,no_internet_service,month_to_month,no,mailed_check,20.05,42.7,0
5185,male,0,yes,no,37,yes,yes,dsl,yes,no,yes,no,yes,yes,one_year,no,mailed_check,79.25,2911.8,0
5186,female,0,yes,yes,70,yes,no,dsl,no,yes,yes,yes,yes,yes,two_year,yes,bank_transfer_(automatic),80.4,5717.85,0
5187,female,1,no,no,18,yes,no,fiber_optic,no,no,yes,no,no,yes,month_to_month,yes,electronic_check,84.95,1443.65,0
5188,female,0,no,no,3,no,no_phone_service,dsl,no,no,no,no,no,no,month_to_month,no,electronic_check,25.25,58.9,1
5189,female,0,yes,no,71,yes,yes,no,no_internet_service,no_internet_service,no_internet_service,no_internet_service,no_internet_service,no_internet_service,two_year,yes,credit_card_(automatic),24.4,1725.4,0
5190,male,0,yes,yes,5,yes,yes,dsl,yes,yes,no,yes,no,no,month_to_month,no,credit_card_(automatic),64.4,316.9,0
5191,female,0,no,no,15,yes,yes,dsl,no,no,no,no,no,no,month_to_month,yes,electronic_check,49.1,679.55,1
5192,female,0,no,no,32,yes,yes,dsl,no,yes,no,no,no,no,month_to_month,yes,electronic_check,54.2,1739.6,0
5193,male,0,yes,no,60,yes,yes,fiber_optic,no,yes,yes,no,yes,no,month_to_month,yes,electronic_check,95.75,5742.9,1
5194,female,0,yes,yes,46,yes,yes,fiber_optic,yes,no,yes,yes,no,yes,two_year,no,mailed_check,99.65,4630.2,0
5195,male,0,no,no,18,yes,yes,dsl,no,no,yes,yes,yes,yes,one_year,yes,credit_card_(automatic),82.0,1425.45,1
5196,male,0,yes,no,72,yes,yes,fiber_optic,no,yes,yes,yes,yes,yes,two_year,yes,electronic_check,108.2,7840.6,0
5197,female,0,yes,yes,28,yes,no,fiber_optic,yes,no,no,no,no,yes,one_year,yes,bank_transfer_(automatic),82.85,2320.8,0
5198,female,0,no,no,45,yes,yes,fiber_optic,no,yes,no,no,yes,no,month_to_month,yes,credit_card_(automatic),89.3,4016.85,1
5199,male,0,yes,yes,48,yes,yes,no,no_internet_service,no_internet_service,no_internet_service,no_internet_service,no_internet_service,no_internet_service,two_year,no,bank_transfer_(automatic),26.3,1245.05,0
5200,female,0,yes,no,47,yes,yes,no,no_internet_service,no_internet_service,no_internet_service,no_internet_service,no_internet_service,no_internet_service,one_year,no,electronic_check,26.9,1250.85,0
5201,male,0,yes,no,35,yes,yes,fiber_optic,no,no,no,yes,yes,no,month_to_month,yes,credit_card_(automatic),91.5,3236.35,0
5202,female,0,yes,no,15,yes,yes,dsl,no,no,no,no,no,no,month_to_month,yes,electronic_check,51.1,711.15,0
5203,male,0,no,yes,11,yes,yes,fiber_optic,no,no,no,no,no,yes,month_to_month,no,electronic_check,86.2,893.2,0
5204,female,0,yes,yes,54,yes,no,no,no_internet_service,no_internet_service,no_internet_service,no_internet_service,no_internet_service,no_internet_service,two_year,yes,bank_transfer_(automatic),20.35,1092.35,0
5205,female,0,yes,yes,53,no,no_phone_service,dsl,yes,yes,yes,no,no,yes,month_to_month,yes,bank_transfer_(automatic),48.7,2495.2,0
5206,female,0,no,no,63,yes,no,no,no_internet_service,no_internet_service,no_internet_service,no_internet_service,no_internet_service,no_internet_service,two_year,yes,mailed_check,20.6,1298.7,0
5207,male,0,yes,no,21,yes,yes,fiber_optic,no,no,yes,yes,yes,yes,month_to_month,yes,electronic_check,106.1,2249.95,1
5208,female,0,no,no,63,yes,no,dsl,no,no,yes,no,no,yes,one_year,no,credit_card_(automatic),58.55,3503.5,0
5209,female,0,no,no,12,yes,no,no,no_internet_service,no_internet_service,no_internet_service,no_internet_service,no_internet_service,no_internet_service,month_to_month,no,mailed_check,20.4,266.6,0
5210,female,0,yes,yes,5,yes,no,fiber_optic,no,no,no,no,no,no,month_to_month,no,credit_card_(automatic),69.95,320.4,0
5211,male,0,yes,yes,24,yes,no,dsl,yes,no,yes,no,no,no,one_year,yes,credit_card_(automatic),56.25,1454.25,0
5212,male,0,no,no,2,yes,no,fiber_optic,yes,yes,no,no,yes,yes,month_to_month,no,electronic_check,100.2,198.5,0
5213,male,0,no,no,1,yes,yes,dsl,no,no,yes,yes,no,no,month_to_month,no,mailed_check,62.05,62.05,1
5214,male,0,yes,yes,48,yes,yes,no,no_internet_service,no_internet_service,no_internet_service,no_internet_service,no_internet_service,no_internet_service,two_year,no,mailed_check,23.55,1173.35,0
5215,female,0,no,no,62,yes,yes,fiber_optic,yes,yes,yes,yes,yes,yes,one_year,yes,credit_card_(automatic),115.05,7133.45,0
5216,female,0,yes,yes,29,yes,no,no,no_internet_service,no_internet_service,no_internet_service,no_internet_service,no_internet_service,no_internet_service,one_year,no,electronic_check,20.0,540.05,0
5217,female,0,no,no,38,yes,no,fiber_optic,yes,yes,yes,no,no,no,month_to_month,yes,credit_card_(automatic),83.9,3233.6,1
5218,male,0,yes,no,42,yes,no,no,no_internet_service,no_internet_service,no_internet_service,no_internet_service,no_internet_service,no_internet_service,two_year,no,electronic_check,20.25,835.5,0
5219,male,0,no,no,66,yes,yes,fiber_optic,no,yes,no,yes,yes,yes,one_year,yes,electronic_check,104.25,6860.6,0
5220,female,0,yes,yes,72,yes,yes,dsl,no,no,yes,no,yes,yes,two_year,yes,bank_transfer_(automatic),76.8,5468.45,0
5221,male,1,yes,no,7,yes,yes,fiber_optic,no,no,yes,no,yes,yes,month_to_month,yes,electronic_check,101.95,700.85,1
5222,male,0,no,no,1,yes,no,no,no_internet_service,no_internet_service,no_internet_service,no_internet_service,no_internet_service,no_internet_service,month_to_month,no,credit_card_(automatic),20.55,20.55,0
5223,female,0,yes,yes,69,yes,no,no,no_internet_service,no_internet_service,no_internet_service,no_internet_service,no_internet_service,no_internet_service,two_year,no,bank_transfer_(automatic),20.15,1337.5,0
5224,male,1,no,no,24,yes,yes,fiber_optic,no,yes,no,no,no,no,month_to_month,yes,electronic_check,80.5,2088.45,0
5225,male,0,no,no,5,no,no_phone_service,dsl,no,no,no,no,no,no,month_to_month,no,mailed_check,24.3,100.2,0
5226,male,0,no,no,4,yes,no,fiber_optic,no,no,no,no,no,yes,month_to_month,yes,electronic_check,79.9,324.3,1
5227,male,0,no,yes,1,yes,no,fiber_optic,no,no,no,no,yes,yes,month_to_month,yes,electronic_check,90.85,90.85,1
5228,female,0,no,no,3,yes,yes,fiber_optic,no,no,no,no,no,no,month_to_month,yes,electronic_check,75.8,246.3,1
5229,male,0,no,no,2,yes,no,dsl,yes,no,no,yes,no,no,month_to_month,yes,mailed_check,54.45,87.3,0
5230,female,0,yes,yes,39,yes,no,no,no_internet_service,no_internet_service,no_internet_service,no_internet_service,no_internet_service,no_internet_service,two_year,no,mailed_check,19.75,757.95,0
5231,male,0,no,no,1,yes,no,dsl,no,no,no,no,no,no,month_to_month,no,electronic_check,45.3,45.3,1
5232,male,1,no,no,50,yes,yes,fiber_optic,no,no,no,no,yes,yes,month_to_month,yes,electronic_check,95.7,4816.7,1
5233,female,0,no,no,8,yes,no,no,no_internet_service,no_internet_service,no_internet_service,no_internet_service,no_internet_service,no_internet_service,month_to_month,no,mailed_check,19.2,156.85,0
5234,female,0,no,no,1,yes,no,no,no_internet_service,no_internet_service,no_internet_service,no_internet_service,no_internet_service,no_internet_service,month_to_month,no,credit_card_(automatic),19.55,19.55,0
5235,male,0,yes,yes,15,yes,no,fiber_optic,yes,no,no,yes,yes,yes,one_year,no,electronic_check,101.9,1667.25,0
5236,male,0,no,no,72,yes,yes,fiber_optic,no,yes,yes,no,yes,yes,one_year,yes,electronic_check,104.95,7544.3,0
5237,male,0,yes,yes,64,yes,yes,fiber_optic,yes,yes,yes,no,no,no,month_to_month,yes,electronic_check,91.8,5960.5,0
5238,male,1,no,no,45,yes,no,dsl,yes,no,yes,no,no,yes,one_year,no,credit_card_(automatic),62.7,2791.5,1
5239,female,0,no,no,44,no,no_phone_service,dsl,no,no,yes,no,yes,yes,one_year,yes,electronic_check,49.05,2265.0,0
5240,male,0,no,no,1,yes,no,no,no_internet_service,no_internet_service,no_internet_service,no_internet_service,no_internet_service,no_internet_service,month_to_month,no,mailed_check,20.1,20.1,1
5241,male,0,yes,yes,42,yes,no,no,no_internet_service,no_internet_service,no_internet_service,no_internet_service,no_internet_service,no_internet_service,one_year,no,mailed_check,20.25,854.9,0
5242,male,0,yes,no,71,yes,yes,no,no_internet_service,no_internet_service,no_internet_service,no_internet_service,no_internet_service,no_internet_service,two_year,yes,electronic_check,24.5,1816.2,0
5243,female,0,yes,yes,38,yes,no,dsl,yes,yes,no,yes,yes,yes,one_year,no,credit_card_(automatic),80.3,3058.65,1
5244,male,0,yes,yes,18,no,no_phone_service,dsl,no,no,no,no,no,no,month_to_month,no,credit_card_(automatic),25.55,467.85,0
5245,female,0,yes,no,8,yes,yes,fiber_optic,no,no,no,no,no,yes,month_to_month,yes,electronic_check,84.9,764.95,1
5246,male,0,no,no,1,yes,no,fiber_optic,no,no,no,no,no,no,month_to_month,yes,mailed_check,71.55,71.55,1
5247,female,0,no,no,17,yes,yes,no,no_internet_service,no_internet_service,no_internet_service,no_internet_service,no_internet_service,no_internet_service,month_to_month,no,mailed_check,24.8,475.25,0
5248,male,0,no,no,1,yes,no,dsl,no,no,no,yes,no,no,month_to_month,no,mailed_check,49.05,49.05,0
5249,male,0,yes,yes,69,yes,yes,dsl,no,yes,yes,yes,yes,yes,two_year,yes,bank_transfer_(automatic),81.95,5601.4,0
5250,female,0,yes,no,59,yes,yes,fiber_optic,yes,yes,yes,no,yes,yes,one_year,yes,credit_card_(automatic),109.15,6557.75,0
5251,male,0,no,no,15,yes,no,fiber_optic,no,no,yes,yes,yes,yes,month_to_month,yes,electronic_check,101.35,1553.95,1
5252,male,0,yes,no,70,yes,no,dsl,yes,yes,yes,yes,no,no,two_year,no,credit_card_(automatic),64.95,4523.25,0
5253,female,1,yes,no,50,yes,yes,fiber_optic,no,yes,no,no,yes,no,month_to_month,yes,electronic_check,88.05,4367.35,1
5254,male,1,no,no,3,yes,yes,fiber_optic,no,yes,no,no,no,no,month_to_month,yes,electronic_check,81.35,233.7,1
5255,female,0,no,no,16,no,no_phone_service,dsl,yes,no,no,no,yes,no,month_to_month,yes,electronic_check,38.9,664.4,0
5256,female,1,yes,no,56,yes,yes,dsl,yes,yes,yes,yes,no,no,one_year,yes,credit_card_(automatic),68.45,4014.0,0
5257,male,0,no,no,8,yes,yes,dsl,no,no,no,no,yes,no,month_to_month,yes,electronic_check,59.25,436.6,0
5258,female,0,no,no,13,yes,no,fiber_optic,no,no,no,no,yes,no,month_to_month,yes,mailed_check,81.9,1028.9,0
5259,female,0,no,no,1,yes,no,no,no_internet_service,no_internet_service,no_internet_service,no_internet_service,no_internet_service,no_internet_service,month_to_month,no,electronic_check,19.3,19.3,1
5260,male,0,no,no,3,yes,yes,dsl,no,no,no,yes,yes,no,month_to_month,yes,mailed_check,65.25,209.9,0
5261,female,0,yes,yes,66,yes,yes,fiber_optic,no,no,no,no,no,no,one_year,yes,bank_transfer_(automatic),74.25,4859.25,0
5262,female,1,no,no,20,yes,yes,dsl,no,no,no,no,no,yes,month_to_month,yes,mailed_check,61.6,1174.35,1
5263,male,1,no,no,67,yes,yes,no,no_internet_service,no_internet_service,no_internet_service,no_internet_service,no_internet_service,no_internet_service,two_year,no,credit_card_(automatic),25.1,1672.15,0
5264,male,1,no,no,1,yes,yes,fiber_optic,no,no,no,no,yes,yes,month_to_month,yes,electronic_check,94.0,94.0,1
5265,male,0,yes,yes,22,yes,no,no,no_internet_service,no_internet_service,no_internet_service,no_internet_service,no_internet_service,no_internet_service,one_year,no,mailed_check,19.95,433.5,0
5266,male,1,yes,no,17,yes,no,fiber_optic,no,yes,no,no,no,no,month_to_month,yes,electronic_check,76.45,1233.4,1
5267,female,0,yes,no,67,yes,yes,no,no_internet_service,no_internet_service,no_internet_service,no_internet_service,no_internet_service,no_internet_service,two_year,yes,credit_card_(automatic),25.25,1733.15,0
5268,male,1,yes,no,44,yes,no,no,no_internet_service,no_internet_service,no_internet_service,no_internet_service,no_internet_service,no_internet_service,two_year,yes,credit_card_(automatic),19.35,847.25,0
5269,male,0,no,no,44,yes,no,no,no_internet_service,no_internet_service,no_internet_service,no_internet_service,no_internet_service,no_internet_service,two_year,no,credit_card_(automatic),20.4,905.55,0
5270,male,1,no,no,51,yes,yes,fiber_optic,no,no,yes,no,yes,yes,month_to_month,yes,electronic_check,97.8,4913.3,1
5271,female,0,yes,no,25,yes,no,fiber_optic,no,no,no,yes,yes,yes,month_to_month,yes,electronic_check,95.15,2395.7,0
5272,male,0,no,no,48,yes,yes,fiber_optic,no,yes,yes,no,yes,yes,one_year,yes,credit_card_(automatic),106.1,5082.8,1
5273,male,0,yes,no,40,yes,yes,fiber_optic,no,yes,no,no,yes,yes,month_to_month,yes,electronic_check,101.3,4113.1,1
5274,female,0,no,no,12,yes,yes,fiber_optic,no,no,no,yes,no,no,month_to_month,yes,credit_card_(automatic),79.55,958.25,0
5275,female,0,no,no,46,yes,no,dsl,no,no,yes,yes,no,no,two_year,no,credit_card_(automatic),54.35,2460.15,1
5276,female,0,yes,no,69,yes,yes,no,no_internet_service,no_internet_service,no_internet_service,no_internet_service,no_internet_service,no_internet_service,two_year,yes,credit_card_(automatic),24.95,1718.35,0
5277,male,1,yes,yes,56,yes,yes,fiber_optic,yes,no,yes,no,yes,yes,one_year,yes,bank_transfer_(automatic),104.55,5794.65,1
5278,male,0,yes,yes,44,yes,yes,no,no_internet_service,no_internet_service,no_internet_service,no_internet_service,no_internet_service,no_internet_service,one_year,no,mailed_check,25.7,1110.5,0
5279,female,0,no,no,18,no,no_phone_service,dsl,yes,yes,no,yes,no,no,one_year,yes,mailed_check,40.2,711.95,0
5280,female,0,no,no,5,yes,no,no,no_internet_service,no_internet_service,no_internet_service,no_internet_service,no_internet_service,no_internet_service,month_to_month,no,mailed_check,20.15,117.95,0
5281,female,0,yes,no,1,yes,no,fiber_optic,no,no,no,no,no,no,month_to_month,yes,mailed_check,69.4,69.4,1
5282,female,0,yes,no,12,yes,no,dsl,yes,no,no,yes,no,no,month_to_month,no,bank_transfer_(automatic),54.2,690.5,0
5283,female,0,yes,no,42,yes,no,no,no_internet_service,no_internet_service,no_internet_service,no_internet_service,no_internet_service,no_internet_service,month_to_month,no,credit_card_(automatic),20.35,869.9,0
5284,female,0,no,no,7,yes,no,fiber_optic,no,yes,no,no,yes,yes,one_year,yes,mailed_check,94.05,633.45,0
5285,female,0,yes,yes,8,yes,no,dsl,no,no,no,yes,yes,yes,month_to_month,yes,electronic_check,68.55,564.35,0
5286,male,0,no,no,5,yes,no,dsl,no,no,yes,yes,yes,yes,month_to_month,no,bank_transfer_(automatic),75.15,392.65,0
5287,male,0,yes,no,42,yes,yes,dsl,yes,no,no,yes,yes,yes,one_year,no,credit_card_(automatic),80.45,3375.9,0
5288,female,0,yes,yes,36,yes,yes,fiber_optic,no,yes,yes,no,yes,no,month_to_month,yes,bank_transfer_(automatic),97.35,3457.9,1
5289,male,0,yes,no,33,yes,no,dsl,yes,yes,no,yes,no,no,two_year,yes,mailed_check,61.05,2018.4,0
5290,female,1,yes,no,66,yes,yes,fiber_optic,no,yes,yes,no,yes,yes,one_year,no,credit_card_(automatic),104.6,6819.45,0
5291,female,1,no,no,32,yes,no,fiber_optic,no,yes,no,no,no,no,month_to_month,yes,electronic_check,74.4,2276.95,1
5292,male,0,yes,yes,25,yes,yes,dsl,no,no,no,yes,no,no,one_year,yes,mailed_check,55.1,1466.1,0
5293,male,0,no,no,1,yes,no,no,no_internet_service,no_internet_service,no_internet_service,no_internet_service,no_internet_service,no_internet_service,month_to_month,no,mailed_check,20.0,20.0,0
5294,male,0,no,yes,1,no,no_phone_service,dsl,no,no,no,no,no,no,month_to_month,yes,electronic_check,24.7,24.7,0
5295,female,0,yes,yes,52,yes,no,no,no_internet_service,no_internet_service,no_internet_service,no_internet_service,no_internet_service,no_internet_service,two_year,no,bank_transfer_(automatic),20.1,1078.75,0
5296,male,0,no,no,64,yes,yes,fiber_optic,yes,yes,no,no,no,no,one_year,yes,credit_card_(automatic),84.3,5289.05,0
5297,male,0,yes,no,56,no,no_phone_service,dsl,no,no,yes,yes,yes,yes,one_year,yes,bank_transfer_(automatic),54.05,2959.8,0
5298,male,0,no,no,48,yes,no,no,no_internet_service,no_internet_service,no_internet_service,no_internet_service,no_internet_service,no_internet_service,two_year,no,credit_card_(automatic),20.15,982.95,0
5299,female,0,yes,yes,46,no,no_phone_service,dsl,yes,yes,no,no,no,no,month_to_month,no,bank_transfer_(automatic),35.05,1620.25,0
5300,female,0,yes,yes,1,yes,no,no,no_internet_service,no_internet_service,no_internet_service,no_internet_service,no_internet_service,no_internet_service,month_to_month,yes,mailed_check,20.5,20.5,1
5301,male,0,yes,yes,24,yes,no,dsl,yes,yes,no,yes,no,yes,month_to_month,yes,credit_card_(automatic),70.3,1706.45,0
5302,male,0,yes,no,55,no,no_phone_service,dsl,no,no,yes,yes,yes,yes,month_to_month,yes,bank_transfer_(automatic),54.55,2978.3,1
5303,female,0,no,no,33,yes,yes,fiber_optic,yes,no,no,no,no,yes,month_to_month,yes,electronic_check,90.65,2989.6,0
5304,female,0,no,no,26,yes,no,fiber_optic,no,no,no,no,yes,yes,month_to_month,yes,bank_transfer_(automatic),88.8,2274.35,1
5305,male,0,no,no,28,yes,no,fiber_optic,no,yes,no,yes,yes,no,one_year,yes,bank_transfer_(automatic),91.25,2483.65,0
5306,male,0,no,no,41,yes,no,fiber_optic,no,yes,no,yes,yes,yes,two_year,yes,credit_card_(automatic),99.65,4220.35,0
5307,female,1,no,no,71,yes,yes,fiber_optic,no,yes,yes,no,yes,yes,one_year,yes,electronic_check,105.9,7521.95,0
5308,male,0,no,no,9,no,no_phone_service,dsl,no,no,no,no,yes,no,month_to_month,yes,credit_card_(automatic),34.7,296.1,1
5309,male,0,no,yes,4,yes,no,dsl,yes,no,no,no,no,no,month_to_month,yes,electronic_check,49.4,184.4,1
5310,male,0,yes,yes,67,yes,no,no,no_internet_service,no_internet_service,no_internet_service,no_internet_service,no_internet_service,no_internet_service,two_year,yes,credit_card_(automatic),19.4,1284.2,0
5311,female,0,no,no,59,yes,yes,dsl,yes,yes,yes,yes,no,yes,one_year,no,credit_card_(automatic),79.85,4786.1,0
5312,female,1,yes,no,40,no,no_phone_service,dsl,no,yes,no,no,yes,no,month_to_month,yes,electronic_check,39.3,1637.4,1
5313,male,0,no,no,3,yes,no,dsl,no,no,no,yes,yes,yes,month_to_month,yes,electronic_check,69.35,191.35,1
5314,female,0,no,no,25,yes,yes,fiber_optic,no,yes,yes,yes,yes,yes,two_year,no,electronic_check,108.9,2809.05,0
5315,male,0,no,no,46,no,no_phone_service,dsl,yes,no,yes,yes,no,no,two_year,no,mailed_check,38.25,1755.35,0
5316,male,0,no,yes,50,no,no_phone_service,dsl,yes,yes,no,no,yes,no,one_year,yes,bank_transfer_(automatic),43.05,2208.05,0
5317,female,0,no,no,1,yes,no,no,no_internet_service,no_internet_service,no_internet_service,no_internet_service,no_internet_service,no_internet_service,month_to_month,no,mailed_check,20.5,20.5,1
5318,male,1,yes,no,34,yes,no,fiber_optic,no,no,yes,no,yes,no,month_to_month,yes,credit_card_(automatic),85.2,2874.45,0
5319,female,0,no,no,29,yes,yes,fiber_optic,no,no,no,no,no,no,month_to_month,yes,electronic_check,74.2,1993.25,0
5320,female,0,yes,yes,41,yes,yes,dsl,yes,yes,yes,no,yes,no,one_year,yes,credit_card_(automatic),78.35,3211.2,0
5321,female,0,no,no,57,yes,yes,fiber_optic,yes,yes,no,yes,no,no,month_to_month,yes,bank_transfer_(automatic),87.55,4884.85,0
5322,female,0,yes,no,23,yes,no,dsl,no,no,yes,yes,no,no,month_to_month,no,electronic_check,54.25,1221.55,0
5323,male,0,no,yes,26,no,no_phone_service,dsl,no,yes,no,no,yes,no,one_year,yes,bank_transfer_(automatic),39.95,1023.75,0
5324,male,0,yes,yes,31,yes,yes,dsl,yes,yes,no,yes,no,yes,one_year,yes,bank_transfer_(automatic),75.25,2344.5,0
5325,male,0,yes,yes,72,yes,yes,dsl,yes,yes,yes,yes,no,no,two_year,no,bank_transfer_(automatic),69.85,5102.35,0
5326,male,0,yes,no,72,yes,yes,dsl,no,yes,yes,yes,yes,yes,two_year,no,bank_transfer_(automatic),85.95,6151.9,0
5327,female,0,yes,yes,48,yes,yes,dsl,no,yes,no,yes,yes,yes,two_year,no,electronic_check,79.65,3870.3,0
5328,male,1,yes,no,72,yes,yes,fiber_optic,no,yes,yes,yes,yes,yes,two_year,yes,bank_transfer_(automatic),109.75,7932.5,0
5329,female,0,no,no,9,yes,no,no,no_internet_service,no_internet_service,no_internet_service,no_internet_service,no_internet_service,no_internet_service,month_to_month,yes,electronic_check,19.5,178.85,0
5330,female,0,no,no,3,yes,yes,fiber_optic,no,no,no,no,no,no,month_to_month,no,electronic_check,76.1,257.6,0
5331,male,0,yes,yes,29,yes,yes,dsl,yes,no,no,yes,yes,no,one_year,no,bank_transfer_(automatic),69.05,1958.45,0
5332,male,0,no,no,11,yes,no,no,no_internet_service,no_internet_service,no_internet_service,no_internet_service,no_internet_service,no_internet_service,month_to_month,no,mailed_check,20.25,208.0,0
5333,male,1,no,no,13,yes,no,dsl,no,yes,no,no,yes,no,month_to_month,yes,electronic_check,59.9,788.35,0
5334,male,0,yes,no,63,yes,yes,fiber_optic,no,yes,yes,no,yes,yes,month_to_month,yes,electronic_check,102.4,6444.05,0
5335,male,0,yes,no,19,yes,yes,fiber_optic,yes,yes,no,yes,no,no,month_to_month,yes,credit_card_(automatic),88.8,1672.35,0
5336,female,0,no,no,22,yes,no,dsl,yes,no,no,no,no,no,month_to_month,yes,credit_card_(automatic),48.8,1054.6,1
5337,male,0,yes,yes,35,yes,yes,dsl,yes,yes,yes,yes,no,no,two_year,yes,credit_card_(automatic),69.15,2490.15,0
5338,female,1,yes,no,20,yes,no,dsl,no,yes,no,no,no,yes,month_to_month,yes,electronic_check,60.0,1259.35,0
5339,female,0,yes,yes,65,yes,yes,fiber_optic,yes,yes,no,yes,yes,no,two_year,yes,credit_card_(automatic),99.05,6416.7,0
5340,male,0,yes,yes,55,yes,no,fiber_optic,no,yes,no,yes,no,no,month_to_month,no,electronic_check,79.4,4238.45,0
5341,female,0,no,no,40,yes,no,dsl,yes,yes,no,no,yes,no,month_to_month,no,mailed_check,65.1,2586.0,0
5342,male,0,yes,yes,19,yes,yes,fiber_optic,no,no,yes,yes,yes,yes,month_to_month,no,electronic_check,103.3,2012.7,1
5343,male,0,no,no,48,yes,no,dsl,no,yes,yes,yes,yes,yes,two_year,no,credit_card_(automatic),78.9,3771.5,0
5344,female,0,yes,no,71,yes,yes,fiber_optic,yes,yes,yes,yes,yes,yes,two_year,yes,credit_card_(automatic),115.15,8078.1,0
5345,female,1,no,no,18,yes,no,fiber_optic,no,yes,no,no,no,no,month_to_month,yes,electronic_check,73.55,1359.45,0
5346,female,1,no,no,15,yes,yes,fiber_optic,no,yes,no,no,no,yes,month_to_month,no,electronic_check,89.85,1424.95,1
5347,male,1,yes,no,64,yes,no,fiber_optic,yes,no,yes,no,no,no,one_year,no,credit_card_(automatic),80.3,5017.7,0
5348,female,0,no,no,4,yes,yes,no,no_internet_service,no_internet_service,no_internet_service,no_internet_service,no_internet_service,no_internet_service,two_year,yes,credit_card_(automatic),25.3,116.95,0
5349,female,1,no,no,64,no,no_phone_service,dsl,no,yes,no,yes,yes,no,month_to_month,yes,electronic_check,43.85,2751.0,0
5350,male,0,no,no,39,yes,yes,dsl,no,no,no,yes,no,no,two_year,yes,credit_card_(automatic),53.85,2200.7,0
5351,male,0,yes,yes,23,yes,no,no,no_internet_service,no_internet_service,no_internet_service,no_internet_service,no_internet_service,no_internet_service,one_year,no,mailed_check,19.65,436.9,0
5352,female,0,yes,no,39,yes,no,fiber_optic,yes,no,yes,yes,yes,yes,one_year,yes,credit_card_(automatic),104.7,4134.85,1
5353,male,0,yes,no,3,yes,no,no,no_internet_service,no_internet_service,no_internet_service,no_internet_service,no_internet_service,no_internet_service,month_to_month,no,bank_transfer_(automatic),20.0,49.65,0
5354,male,1,yes,no,54,no,no_phone_service,dsl,no,no,no,no,no,no,month_to_month,yes,bank_transfer_(automatic),24.95,1364.75,0
5355,female,0,yes,yes,48,yes,no,no,no_internet_service,no_internet_service,no_internet_service,no_internet_service,no_internet_service,no_internet_service,two_year,no,mailed_check,20.0,935.9,0
5356,male,1,yes,yes,66,yes,yes,fiber_optic,no,no,yes,no,yes,yes,month_to_month,yes,credit_card_(automatic),99.5,6822.15,1
5357,female,1,no,no,18,yes,yes,fiber_optic,no,yes,no,yes,no,no,month_to_month,yes,electronic_check,85.45,1505.85,1
5358,male,0,no,no,2,yes,no,fiber_optic,yes,no,no,no,no,no,month_to_month,yes,electronic_check,75.7,189.2,1
5359,female,0,no,yes,12,yes,yes,fiber_optic,no,no,no,no,no,no,month_to_month,yes,electronic_check,76.6,893.0,0
5360,male,0,no,no,8,yes,yes,fiber_optic,no,no,no,no,no,no,month_to_month,yes,electronic_check,74.85,572.45,0
5361,male,0,no,no,4,yes,yes,fiber_optic,yes,no,no,no,no,no,month_to_month,yes,electronic_check,80.1,336.15,0
5362,female,0,no,yes,7,yes,no,no,no_internet_service,no_internet_service,no_internet_service,no_internet_service,no_internet_service,no_internet_service,one_year,no,mailed_check,20.05,96.8,0
5363,male,0,no,no,19,yes,yes,dsl,no,no,yes,yes,no,no,month_to_month,no,electronic_check,59.55,1144.6,0
5364,female,0,yes,yes,57,yes,no,dsl,yes,no,no,no,yes,yes,one_year,yes,bank_transfer_(automatic),70.1,3913.3,1
5365,female,0,yes,no,4,yes,no,no,no_internet_service,no_internet_service,no_internet_service,no_internet_service,no_internet_service,no_internet_service,month_to_month,no,mailed_check,19.6,93.45,0
5366,male,0,no,no,10,yes,no,fiber_optic,yes,yes,yes,yes,yes,yes,month_to_month,yes,electronic_check,110.1,1043.3,1
5367,male,0,no,no,5,yes,yes,fiber_optic,no,yes,yes,no,no,no,month_to_month,yes,electronic_check,85.3,424.15,1
5368,male,1,yes,no,27,yes,yes,dsl,no,yes,yes,yes,yes,yes,month_to_month,yes,bank_transfer_(automatic),84.8,2309.55,0
5369,female,0,yes,yes,69,yes,yes,dsl,yes,yes,no,yes,yes,no,one_year,no,credit_card_(automatic),73.7,4885.85,0
5370,female,0,no,no,5,yes,no,fiber_optic,no,yes,no,no,yes,no,month_to_month,yes,mailed_check,85.3,420.45,0
5371,female,1,yes,yes,56,yes,no,dsl,yes,no,no,yes,yes,yes,two_year,yes,credit_card_(automatic),72.6,4084.35,0
5372,male,0,no,no,2,yes,no,fiber_optic,no,no,no,no,yes,no,month_to_month,yes,electronic_check,80.25,144.55,1
5373,female,0,no,no,13,yes,yes,fiber_optic,yes,yes,no,no,yes,no,month_to_month,yes,electronic_check,96.65,1244.5,1
5374,female,0,yes,yes,34,yes,yes,no,no_internet_service,no_internet_service,no_internet_service,no_internet_service,no_internet_service,no_internet_service,one_year,yes,credit_card_(automatic),25.6,917.15,0
5375,male,0,no,no,24,yes,yes,fiber_optic,no,yes,no,no,no,no,month_to_month,yes,electronic_check,80.25,1861.5,1
5376,female,0,no,no,42,yes,no,no,no_internet_service,no_internet_service,no_internet_service,no_internet_service,no_internet_service,no_internet_service,one_year,yes,mailed_check,20.65,958.1,0
5377,female,0,yes,no,11,yes,no,dsl,no,no,no,no,no,no,month_to_month,yes,electronic_check,44.05,483.7,1
5378,male,0,no,no,9,yes,no,fiber_optic,no,no,yes,no,yes,yes,month_to_month,yes,electronic_check,94.05,811.65,0
5379,male,0,no,yes,49,yes,yes,fiber_optic,no,no,no,no,no,no,month_to_month,no,credit_card_(automatic),75.2,3678.3,1
5380,male,0,no,yes,6,yes,no,no,no_internet_service,no_internet_service,no_internet_service,no_internet_service,no_internet_service,no_internet_service,month_to_month,yes,mailed_check,20.2,98.35,0
5381,female,0,no,no,1,yes,no,fiber_optic,no,no,no,no,no,no,month_to_month,no,electronic_check,71.35,71.35,1
5382,female,0,no,no,38,yes,yes,dsl,yes,yes,yes,no,yes,yes,one_year,no,bank_transfer_(automatic),84.1,3187.65,0
5383,female,1,no,no,4,yes,no,fiber_optic,no,no,no,no,yes,no,month_to_month,yes,electronic_check,78.85,292.8,1
5384,male,0,yes,yes,63,yes,yes,dsl,yes,yes,yes,no,yes,yes,two_year,no,credit_card_(automatic),83.5,5435.0,0
5385,female,0,no,no,25,yes,no,no,no_internet_service,no_internet_service,no_internet_service,no_internet_service,no_internet_service,no_internet_service,month_to_month,yes,credit_card_(automatic),19.2,532.1,0
5386,female,0,yes,yes,18,yes,yes,no,no_internet_service,no_internet_service,no_internet_service,no_internet_service,no_internet_service,no_internet_service,two_year,yes,credit_card_(automatic),24.65,471.35,0
5387,male,1,no,no,1,yes,no,dsl,no,no,no,no,no,no,month_to_month,no,electronic_check,46.3,46.3,0
5388,male,0,yes,yes,69,no,no_phone_service,dsl,yes,no,yes,yes,no,no,two_year,no,mailed_check,39.1,2779.5,0
5389,male,0,yes,yes,72,yes,no,no,no_internet_service,no_internet_service,no_internet_service,no_internet_service,no_internet_service,no_internet_service,two_year,no,credit_card_(automatic),19.4,1363.25,0
5390,female,0,no,no,66,yes,yes,fiber_optic,no,yes,no,no,yes,no,one_year,yes,bank_transfer_(automatic),88.9,6000.1,0
5391,male,0,no,no,1,yes,no,no,no_internet_service,no_internet_service,no_internet_service,no_internet_service,no_internet_service,no_internet_service,month_to_month,no,credit_card_(automatic),20.75,20.75,0
5392,female,0,no,no,36,yes,no,no,no_internet_service,no_internet_service,no_internet_service,no_internet_service,no_internet_service,no_internet_service,one_year,no,mailed_check,19.55,620.75,0
5393,female,0,yes,yes,11,yes,no,no,no_internet_service,no_internet_service,no_internet_service,no_internet_service,no_internet_service,no_internet_service,two_year,no,credit_card_(automatic),20.9,202.3,0
5394,male,0,yes,no,61,yes,yes,dsl,yes,yes,yes,yes,no,yes,two_year,yes,bank_transfer_(automatic),80.8,4860.85,0
5395,female,0,yes,no,70,no,no_phone_service,dsl,no,yes,yes,yes,yes,yes,two_year,no,bank_transfer_(automatic),57.8,4039.3,0
5396,male,0,no,yes,32,yes,yes,dsl,no,yes,yes,yes,yes,yes,one_year,no,credit_card_(automatic),83.7,2633.3,0
5397,female,0,no,yes,26,no,no_phone_service,dsl,yes,no,no,yes,no,yes,month_to_month,no,mailed_check,45.8,1147.0,0
5398,male,0,no,no,1,yes,no,fiber_optic,no,no,no,no,no,no,month_to_month,yes,mailed_check,71.35,71.35,1
5399,male,1,no,no,22,yes,yes,fiber_optic,no,no,no,yes,yes,no,month_to_month,yes,bank_transfer_(automatic),90.5,1910.6,1
5400,male,0,yes,no,52,yes,yes,dsl,yes,yes,yes,yes,no,yes,one_year,yes,credit_card_(automatic),81.4,4354.45,0
5401,male,0,yes,no,72,yes,yes,fiber_optic,yes,yes,no,yes,yes,yes,two_year,yes,credit_card_(automatic),108.95,7875.0,0
5402,male,1,no,no,16,yes,no,fiber_optic,no,no,no,no,no,yes,month_to_month,yes,electronic_check,78.75,1218.25,0
5403,female,0,yes,yes,16,yes,yes,fiber_optic,no,yes,no,no,no,no,month_to_month,yes,credit_card_(automatic),79.95,1267.95,0
5404,male,0,yes,yes,1,yes,no,no,no_internet_service,no_internet_service,no_internet_service,no_internet_service,no_internet_service,no_internet_service,month_to_month,no,electronic_check,19.75,19.75,0
5405,female,0,yes,yes,15,yes,no,no,no_internet_service,no_internet_service,no_internet_service,no_internet_service,no_internet_service,no_internet_service,one_year,no,mailed_check,20.55,295.95,0
5406,male,1,no,no,32,yes,no,no,no_internet_service,no_internet_service,no_internet_service,no_internet_service,no_internet_service,no_internet_service,one_year,no,credit_card_(automatic),19.8,587.7,0
5407,female,1,yes,no,11,yes,yes,fiber_optic,no,no,yes,no,yes,yes,month_to_month,yes,electronic_check,99.55,1131.2,1
5408,male,0,yes,no,70,yes,yes,fiber_optic,yes,yes,yes,yes,yes,yes,one_year,no,credit_card_(automatic),115.65,7968.85,1
5409,male,1,yes,no,1,yes,yes,fiber_optic,no,no,no,no,yes,yes,month_to_month,yes,electronic_check,95.1,95.1,1
5410,male,0,no,no,18,yes,yes,fiber_optic,no,no,no,no,yes,no,month_to_month,no,bank_transfer_(automatic),84.3,1537.9,0
5411,female,1,no,no,7,yes,no,fiber_optic,no,no,yes,no,yes,no,month_to_month,yes,electronic_check,84.35,609.65,0
5412,male,0,yes,yes,19,yes,no,no,no_internet_service,no_internet_service,no_internet_service,no_internet_service,no_internet_service,no_internet_service,two_year,no,mailed_check,20.2,387.4,0
5413,male,0,yes,yes,70,yes,yes,no,no_internet_service,no_internet_service,no_internet_service,no_internet_service,no_internet_service,no_internet_service,two_year,no,mailed_check,25.35,1715.15,0
5414,female,0,no,no,38,yes,no,no,no_internet_service,no_internet_service,no_internet_service,no_internet_service,no_internet_service,no_internet_service,two_year,no,mailed_check,20.3,743.05,0
5415,male,0,yes,yes,66,yes,no,dsl,yes,yes,yes,yes,yes,no,one_year,yes,electronic_check,75.1,5013.0,0
5416,male,0,no,no,27,yes,no,dsl,yes,yes,no,no,no,no,one_year,no,bank_transfer_(automatic),55.45,1477.65,0
5417,male,1,no,no,6,yes,no,fiber_optic,yes,no,no,no,yes,no,month_to_month,yes,bank_transfer_(automatic),85.15,503.6,1
5418,male,0,no,no,4,yes,no,fiber_optic,no,no,no,no,yes,yes,month_to_month,yes,electronic_check,88.45,370.65,1
5419,female,1,yes,no,66,yes,yes,dsl,no,yes,yes,no,yes,no,one_year,yes,bank_transfer_(automatic),70.85,4738.85,0
5420,female,0,no,no,2,yes,no,dsl,no,no,yes,yes,yes,yes,month_to_month,no,electronic_check,76.4,160.8,1
5421,male,1,no,no,1,yes,no,fiber_optic,no,no,no,no,no,no,month_to_month,yes,electronic_check,70.05,70.05,0
5422,male,0,no,no,66,yes,yes,dsl,yes,yes,yes,yes,no,no,two_year,no,bank_transfer_(automatic),68.75,4447.55,0
5423,male,0,no,yes,1,yes,no,dsl,no,no,yes,no,no,no,month_to_month,yes,electronic_check,49.85,49.85,0
5424,female,1,no,no,2,no,no_phone_service,dsl,no,no,no,no,no,no,month_to_month,no,electronic_check,24.35,41.85,1
5425,female,1,no,no,2,yes,no,dsl,yes,yes,no,no,no,no,month_to_month,no,mailed_check,54.85,104.2,1
5426,male,0,no,no,4,no,no_phone_service,dsl,no,no,yes,no,no,no,month_to_month,yes,electronic_check,29.65,118.5,1
5427,male,0,no,no,68,yes,yes,no,no_internet_service,no_internet_service,no_internet_service,no_internet_service,no_internet_service,no_internet_service,two_year,no,mailed_check,24.55,1657.4,0
5428,male,0,yes,yes,57,yes,no,fiber_optic,no,yes,yes,no,yes,yes,one_year,yes,credit_card_(automatic),97.55,5598.0,0
5429,female,0,yes,yes,6,yes,no,no,no_internet_service,no_internet_service,no_internet_service,no_internet_service,no_internet_service,no_internet_service,month_to_month,no,mailed_check,19.85,119.3,0
5430,female,0,yes,yes,35,yes,no,no,no_internet_service,no_internet_service,no_internet_service,no_internet_service,no_internet_service,no_internet_service,one_year,no,mailed_check,19.65,708.8,0
5431,male,0,yes,no,42,yes,yes,fiber_optic,yes,no,yes,no,no,yes,month_to_month,yes,electronic_check,94.4,4014.6,0
5432,female,0,no,no,64,yes,yes,no,no_internet_service,no_internet_service,no_internet_service,no_internet_service,no_internet_service,no_internet_service,one_year,no,mailed_check,24.7,1642.75,0
5433,female,1,no,no,15,yes,no,fiber_optic,no,yes,no,no,no,no,month_to_month,yes,credit_card_(automatic),75.3,1147.45,1
5434,male,0,no,no,34,no,no_phone_service,dsl,no,no,no,no,no,no,month_to_month,yes,bank_transfer_(automatic),25.05,852.7,0
5435,female,0,yes,yes,14,yes,yes,fiber_optic,no,yes,no,no,no,yes,month_to_month,yes,bank_transfer_(automatic),90.9,1259.0,1
5436,male,0,yes,yes,3,yes,no,dsl,no,no,yes,no,no,no,month_to_month,yes,electronic_check,50.15,168.15,1
5437,female,0,no,no,72,yes,yes,fiber_optic,yes,yes,yes,yes,yes,yes,two_year,yes,bank_transfer_(automatic),116.45,8013.55,0
5438,male,0,yes,yes,62,yes,yes,no,no_internet_service,no_internet_service,no_internet_service,no_internet_service,no_internet_service,no_internet_service,one_year,no,bank_transfer_(automatic),24.8,1476.25,0
5439,male,0,yes,yes,34,no,no_phone_service,dsl,yes,no,no,no,no,no,one_year,no,bank_transfer_(automatic),30.4,938.65,0
5440,female,0,no,yes,41,yes,yes,fiber_optic,no,yes,no,no,yes,no,month_to_month,yes,bank_transfer_(automatic),88.5,3645.05,0
5441,male,0,no,no,1,yes,no,fiber_optic,no,no,no,no,yes,no,month_to_month,yes,electronic_check,79.5,79.5,1
5442,male,1,yes,no,71,no,no_phone_service,dsl,no,yes,yes,no,yes,yes,month_to_month,yes,bank_transfer_(automatic),52.3,3765.05,0
5443,female,0,no,no,11,yes,no,dsl,yes,no,yes,no,no,yes,month_to_month,no,bank_transfer_(automatic),64.05,733.95,0
5444,male,1,yes,no,41,yes,no,fiber_optic,no,yes,no,no,yes,yes,month_to_month,yes,electronic_check,94.55,3851.45,0
5445,male,0,no,yes,11,yes,yes,fiber_optic,no,no,yes,no,no,no,month_to_month,yes,mailed_check,78.0,851.8,0
5446,female,0,yes,no,15,yes,yes,no,no_internet_service,no_internet_service,no_internet_service,no_internet_service,no_internet_service,no_internet_service,two_year,no,mailed_check,25.2,387.9,0
5447,male,0,no,no,72,yes,no,no,no_internet_service,no_internet_service,no_internet_service,no_internet_service,no_internet_service,no_internet_service,two_year,yes,credit_card_(automatic),19.8,1468.75,0
5448,male,0,no,no,39,yes,no,fiber_optic,no,no,yes,yes,no,no,one_year,no,electronic_check,81.9,3219.75,0
5449,male,0,yes,yes,8,yes,no,dsl,no,no,no,no,no,no,one_year,yes,mailed_check,43.45,345.5,0
5450,male,0,yes,yes,33,yes,no,dsl,yes,no,yes,no,yes,yes,one_year,no,credit_card_(automatic),74.75,2453.3,0
5451,male,0,no,yes,70,yes,yes,fiber_optic,yes,yes,yes,yes,yes,yes,two_year,yes,electronic_check,114.6,7882.5,0
5452,male,0,no,no,26,no,no_phone_service,dsl,yes,yes,no,no,no,yes,month_to_month,yes,bank_transfer_(automatic),44.65,1156.55,0
5453,female,1,no,no,35,yes,no,fiber_optic,no,no,no,no,no,no,month_to_month,no,electronic_check,70.55,2419.0,0
5454,male,0,yes,yes,9,no,no_phone_service,dsl,no,yes,no,no,no,no,month_to_month,yes,electronic_check,29.95,248.95,1
5455,male,0,yes,no,4,yes,yes,fiber_optic,no,no,no,no,no,no,month_to_month,yes,electronic_check,74.65,301.4,1
5456,female,0,yes,yes,26,yes,no,fiber_optic,no,no,no,no,yes,yes,month_to_month,yes,electronic_check,90.8,2361.8,1
5457,male,0,no,no,51,yes,yes,dsl,yes,yes,yes,yes,yes,no,one_year,yes,credit_card_(automatic),81.15,4126.2,0
5458,male,0,no,no,57,yes,no,no,no_internet_service,no_internet_service,no_internet_service,no_internet_service,no_internet_service,no_internet_service,two_year,no,mailed_check,20.75,1118.8,0
5459,male,0,no,no,17,yes,no,no,no_internet_service,no_internet_service,no_internet_service,no_internet_service,no_internet_service,no_internet_service,two_year,no,mailed_check,19.15,343.45,0
5460,male,0,yes,yes,72,yes,no,dsl,yes,no,yes,yes,yes,yes,two_year,yes,electronic_check,80.8,5728.55,0
5461,male,0,no,no,61,yes,yes,fiber_optic,yes,no,yes,yes,yes,yes,two_year,yes,credit_card_(automatic),111.6,6876.05,1
5462,male,1,no,no,1,no,no_phone_service,dsl,no,no,yes,no,no,yes,month_to_month,yes,electronic_check,39.65,39.65,1
5463,female,0,no,no,28,yes,yes,fiber_optic,no,yes,no,no,no,yes,month_to_month,yes,electronic_check,89.95,2625.55,1
5464,female,0,no,no,66,yes,yes,fiber_optic,no,no,yes,no,yes,no,one_year,yes,bank_transfer_(automatic),92.15,6056.9,0
5465,female,0,yes,no,72,yes,yes,fiber_optic,yes,no,no,no,no,no,two_year,no,bank_transfer_(automatic),80.45,5737.6,0
5466,male,0,yes,no,4,yes,no,fiber_optic,no,no,no,no,no,no,month_to_month,no,electronic_check,70.5,294.2,0
5467,female,1,no,no,2,yes,no,fiber_optic,no,no,no,no,no,no,month_to_month,yes,electronic_check,70.35,139.05,1
5468,female,0,yes,yes,14,yes,yes,fiber_optic,no,no,no,yes,yes,no,month_to_month,yes,electronic_check,91.65,1301.0,1
5469,female,0,yes,no,14,yes,no,no,no_internet_service,no_internet_service,no_internet_service,no_internet_service,no_internet_service,no_internet_service,two_year,no,mailed_check,20.4,292.4,0
5470,female,0,yes,yes,47,yes,no,no,no_internet_service,no_internet_service,no_internet_service,no_internet_service,no_internet_service,no_internet_service,two_year,no,credit_card_(automatic),20.25,873.4,0
5471,male,0,no,no,1,yes,no,fiber_optic,no,no,no,no,no,no,month_to_month,yes,electronic_check,70.05,70.05,1
5472,male,0,no,no,25,yes,no,dsl,yes,yes,no,yes,yes,yes,month_to_month,yes,mailed_check,79.0,1902.0,0
5473,male,0,no,no,2,yes,no,fiber_optic,no,yes,no,no,no,no,month_to_month,no,electronic_check,74.95,151.75,0
5474,male,0,no,no,3,no,no_phone_service,dsl,no,no,no,no,no,no,month_to_month,no,electronic_check,24.75,66.95,1
5475,male,0,yes,yes,72,yes,no,fiber_optic,yes,yes,yes,yes,yes,yes,two_year,no,bank_transfer_(automatic),111.95,8033.1,0
5476,female,0,yes,yes,4,yes,no,fiber_optic,no,no,no,no,yes,no,month_to_month,yes,mailed_check,78.9,299.75,0
5477,male,0,no,no,58,yes,yes,no,no_internet_service,no_internet_service,no_internet_service,no_internet_service,no_internet_service,no_internet_service,two_year,yes,credit_card_(automatic),24.45,1513.6,0
5478,male,0,no,no,2,yes,no,dsl,no,no,no,yes,no,no,month_to_month,yes,credit_card_(automatic),50.2,109.25,0
5479,female,0,yes,no,2,yes,no,no,no_internet_service,no_internet_service,no_internet_service,no_internet_service,no_internet_service,no_internet_service,month_to_month,no,bank_transfer_(automatic),19.85,52.0,0
5480,male,0,no,yes,1,no,no_phone_service,dsl,no,no,no,no,no,no,month_to_month,no,mailed_check,24.2,24.2,0
5481,male,0,no,yes,12,yes,no,dsl,yes,no,no,no,yes,yes,month_to_month,yes,mailed_check,69.85,837.5,0
5482,female,0,yes,yes,25,yes,no,no,no_internet_service,no_internet_service,no_internet_service,no_internet_service,no_internet_service,no_internet_service,two_year,yes,mailed_check,18.7,383.65,0
5483,male,0,yes,yes,63,yes,yes,fiber_optic,no,yes,yes,no,yes,yes,two_year,yes,bank_transfer_(automatic),104.8,6597.25,0
5484,male,0,no,yes,51,yes,no,dsl,no,no,no,yes,no,no,one_year,no,credit_card_(automatic),47.85,2356.75,0
5485,female,0,no,no,2,yes,no,no,no_internet_service,no_internet_service,no_internet_service,no_internet_service,no_internet_service,no_internet_service,month_to_month,yes,mailed_check,20.45,42.45,0
5486,female,0,no,no,29,yes,no,no,no_internet_service,no_internet_service,no_internet_service,no_internet_service,no_internet_service,no_internet_service,one_year,no,mailed_check,20.0,599.3,0
5487,male,0,yes,no,67,yes,yes,no,no_internet_service,no_internet_service,no_internet_service,no_internet_service,no_internet_service,no_internet_service,two_year,no,credit_card_(automatic),24.85,1583.5,0
5488,female,0,yes,yes,70,yes,yes,fiber_optic,yes,yes,yes,no,yes,yes,one_year,yes,credit_card_(automatic),108.15,7930.55,0
5489,male,0,yes,yes,50,yes,yes,fiber_optic,no,yes,yes,no,yes,yes,month_to_month,yes,bank_transfer_(automatic),103.85,5017.9,1
5490,male,0,no,no,4,yes,yes,fiber_optic,no,no,no,no,no,no,month_to_month,yes,electronic_check,74.35,265.35,1
5491,male,0,yes,no,35,yes,no,dsl,yes,yes,yes,no,no,no,month_to_month,no,mailed_check,61.0,2130.45,0
5492,female,0,no,no,8,yes,yes,fiber_optic,no,no,no,no,yes,no,month_to_month,yes,electronic_check,87.05,762.1,1
5493,female,0,yes,no,71,yes,yes,no,no_internet_service,no_internet_service,no_internet_service,no_internet_service,no_internet_service,no_internet_service,two_year,yes,credit_card_(automatic),24.25,1732.95,0
5494,male,0,yes,yes,71,yes,yes,dsl,yes,yes,no,yes,no,no,one_year,yes,credit_card_(automatic),66.85,4748.7,0
5495,female,0,no,no,9,yes,no,fiber_optic,yes,no,no,no,no,no,month_to_month,yes,electronic_check,74.85,708.2,0
5496,male,1,yes,no,25,yes,yes,fiber_optic,yes,no,no,no,no,yes,one_year,yes,electronic_check,89.05,2177.45,1
5497,male,0,no,no,46,yes,no,no,no_internet_service,no_internet_service,no_internet_service,no_internet_service,no_internet_service,no_internet_service,two_year,no,bank_transfer_(automatic),20.05,902.0,0
5498,female,0,yes,no,71,yes,no,no,no_internet_service,no_internet_service,no_internet_service,no_internet_service,no_internet_service,no_internet_service,two_year,yes,bank_transfer_(automatic),20.9,1493.2,0
5499,female,0,no,no,17,yes,no,no,no_internet_service,no_internet_service,no_internet_service,no_internet_service,no_internet_service,no_internet_service,month_to_month,no,credit_card_(automatic),19.7,340.35,0
5500,female,0,yes,yes,34,yes,no,no,no_internet_service,no_internet_service,no_internet_service,no_internet_service,no_internet_service,no_internet_service,month_to_month,no,mailed_check,20.65,716.4,0
5501,male,0,yes,no,72,yes,yes,fiber_optic,no,yes,yes,no,yes,yes,two_year,yes,bank_transfer_(automatic),103.75,7346.2,0
5502,female,0,yes,yes,17,yes,no,fiber_optic,no,no,yes,yes,yes,yes,one_year,no,bank_transfer_(automatic),98.6,1704.95,1
5503,male,0,yes,yes,44,yes,no,no,no_internet_service,no_internet_service,no_internet_service,no_internet_service,no_internet_service,no_internet_service,one_year,no,bank_transfer_(automatic),20.0,860.85,0
5504,female,0,no,no,2,yes,no,fiber_optic,no,no,no,no,no,no,month_to_month,no,bank_transfer_(automatic),69.75,144.55,1
5505,male,0,no,yes,3,yes,no,dsl,no,no,no,yes,yes,yes,month_to_month,no,mailed_check,70.7,225.65,0
5506,male,0,no,no,13,yes,no,fiber_optic,no,no,no,no,no,no,month_to_month,yes,electronic_check,70.15,931.75,0
5507,female,0,yes,yes,1,yes,no,no,no_internet_service,no_internet_service,no_internet_service,no_internet_service,no_internet_service,no_internet_service,month_to_month,no,mailed_check,20.05,20.05,0
5508,male,0,no,no,67,no,no_phone_service,dsl,yes,no,no,yes,yes,no,two_year,no,electronic_check,43.9,3097.2,0
5509,female,0,yes,no,71,no,no_phone_service,dsl,no,yes,yes,yes,yes,yes,two_year,no,bank_transfer_(automatic),58.25,4145.9,0
5510,female,0,no,no,5,yes,yes,fiber_optic,no,no,no,no,no,no,month_to_month,no,electronic_check,75.55,413.65,1
5511,male,0,no,no,56,yes,yes,dsl,yes,yes,no,yes,no,no,one_year,yes,bank_transfer_(automatic),64.65,3665.55,0
5512,male,1,yes,no,69,no,no_phone_service,dsl,yes,yes,no,no,yes,yes,two_year,no,credit_card_(automatic),56.55,3952.65,0
5513,male,0,no,no,1,yes,no,fiber_optic,no,no,no,yes,no,no,month_to_month,yes,electronic_check,75.9,75.9,1
5514,male,0,yes,no,36,yes,no,fiber_optic,yes,no,no,no,yes,yes,month_to_month,yes,electronic_check,93.6,3366.05,0
5515,male,0,yes,yes,72,yes,no,no,no_internet_service,no_internet_service,no_internet_service,no_internet_service,no_internet_service,no_internet_service,two_year,no,electronic_check,20.55,1432.55,0
5516,female,0,no,yes,2,yes,no,dsl,yes,no,no,no,no,yes,month_to_month,yes,credit_card_(automatic),61.2,125.95,0
5517,female,0,no,no,36,no,no_phone_service,dsl,yes,yes,yes,yes,no,yes,two_year,yes,mailed_check,53.1,1901.25,0
5518,female,0,yes,no,24,yes,no,dsl,no,yes,no,no,yes,yes,month_to_month,yes,bank_transfer_(automatic),69.45,1614.05,0
5519,male,0,yes,yes,56,no,no_phone_service,dsl,yes,yes,no,yes,yes,no,one_year,yes,mailed_check,52.0,2884.9,0
5520,female,0,no,no,56,yes,no,dsl,yes,no,yes,yes,no,no,one_year,yes,credit_card_(automatic),60.25,3282.75,0
5521,male,0,no,no,1,yes,no,dsl,no,no,no,no,no,no,month_to_month,yes,bank_transfer_(automatic),43.85,43.85,0
5522,female,0,yes,no,43,yes,yes,dsl,yes,yes,no,yes,yes,yes,two_year,no,credit_card_(automatic),86.45,3574.5,0
5523,female,1,yes,no,1,yes,no,dsl,no,no,no,no,no,no,month_to_month,no,electronic_check,46.0,46.0,1
5524,female,0,yes,no,67,yes,yes,dsl,yes,yes,yes,no,no,no,two_year,no,mailed_check,65.65,4322.85,0
5525,female,0,yes,yes,10,yes,no,no,no_internet_service,no_internet_service,no_internet_service,no_internet_service,no_internet_service,no_internet_service,month_to_month,yes,bank_transfer_(automatic),19.8,196.75,0
5526,female,0,yes,yes,33,yes,yes,dsl,no,no,yes,yes,yes,yes,one_year,yes,electronic_check,79.15,2531.4,0
5527,female,0,yes,yes,17,yes,yes,fiber_optic,no,no,yes,no,yes,no,month_to_month,no,electronic_check,88.25,1460.65,1
5528,female,0,no,no,12,yes,yes,fiber_optic,no,yes,no,no,no,yes,month_to_month,yes,electronic_check,89.15,1057.55,0
5529,male,0,no,no,24,yes,yes,fiber_optic,no,yes,no,no,yes,no,month_to_month,yes,credit_card_(automatic),90.55,2282.55,1
5530,female,1,no,no,40,yes,no,fiber_optic,yes,yes,no,no,no,no,month_to_month,yes,credit_card_(automatic),79.2,3233.85,1
5531,male,0,yes,yes,72,yes,yes,dsl,yes,yes,yes,yes,yes,no,two_year,no,bank_transfer_(automatic),82.3,5815.15,0
5532,female,1,yes,no,65,yes,no,fiber_optic,yes,yes,yes,no,no,yes,month_to_month,no,electronic_check,94.4,6126.15,0
5533,female,0,no,no,44,yes,yes,dsl,no,no,no,no,no,no,month_to_month,yes,mailed_check,50.15,2139.1,0
5534,male,0,yes,no,9,no,no_phone_service,dsl,no,no,no,no,no,no,one_year,no,bank_transfer_(automatic),24.1,259.8,1
5535,female,0,no,yes,35,yes,yes,dsl,no,no,no,no,no,no,month_to_month,no,mailed_check,50.15,1655.35,0
5536,male,0,no,no,5,yes,no,no,no_internet_service,no_internet_service,no_internet_service,no_internet_service,no_internet_service,no_internet_service,month_to_month,no,bank_transfer_(automatic),20.65,93.55,0
5537,male,0,no,no,7,yes,no,no,no_internet_service,no_internet_service,no_internet_service,no_internet_service,no_internet_service,no_internet_service,month_to_month,yes,mailed_check,19.95,147.5,0
5538,male,1,no,no,24,yes,no,fiber_optic,no,no,no,no,no,no,month_to_month,no,credit_card_(automatic),70.0,1732.6,0
5539,female,0,no,no,19,no,no_phone_service,dsl,no,yes,no,no,no,yes,month_to_month,yes,electronic_check,39.7,710.05,0
5540,male,0,no,no,35,yes,yes,dsl,yes,no,yes,no,no,no,month_to_month,yes,electronic_check,59.6,2094.9,0
5541,male,0,no,yes,1,yes,no,fiber_optic,no,no,no,no,no,no,month_to_month,yes,mailed_check,70.45,70.45,1
5542,female,0,yes,yes,14,yes,no,fiber_optic,no,no,no,no,no,yes,month_to_month,yes,bank_transfer_(automatic),80.9,1152.8,0
5543,female,0,no,no,11,yes,no,dsl,yes,no,no,yes,no,no,one_year,yes,mailed_check,54.6,617.85,0
5544,female,0,yes,yes,30,yes,yes,no,no_internet_service,no_internet_service,no_internet_service,no_internet_service,no_internet_service,no_internet_service,two_year,yes,mailed_check,25.1,789.55,0
5545,female,0,no,no,36,yes,no,dsl,yes,yes,yes,yes,no,yes,one_year,yes,mailed_check,75.55,2680.15,0
5546,female,0,yes,yes,45,yes,yes,no,no_internet_service,no_internet_service,no_internet_service,no_internet_service,no_internet_service,no_internet_service,two_year,yes,bank_transfer_(automatic),24.65,1138.8,0
5547,male,0,yes,no,37,yes,yes,dsl,yes,no,no,no,no,no,month_to_month,yes,mailed_check,55.05,2030.75,0
5548,female,1,no,no,14,yes,yes,fiber_optic,no,yes,no,no,no,no,month_to_month,yes,electronic_check,78.95,1101.85,1
5549,female,0,no,no,1,yes,no,no,no_internet_service,no_internet_service,no_internet_service,no_internet_service,no_internet_service,no_internet_service,month_to_month,no,mailed_check,19.65,19.65,1
5550,female,1,no,no,42,yes,yes,fiber_optic,no,no,no,no,yes,no,month_to_month,yes,electronic_check,84.65,3541.35,1
5551,female,0,yes,no,34,yes,yes,fiber_optic,no,no,no,no,yes,yes,month_to_month,yes,electronic_check,97.65,3207.55,1
5552,male,0,no,no,1,yes,no,no,no_internet_service,no_internet_service,no_internet_service,no_internet_service,no_internet_service,no_internet_service,month_to_month,no,mailed_check,20.2,20.2,0
5553,male,0,yes,yes,7,yes,no,fiber_optic,no,no,no,no,no,no,month_to_month,yes,bank_transfer_(automatic),69.95,529.5,1
5554,female,0,yes,no,46,yes,yes,fiber_optic,no,yes,no,yes,yes,yes,one_year,yes,electronic_check,103.15,4594.65,0
5555,male,0,no,no,57,no,no_phone_service,dsl,no,yes,no,no,yes,no,month_to_month,yes,electronic_check,39.3,2111.45,1
5556,female,0,no,no,11,yes,no,dsl,no,no,no,yes,yes,yes,month_to_month,no,mailed_check,70.5,829.3,0
5557,male,1,no,no,2,yes,no,fiber_optic,no,yes,yes,yes,no,yes,month_to_month,yes,credit_card_(automatic),95.1,180.25,1
5558,female,0,yes,yes,69,yes,yes,fiber_optic,yes,yes,yes,yes,yes,yes,two_year,no,credit_card_(automatic),113.25,7895.15,0
5559,male,0,yes,no,31,yes,yes,fiber_optic,no,yes,yes,no,yes,no,month_to_month,no,electronic_check,93.8,3019.5,1
5560,male,0,yes,no,51,yes,yes,dsl,no,no,no,yes,yes,yes,two_year,yes,bank_transfer_(automatic),75.2,3901.25,0
5561,male,0,yes,no,71,yes,yes,no,no_internet_service,no_internet_service,no_internet_service,no_internet_service,no_internet_service,no_internet_service,two_year,no,bank_transfer_(automatic),24.45,1730.65,0
5562,female,1,no,no,4,yes,no,no,no_internet_service,no_internet_service,no_internet_service,no_internet_service,no_internet_service,no_internet_service,month_to_month,no,mailed_check,20.05,91.45,0
5563,male,0,yes,no,59,no,no_phone_service,dsl,no,yes,no,no,no,yes,month_to_month,yes,bank_transfer_(automatic),41.05,2452.7,1
5564,male,0,no,no,10,yes,no,dsl,no,no,no,no,no,no,month_to_month,yes,electronic_check,45.55,402.6,1
5565,female,1,no,no,1,yes,no,no,no_internet_service,no_internet_service,no_internet_service,no_internet_service,no_internet_service,no_internet_service,month_to_month,yes,electronic_check,19.45,19.45,1
5566,male,0,no,no,27,yes,yes,dsl,no,no,yes,yes,no,no,month_to_month,no,electronic_check,59.45,1611.65,0
5567,female,1,no,no,5,no,no_phone_service,dsl,no,yes,no,no,no,no,month_to_month,no,electronic_check,28.45,131.05,1
5568,female,0,no,no,11,yes,no,fiber_optic,no,yes,yes,yes,no,yes,month_to_month,yes,electronic_check,94.2,999.9,0
5569,male,0,yes,no,3,yes,yes,fiber_optic,no,no,no,yes,no,no,month_to_month,yes,bank_transfer_(automatic),79.65,251.75,1
5570,male,0,yes,no,23,yes,no,no,no_internet_service,no_internet_service,no_internet_service,no_internet_service,no_internet_service,no_internet_service,one_year,no,credit_card_(automatic),19.3,486.2,0
5571,female,1,yes,no,60,yes,yes,fiber_optic,no,no,yes,no,yes,yes,one_year,yes,credit_card_(automatic),100.5,6029.0,0
5572,female,0,yes,yes,51,yes,no,dsl,yes,yes,no,yes,no,yes,one_year,yes,credit_card_(automatic),69.75,3562.5,0
5573,male,0,no,no,4,yes,yes,dsl,no,no,no,no,no,no,month_to_month,no,credit_card_(automatic),51.75,201.1,1
5574,male,0,yes,yes,5,yes,yes,dsl,no,no,no,yes,no,no,month_to_month,yes,mailed_check,55.7,259.4,0
5575,male,0,no,no,10,yes,yes,fiber_optic,no,no,no,no,yes,no,month_to_month,yes,bank_transfer_(automatic),86.05,834.1,1
5576,male,0,no,no,1,yes,no,no,no_internet_service,no_internet_service,no_internet_service,no_internet_service,no_internet_service,no_internet_service,month_to_month,yes,mailed_check,20.1,20.1,1
5577,female,0,yes,no,72,yes,yes,fiber_optic,yes,yes,yes,yes,yes,yes,two_year,yes,bank_transfer_(automatic),115.5,8312.75,0
5578,female,0,no,no,1,yes,no,fiber_optic,no,no,no,no,no,no,month_to_month,yes,electronic_check,69.6,69.6,1
5579,female,0,yes,yes,72,no,no_phone_service,dsl,yes,yes,yes,yes,yes,yes,two_year,yes,credit_card_(automatic),65.2,4784.45,0
5580,female,0,no,no,11,yes,no,dsl,no,yes,no,no,no,no,month_to_month,no,electronic_check,51.1,531.15,0
5581,male,0,no,no,65,yes,yes,dsl,no,yes,yes,yes,no,yes,two_year,yes,credit_card_(automatic),74.2,4805.65,0
5582,female,0,no,no,1,yes,no,fiber_optic,no,no,no,no,no,no,month_to_month,yes,electronic_check,70.6,70.6,1
5583,female,0,no,no,2,yes,yes,fiber_optic,no,no,no,no,no,no,month_to_month,yes,mailed_check,74.9,136.05,0
5584,male,0,no,no,27,yes,no,dsl,yes,no,yes,yes,yes,no,one_year,no,credit_card_(automatic),69.35,1927.3,0
5585,female,0,no,yes,41,yes,no,dsl,no,no,no,no,no,no,month_to_month,no,bank_transfer_(automatic),45.2,1841.9,0
5586,female,0,yes,yes,65,yes,yes,dsl,yes,yes,yes,yes,yes,yes,two_year,no,bank_transfer_(automatic),91.55,5963.95,0
5587,female,0,no,no,8,yes,no,no,no_internet_service,no_internet_service,no_internet_service,no_internet_service,no_internet_service,no_internet_service,two_year,no,mailed_check,20.0,141.6,0
5588,male,0,no,no,21,yes,yes,fiber_optic,no,no,no,no,no,no,month_to_month,yes,electronic_check,73.7,1558.7,0
5589,female,0,no,no,11,yes,no,dsl,no,no,no,no,yes,yes,month_to_month,yes,electronic_check,64.9,716.1,0
5590,male,0,no,no,33,yes,no,dsl,no,yes,yes,no,yes,no,month_to_month,yes,credit_card_(automatic),66.4,2245.4,0
5591,female,0,yes,no,71,yes,no,dsl,yes,no,yes,yes,yes,yes,two_year,no,bank_transfer_(automatic),81.85,5924.4,0
5592,female,0,no,no,58,yes,no,dsl,yes,yes,yes,yes,no,no,two_year,yes,credit_card_(automatic),64.9,3795.45,0
5593,male,0,no,no,1,yes,no,no,no_internet_service,no_internet_service,no_internet_service,no_internet_service,no_internet_service,no_internet_service,month_to_month,no,mailed_check,19.7,19.7,1
5594,male,0,yes,no,32,yes,yes,fiber_optic,no,yes,no,no,yes,yes,month_to_month,yes,credit_card_(automatic),98.85,3145.9,0
5595,male,0,no,yes,16,yes,yes,dsl,yes,yes,no,no,no,yes,month_to_month,yes,electronic_check,69.1,1083.7,0
5596,male,0,yes,yes,6,yes,no,no,no_internet_service,no_internet_service,no_internet_service,no_internet_service,no_internet_service,no_internet_service,one_year,no,mailed_check,19.45,113.5,0
5597,male,0,no,no,14,yes,no,no,no_internet_service,no_internet_service,no_internet_service,no_internet_service,no_internet_service,no_internet_service,month_to_month,no,credit_card_(automatic),19.6,300.4,0
5598,male,1,no,no,20,yes,yes,fiber_optic,no,no,yes,no,yes,yes,month_to_month,yes,electronic_check,98.55,1842.8,1
5599,female,0,no,yes,67,yes,yes,fiber_optic,no,yes,no,yes,yes,yes,one_year,yes,bank_transfer_(automatic),106.6,7244.7,0
5600,female,0,yes,no,65,yes,yes,fiber_optic,yes,yes,no,yes,yes,no,one_year,yes,bank_transfer_(automatic),100.15,6643.5,0
5601,male,0,yes,yes,59,yes,yes,fiber_optic,no,no,yes,no,yes,yes,two_year,yes,credit_card_(automatic),99.5,5861.75,0
5602,female,0,yes,no,63,yes,no,fiber_optic,no,yes,no,no,yes,yes,one_year,yes,electronic_check,96.0,6109.75,0
5603,female,0,yes,yes,69,yes,no,dsl,no,yes,yes,yes,no,no,one_year,no,bank_transfer_(automatic),59.1,4134.7,0
5604,female,0,no,no,21,yes,no,fiber_optic,no,yes,no,yes,yes,yes,month_to_month,yes,bank_transfer_(automatic),99.15,1956.4,0
5605,male,1,yes,no,1,no,no_phone_service,dsl,no,yes,no,no,yes,no,month_to_month,no,electronic_check,40.2,40.2,1
5606,male,1,yes,no,36,yes,yes,fiber_optic,no,no,no,no,no,yes,month_to_month,yes,credit_card_(automatic),85.25,3132.75,1
5607,male,0,yes,no,59,yes,yes,fiber_optic,yes,yes,yes,yes,yes,yes,two_year,no,electronic_check,113.75,6561.25,0
5608,male,0,no,no,29,yes,no,fiber_optic,no,no,no,yes,yes,yes,month_to_month,yes,electronic_check,94.2,2607.6,0
5609,male,0,no,no,36,yes,yes,fiber_optic,no,no,no,no,no,yes,month_to_month,yes,electronic_check,84.75,3050.15,1
5610,male,0,no,yes,34,yes,yes,fiber_optic,yes,yes,no,no,yes,yes,one_year,yes,electronic_check,103.8,3470.8,0
5611,female,0,no,no,3,yes,no,fiber_optic,no,no,no,no,no,no,month_to_month,yes,electronic_check,70.15,194.2,0
5612,male,0,yes,yes,1,yes,no,no,no_internet_service,no_internet_service,no_internet_service,no_internet_service,no_internet_service,no_internet_service,month_to_month,no,mailed_check,19.7,19.7,0
5613,female,0,yes,yes,72,no,no_phone_service,dsl,no,yes,no,yes,yes,yes,two_year,no,credit_card_(automatic),53.65,3784.0,0
5614,male,1,yes,no,32,yes,yes,fiber_optic,no,no,yes,yes,yes,yes,month_to_month,yes,electronic_check,104.9,3351.55,1
5615,female,0,no,no,1,yes,no,fiber_optic,no,no,no,no,no,no,month_to_month,yes,mailed_check,69.95,69.95,1
5616,male,1,yes,no,71,yes,yes,no,no_internet_service,no_internet_service,no_internet_service,no_internet_service,no_internet_service,no_internet_service,two_year,no,bank_transfer_(automatic),23.95,1756.2,0
5617,male,0,no,no,2,no,no_phone_service,dsl,no,yes,yes,yes,no,no,month_to_month,yes,credit_card_(automatic),40.4,77.15,1
5618,female,1,yes,yes,1,yes,no,fiber_optic,no,no,no,no,no,no,month_to_month,yes,electronic_check,69.25,69.25,1
5619,female,0,no,no,12,yes,no,no,no_internet_service,no_internet_service,no_internet_service,no_internet_service,no_internet_service,no_internet_service,one_year,no,mailed_check,19.7,260.9,0
5620,male,0,no,no,19,yes,no,dsl,no,yes,no,yes,no,yes,one_year,yes,bank_transfer_(automatic),65.35,1231.85,0
5621,female,0,yes,yes,70,yes,yes,fiber_optic,no,yes,yes,no,yes,yes,one_year,yes,electronic_check,106.5,7397.0,0
5622,female,0,no,no,11,yes,yes,fiber_optic,no,no,no,no,no,no,month_to_month,yes,electronic_check,76.5,837.95,1
5623,male,0,no,no,2,yes,yes,dsl,no,yes,no,no,no,no,month_to_month,yes,mailed_check,54.4,114.1,1
5624,male,1,no,no,1,yes,no,fiber_optic,no,no,no,no,no,no,month_to_month,yes,electronic_check,69.65,69.65,1
